{
  "label": "qwen3-embedding-8b-4bit-dwq",
  "lens": [
    10,
    15,
    13,
    8,
    3,
    8,
    10,
    8,
    10,
    10
  ],
  "warmup": 5,
  "trials": 15,
  "mlx_lm_batched_tok_s": 1471.3256049948363,
  "ax_py_batched_tok_s": 1442.717480164919,
  "mlx_lm_trials_ms": [
    64.56762505695224,
    64.52100002206862,
    64.3539170268923,
    64.63254103437066,
    64.64174995198846,
    65.11312513612211,
    65.33579202368855,
    65.0692090857774,
    64.53341711312532,
    64.60279203020036,
    64.44562505930662,
    64.49108384549618,
    64.5230000372976,
    64.5877921488136,
    64.3174999859184
  ],
  "ax_py_trials_ms": [
    66.4460000116378,
    65.47395908273757,
    65.86999981664121,
    65.67491684108973,
    66.12699991092086,
    65.87683409452438,
    65.84795797243714,
    65.92270801775157,
    65.76425000093877,
    65.60199987143278,
    65.69870794191957,
    65.84841711446643,
    65.79099991358817,
    65.53933396935463,
    65.85233309306204
  ]
}
