{
  "label": "qwen3-embedding-4b-4bit",
  "concurrent": {
    "name": "concurrent_10_single",
    "trials_ms": [
      48.839082941412926,
      57.6144999358803,
      60.329249827191234,
      59.23074996098876,
      58.31066588871181,
      75.12941607274115,
      58.52504190988839,
      57.72475013509393,
      60.45858305878937,
      60.56795921176672
    ],
    "median_ms": 58.87789593543857,
    "ms_per_sentence": 5.887789593543857,
    "tok_s": 1613.5087453561591
  },
  "batched": {
    "name": "single_batched",
    "trials_ms": [
      51.76075012423098,
      63.98983299732208,
      52.730082999914885,
      53.25879203155637,
      51.593958865851164,
      52.99004213884473,
      52.18395800329745,
      53.437958005815744,
      52.38725012168288,
      53.018624894320965
    ],
    "median_ms": 52.86006256937981,
    "ms_per_sentence": 5.286006256937981,
    "tok_s": 1797.1980240339433
  }
}
