{
  "label": "qwen3-embedding-0.6b-8bit",
  "concurrent": {
    "name": "concurrent_10_single",
    "trials_ms": [
      30.44533310458064,
      30.514457961544394,
      32.077791867777705,
      32.14649995788932,
      31.827040947973728,
      28.636167058721185,
      30.171666061505675,
      29.911458026617765,
      31.05458291247487,
      29.910207958891988
    ],
    "median_ms": 30.479895533062518,
    "ms_per_sentence": 3.0479895533062518,
    "tok_s": 3116.808582790268
  },
  "batched": {
    "name": "single_batched",
    "trials_ms": [
      22.259166929870844,
      23.916250094771385,
      23.993417154997587,
      23.038333980366588,
      23.71962508186698,
      22.855875082314014,
      23.406124906614423,
      23.926207795739174,
      24.043249897658825,
      24.45691591128707
    ],
    "median_ms": 23.817937588319182,
    "ms_per_sentence": 2.3817937588319182,
    "tok_s": 3988.590517030744
  }
}
