{
  "label": "qwen3-embedding-8b-4bit-dwq",
  "concurrent": {
    "name": "concurrent_10_single",
    "trials_ms": [
      84.42012500017881,
      86.37554198503494,
      84.57870804704726,
      85.0204590242356,
      87.16370793990791,
      85.41537495329976,
      87.69370918162167,
      86.12366719171405,
      86.32270782254636,
      92.96141704544425
    ],
    "median_ms": 86.2231875071302,
    "ms_per_sentence": 8.62231875071302,
    "tok_s": 1101.7917888055808
  },
  "batched": {
    "name": "single_batched",
    "trials_ms": [
      80.96883306279778,
      82.58033310994506,
      72.32454209588468,
      81.79729199036956,
      82.6638750731945,
      72.61300017125905,
      79.10745800472796,
      81.23750006780028,
      79.77033290080726,
      94.1225839778781
    ],
    "median_ms": 81.10316656529903,
    "ms_per_sentence": 8.110316656529903,
    "tok_s": 1171.3476060581695
  }
}
