{
  "contract": {
    "ax_engine_modes": {
      "ax_engine": "pure_mtp",
      "ax_engine_ngram": "mtp_ngram_stacked"
    },
    "ax_pure_mtp": true,
    "cooldown_s": 30.0,
    "depth_policy": "fair-shared",
    "engines": [
      "mtplx",
      "ax_engine",
      "ax_engine_ngram"
    ],
    "fairness_rules": [
      "standard Qwen source MTP shards plus mlx-community 4-bit base only",
      "Youssofal MTPLX bundles are excluded",
      "same prompt suite, max token cap, sampler, warmup, repetitions, and cooldown"
    ],
    "max_tokens": 1000,
    "mode": "sampled",
    "models": [
      "27b-4bit",
      "35b-a3b-4bit"
    ],
    "repetitions": 5,
    "sampling": {
      "temperature": 0.6,
      "top_k": 20,
      "top_p": 0.95
    },
    "suites": [
      "flappy",
      "long_code",
      "python_modules_long"
    ],
    "warmup_repetitions": 1
  },
  "created_at": "2026-06-03",
  "rows": [
    {
      "depth": 3,
      "engines": {
        "ax_engine": {
          "case_count": 4,
          "prefill_note": "measured",
          "prefill_tok_s": 683.3181987045543,
          "prefill_tok_s_samples": [
            628.2968322792676,
            738.339565129841,
            755.1906244482476,
            613.5069124102688
          ],
          "status": "ok",
          "ttft_ms": 470.525,
          "ttft_ms_samples": [
            434.508,
            506.54200000000003,
            572.041,
            430.313
          ]
        },
        "ax_engine_ngram": {
          "case_count": 4,
          "prefill_note": "measured",
          "prefill_tok_s": 685.2028797284636,
          "prefill_tok_s_samples": [
            631.1379903456694,
            739.2677691112578,
            757.8867590867465,
            614.3249406617955
          ],
          "status": "ok",
          "ttft_ms": 469.2289999999999,
          "ttft_ms_samples": [
            432.55199999999996,
            505.90599999999995,
            570.006,
            429.74
          ]
        },
        "mtplx": {
          "case_count": 4,
          "prefill_note": "measured",
          "prefill_tok_s": 670.1716385378415,
          "prefill_tok_s_samples": [
            602.7745287437704,
            641.2254541204646,
            612.9806507197524,
            608.9084090126836,
            627.6674919834453,
            713.2979940789749,
            743.9250878228792,
            730.877428946538,
            704.4774414522038,
            745.133285953391,
            770.6733239672669,
            734.2281695979909,
            726.6196051191307,
            725.6608597541143,
            727.3626263559306,
            609.9671868846534,
            630.9040204329945,
            608.6627805572793,
            602.1472598781692,
            598.5102997084413
          ],
          "status": "ok",
          "ttft_ms": 478.53925050003454,
          "ttft_ms_samples": [
            452.90566701442003,
            425.747290981235,
            445.364791987231,
            448.3432909764815,
            434.9436660122592,
            524.3250410130713,
            502.73879201267846,
            511.7137090128381,
            530.8899589872453,
            501.9236250082031,
            560.5487909924705,
            588.3729580091313,
            594.5339169993531,
            595.3194170433562,
            593.9265839988366,
            432.8101669671014,
            418.4471670014318,
            433.7377090123482,
            438.43095799093135,
            441.09516599564813
          ]
        }
      },
      "model": "27b-4bit",
      "model_label": "Qwen3.6 27B 4-bit",
      "suite": "flappy"
    },
    {
      "depth": 3,
      "engines": {
        "ax_engine": {
          "case_count": 4,
          "prefill_note": "measured",
          "prefill_tok_s": 789.8339915284018,
          "prefill_tok_s_samples": [
            792.095306313472,
            818.6364706391033,
            787.5726767433318,
            715.3382153976947
          ],
          "status": "ok",
          "ttft_ms": 908.4135000000001,
          "ttft_ms_samples": [
            910.244,
            1040.755,
            906.5830000000001,
            630.471
          ]
        },
        "ax_engine_ngram": {
          "case_count": 4,
          "prefill_note": "measured",
          "prefill_tok_s": 789.4836334835522,
          "prefill_tok_s_samples": [
            791.5439828385361,
            817.8004048687919,
            787.4232841285684,
            713.7013246992881
          ],
          "status": "ok",
          "ttft_ms": 908.8164999999999,
          "ttft_ms_samples": [
            910.8779999999999,
            1041.819,
            906.755,
            631.9169999999999
          ]
        },
        "mtplx": {
          "case_count": 4,
          "prefill_note": "measured",
          "prefill_tok_s": 785.2186802844976,
          "prefill_tok_s_samples": [
            786.3427571074683,
            782.3226546592483,
            788.088423625634,
            817.890436945064,
            789.806240553143,
            834.6137781513195,
            812.8072465814631,
            815.3877971534148,
            813.5698096943198,
            810.2682480278339,
            774.3768748120659,
            782.3489369433611,
            780.9443736483965,
            783.3424531038294,
            788.55911956055,
            738.371771028804,
            716.9558467995216,
            713.6161571909382,
            709.6997064800399,
            709.5398098975427
          ],
          "status": "ok",
          "ttft_ms": 913.7541045056423,
          "ttft_ms_samples": [
            916.902958007995,
            921.6146249964368,
            914.871959015727,
            881.5361660090275,
            912.8821259946562,
            1020.8314579795115,
            1048.219000978861,
            1044.9015829944983,
            1047.2364999877755,
            1051.5036249707919,
            922.0316660066601,
            912.6362499955576,
            914.2776670050807,
            911.478750029346,
            905.4489159898367,
            610.8034159697127,
            629.04850000632,
            631.9924170093145,
            635.4800430126488,
            635.6232500402257
          ]
        }
      },
      "model": "27b-4bit",
      "model_label": "Qwen3.6 27B 4-bit",
      "suite": "long_code"
    },
    {
      "depth": 3,
      "engines": {
        "ax_engine": {
          "case_count": 3,
          "prefill_note": "measured",
          "prefill_tok_s": 691.7857361687325,
          "prefill_tok_s_samples": [
            649.0681885987187,
            692.6934692859716,
            691.7857361687325
          ],
          "status": "ok",
          "ttft_ms": 505.274,
          "ttft_ms_samples": [
            439.091,
            505.274,
            505.93699999999995
          ]
        },
        "ax_engine_ngram": {
          "case_count": 3,
          "prefill_note": "measured",
          "prefill_tok_s": 692.9705071752147,
          "prefill_tok_s_samples": [
            649.1642863976165,
            692.9814835347601,
            692.9705071752147
          ],
          "status": "ok",
          "ttft_ms": 505.06399999999996,
          "ttft_ms_samples": [
            439.026,
            505.06399999999996,
            505.07199999999995
          ]
        },
        "mtplx": {
          "case_count": 3,
          "prefill_note": "measured",
          "prefill_tok_s": 670.3800395817252,