{
  "schema_version": "ax.embedding_fair.v1",
  "timestamp": "2026-06-28T22:10:21.699067",
  "output_contract": "contiguous_cpu_f32_batch_hidden",
  "warmup": 2,
  "trials": 5,
  "cooldown_s": 0.0,
  "batch_sizes": [
    8
  ],
  "synthetic_lengths": [
    64,
    256
  ],
  "include_short_query": true,
  "reference": "mlx_lm",
  "pooling": "last",
  "ax_only": true,
  "models": [
    {
      "model_label": "qwen3-embedding-0.6b-8bit",
      "model_dir": "/Volumes/Ext4T/models/hub/models--mlx-community--Qwen3-Embedding-0.6B-8bit/snapshots/b8d7100604f51da6d14eab4dd1805f596fa1ce3f",
      "rows": [
        {
          "workload": "short_query_b8",
          "input_kind": "short_query_text",
          "batch_size": 8,
          "token_counts": [
            10,
            15,
            13,
            8,
            3,
            8,
            10,
            8
          ],
          "total_tokens": 75,
          "max_tokens": 15,
          "results": {
            "ax_engine_py": {
              "engine": "ax-engine-py",
              "median_ms_per_batch": 7.103541982360184,
              "mean_ms_per_batch": 7.4124333914369345,
              "stddev_ms_per_batch": 0.4921194489412766,
              "median_tokens_per_sec": 10558.113147813185,
              "mean_tokens_per_sec": 10161.819829906555,
              "median_items_per_sec": 1126.1987357667397,
              "mean_items_per_sec": 1083.927448523366,
              "trials": [
                {
                  "ms_per_batch": 6.887583993375301,
                  "ms_per_item": 0.8609479991719127,
                  "tokens_per_sec": 10889.159402213809,
                  "items_per_sec": 1161.5103362361397,
                  "hidden_size": 1024.0,
                  "output_bytes": 32768.0
                },
                {
                  "ms_per_batch": 7.103541982360184,
                  "ms_per_item": 0.887942747795023,
                  "tokens_per_sec": 10558.113147813185,
                  "items_per_sec": 1126.1987357667397,
                  "hidden_size": 1024.0,
                  "output_bytes": 32768.0
                },
                {
                  "ms_per_batch": 8.106417022645473,
                  "ms_per_item": 1.0133021278306842,
                  "tokens_per_sec": 9251.929649126818,
                  "items_per_sec": 986.8724959068605,
                  "hidden_size": 1024.0,
                  "output_bytes": 32768.0
                },
                {
                  "ms_per_batch": 7.064790930598974,
                  "ms_per_item": 0.8830988663248718,
                  "tokens_per_sec": 10616.025404964288,
                  "items_per_sec": 1132.3760431961907,
                  "hidden_size": 1024.0,
                  "output_bytes": 32768.0
                },
                {
                  "ms_per_batch": 7.899833028204739,
                  "ms_per_item": 0.9874791285255924,
                  "tokens_per_sec": 9493.871545414673,
                  "items_per_sec": 1012.6796315108984,
                  "hidden_size": 1024.0,
                  "output_bytes": 32768.0
                }
              ]
            }
          },
          "comparison": {}
        },
        {
          "workload": "fixed_64_b8",
          "input_kind": "synthetic_token_ids",
          "batch_size": 8,
          "token_counts": [
            64,
            64,
            64,
            64,
            64,
            64,
            64,
            64
          ],
          "total_tokens": 512,
          "max_tokens": 64,
          "results": {
            "ax_engine_py": {
              "engine": "ax-engine-py",
              "median_ms_per_batch": 13.119832961820066,
              "mean_ms_per_batch": 13.141283392906189,
              "stddev_ms_per_batch": 0.12325424780171754,
              "median_tokens_per_sec": 39024.88709192927,
              "mean_tokens_per_sec": 38964.61663776829,
              "median_items_per_sec": 609.7638608113948,
              "mean_items_per_sec": 608.8221349651295,
              "trials": [
                {
                  "ms_per_batch": 13.212874997407198,
                  "ms_per_item": 1.6516093746758997,
                  "tokens_per_sec": 38750.082786711544,
                  "items_per_sec": 605.4700435423679,
                  "hidden_size": 1024.0,
                  "output_bytes": 32768.0
                },
                {
                  "ms_per_batch": 13.32270901184529,
                  "ms_per_item": 1.6653386264806613,
                  "tokens_per_sec": 38430.62244658936,
                  "items_per_sec": 600.4784757279588,
                  "hidden_size": 1024.0,
                  "output_bytes": 32768.0
                },
                {
                  "ms_per_batch": 13.119832961820066,
                  "ms_per_item": 1.6399791202275082,
                  "tokens_per_sec": 39024.88709192927,
                  "items_per_sec": 609.7638608113948,
                  "hidden_size": 1024.0,
                  "output_bytes": 32768.0
                },
                {
                  "ms_per_batch": 13.098457944579422,
                  "ms_per_item": 1.6373072430724278,
                  "tokens_per_sec": 39088.5707436945,
                  "items_per_sec": 610.7589178702266,
                  "hidden_size": 1024.0,
                  "output_bytes": 32768.0
                },
                {
                  "ms_per_batch": 12.952542048878968,
                  "ms_per_item": 1.619067756109871,
                  "tokens_per_sec": 39528.92011991679,
                  "items_per_sec": 617.6393768736998,
                  "hidden_size": 1024.0,
                  "output_bytes": 32768.0
                }
              ]
            }
          },
          "comparison": {}
        },
        {
          "workload": "fixed_256_b8",
          "input_kind": "synthetic_token_ids",
          "batch_size": 8,
          "token_counts": [
            256,
            256,
            256,
            256,
            256,
            256,
            256,
            256
          ],
          "total_tokens": 2048,
          "max_tokens": 256,
          "results": {
            "ax_engine_py": {
              "engine": "ax-engine-py",
              "median_ms_per_batch": 44.89383299369365,
              "mean_ms_per_batch": 44.8666580254212,
              "stddev_ms_per_batch": 0.1978960676027955,
              "median_tokens_per_sec": 45618.737885172064,
              "mean_tokens_per_sec": 45647.25581943682,
              "median_items_per_sec": 178.19819486395338,
              "mean_items_per_sec": 178.30959304467507,
              "trials": [
                {
                  "ms_per_batch": 44.97370799072087,
                  "ms_per_item": 5.6217134988401085,
                  "tokens_per_sec": 45537.71729079022,
                  "items_per_sec": 177.8817081671493,
                  "hidden_size": 1024.0,
                  "output_bytes": 32768.0
                },
                {
                  "ms_per_batch": 44.682041043415666,
                  "ms_per_item": 5.585255130426958,
                  "tokens_per_sec": 45834.96975910398,
                  "items_per_sec": 179.04285062149992,
                  "hidden_size": 1024.0,
                  "output_bytes": 32768.0
                },
                {
                  "ms_per_batch": 45.16412504017353,
                  "ms_per_item": 5.645515630021691,
                  "tokens_per_sec": 45345.72513423657,
                  "items_per_sec": 177.1317388056116,
                  "hidden_size": 1024.0,
                  "output_bytes": 32768.0
                },
                {
                  "ms_per_batch": 44.89383299369365,
                  "ms_per_item": 5.611729124211706,
                  "tokens_per_sec": 45618.737885172064,
                  "items_per_sec": 178.19819486395338,
                  "hidden_size": 1024.0,