{
  "availability": {
    "request_error_rate": 0.0,
    "request_http_503": 0,
    "request_http_5xx": 0
  },
  "by_model": {
    "qwen3.5-9b": {
      "client_tpot_ms": {
        "count": 1,
        "max": 13.246997821824966,
        "mean": 13.246997821824966,
        "min": 13.246997821824966,
        "p50": 13.246997821824966,
        "p75": 13.246997821824966,
        "p90": 13.246997821824966,
        "p95": 13.246997821824966,
        "p99": 13.246997821824966
      },
      "e2e_latency_ms": {
        "count": 1,
        "max": 2800.014916982036,
        "mean": 2800.014916982036,
        "min": 2800.014916982036,
        "p50": 2800.014916982036,
        "p75": 2800.014916982036,
        "p90": 2800.014916982036,
        "p95": 2800.014916982036,
        "p99": 2800.014916982036
      },
      "error_requests": 0,
      "goodput": {
        "client_tpot_slo_ms": null,
        "e2e_slo_ms": null,
        "ratio": 1.0,
        "requests": 1,
        "ttft_slo_ms": null
      },
      "input_tokens": {
        "count": 1,
        "max": 34.0,
        "mean": 34.0,
        "min": 34.0,
        "p50": 34.0,
        "p75": 34.0,
        "p90": 34.0,
        "p95": 34.0,
        "p99": 34.0
      },
      "ok_requests": 1,
      "output_token_throughput_tok_s": 68.53124397983814,
      "output_tokens": {
        "count": 1,
        "max": 192.0,
        "mean": 192.0,
        "min": 192.0,
        "p50": 192.0,
        "p75": 192.0,
        "p90": 192.0,
        "p95": 192.0,
        "p99": 192.0
      },
      "queue_delay_ms": {
        "count": 1,
        "max": 1.6269159968942404,
        "mean": 1.6269159968942404,
        "min": 1.6269159968942404,
        "p50": 1.6269159968942404,
        "p75": 1.6269159968942404,
        "p90": 1.6269159968942404,
        "p95": 1.6269159968942404,
        "p99": 1.6269159968942404
      },
      "request_throughput_rps": 0.3569335623949903,
      "requests": 1,
      "route_decisions": {},
      "stream_step_interval_ms": {
        "count": 191,
        "max": 58.87495802016929,
        "mean": 13.222295811633867,
        "min": 12.174582981970161,
        "p50": 12.513208028394729,
        "p75": 12.589999503688887,
        "p90": 12.80233298894018,
        "p95": 15.25208301609382,
        "p99": 23.30117977689934
      },
      "ttft_ms": {
        "count": 1,
        "max": 269.8383330134675,
        "mean": 269.8383330134675,
        "min": 269.8383330134675,
        "p50": 269.8383330134675,
        "p75": 269.8383330134675,
        "p90": 269.8383330134675,
        "p95": 269.8383330134675,
        "p99": 269.8383330134675
      }
    }
  },
  "created_at": "2026-07-23T22:20:00+00:00",
  "focus": {
    "families": [
      "qwen3"
    ],
    "note": "AX flip work optimizes Qwen 3 and Gemma 4; other models are nice-to-have and do not own flip gates.",
    "policy": "qwen3_gemma4_primary"
  },
  "interactive_stream_gap_ms": {
    "count": 191,
    "max": 58.87495802016929,
    "mean": 13.222295811633867,
    "min": 12.174582981970161,
    "p50": 12.513208028394729,
    "p75": 12.589999503688887,
    "p90": 12.80233298894018,
    "p95": 15.25208301609382,
    "p99": 23.30117977689934
  },
  "lifecycle": {
    "error_events": 0,
    "events": 2,
    "latency_ms": {
      "count": 2,
      "max": 415.8771250513382,
      "mean": 208.4743540326599,
      "min": 1.0715830139815807,
      "p50": 208.4743540326599,
      "p75": 312.17573954199906,
      "p90": 374.39657084760256,
      "p95": 395.1368479494704,
      "p99": 411.72906963096466
    },
    "ok_events": 2
  },
  "methodology": {
    "protocol": "openai_completions_sse",
    "request_endpoint": "/v1/completions",
    "scope": "timed_multi_model_serving_and_lifecycle",
    "timing_scope": "client_observed"
  },
  "observations": [
    {
      "category": "interactive_decode",
      "client_tpot_ms": 13.246997821824966,
      "e2e_latency_ms": 2800.014916982036,
      "error": null,
      "event_id": "qwen-stream",
      "events": 196,
      "finish_reason": "length",
      "input_tokens": 34,
      "kind": "request",
      "max_output_tokens": 192,
      "metadata": {},
      "model_id": "qwen3.5-9b",
      "ok": true,
      "output_chunks": 192,
      "output_identity": {
        "bytes": 810,
        "kind": "text_utf8",
        "sha256": "bedcd46d2ae00556c8ff0280f4da8892281d91a645f9e41aa1b223f673776002"
      },
      "output_tokens": 192,
      "phase": "measured",
      "prompt_id": "qwen-stream",
      "queue_delay_ms": 1.6269159968942404,
      "route_decisions": {},
      "scheduled_at_s": 0.0,
      "started_at_s": 0.0016269159968942404,
      "status": 200,