{
  "availability": {
    "request_error_rate": 0.0,
    "request_http_503": 0,
    "request_http_5xx": 0
  },
  "by_model": {
    "qwen3.5-9b": {
      "client_tpot_ms": {
        "count": 1,
        "max": 13.252804974028207,
        "mean": 13.252804974028207,
        "min": 13.252804974028207,
        "p50": 13.252804974028207,
        "p75": 13.252804974028207,
        "p90": 13.252804974028207,
        "p95": 13.252804974028207,
        "p99": 13.252804974028207
      },
      "e2e_latency_ms": {
        "count": 1,
        "max": 2801.242417015601,
        "mean": 2801.242417015601,
        "min": 2801.242417015601,
        "p50": 2801.242417015601,
        "p75": 2801.242417015601,
        "p90": 2801.242417015601,
        "p95": 2801.242417015601,
        "p99": 2801.242417015601
      },
      "error_requests": 0,
      "goodput": {
        "client_tpot_slo_ms": null,
        "e2e_slo_ms": null,
        "ratio": 1.0,
        "requests": 1,
        "ttft_slo_ms": null
      },
      "input_tokens": {
        "count": 1,
        "max": 34.0,
        "mean": 34.0,
        "min": 34.0,
        "p50": 34.0,
        "p75": 34.0,
        "p90": 34.0,
        "p95": 34.0,
        "p99": 34.0
      },
      "ok_requests": 1,
      "output_token_throughput_tok_s": 68.50126165142989,
      "output_tokens": {
        "count": 1,
        "max": 192.0,
        "mean": 192.0,
        "min": 192.0,
        "p50": 192.0,
        "p75": 192.0,
        "p90": 192.0,
        "p95": 192.0,
        "p99": 192.0
      },
      "queue_delay_ms": {
        "count": 1,
        "max": 1.62566703511402,
        "mean": 1.62566703511402,
        "min": 1.62566703511402,
        "p50": 1.62566703511402,
        "p75": 1.62566703511402,
        "p90": 1.62566703511402,
        "p95": 1.62566703511402,
        "p99": 1.62566703511402
      },
      "request_throughput_rps": 0.35677740443453065,
      "requests": 1,
      "route_decisions": {},
      "stream_step_interval_ms": {
        "count": 191,
        "max": 59.95162500767037,
        "mean": 13.227289701636431,
        "min": 12.28416699450463,
        "p50": 12.468665954656899,
        "p75": 12.544416502350941,
        "p90": 12.829500017687678,
        "p95": 15.963812475092709,
        "p99": 23.467996192630185
      },
      "ttft_ms": {
        "count": 1,
        "max": 269.95666697621346,
        "mean": 269.95666697621346,
        "min": 269.95666697621346,
        "p50": 269.95666697621346,
        "p75": 269.95666697621346,
        "p90": 269.95666697621346,
        "p95": 269.95666697621346,
        "p99": 269.95666697621346
      }
    }
  },
  "created_at": "2026-07-23T22:22:53+00:00",
  "focus": {
    "families": [
      "qwen3"
    ],
    "note": "AX flip work optimizes Qwen 3 and Gemma 4; other models are nice-to-have and do not own flip gates.",
    "policy": "qwen3_gemma4_primary"
  },
  "interactive_stream_gap_ms": {
    "count": 191,
    "max": 59.95162500767037,
    "mean": 13.227289701636431,
    "min": 12.28416699450463,
    "p50": 12.468665954656899,
    "p75": 12.544416502350941,
    "p90": 12.829500017687678,
    "p95": 15.963812475092709,
    "p99": 23.467996192630185
  },
  "lifecycle": {
    "error_events": 0,
    "events": 2,
    "latency_ms": {
      "count": 2,
      "max": 418.7557080294937,
      "mean": 209.95462450082414,
      "min": 1.1535409721545875,
      "p50": 209.95462450082414,
      "p75": 314.3551662651589,
      "p90": 376.9954913237598,
      "p95": 397.87559967662673,
      "p99": 414.5796863589203
    },
    "ok_events": 2
  },
  "methodology": {
    "protocol": "openai_completions_sse",
    "request_endpoint": "/v1/completions",
    "scope": "timed_multi_model_serving_and_lifecycle",
    "timing_scope": "client_observed"
  },
  "observations": [
    {
      "category": "interactive_decode",
      "client_tpot_ms": 13.252804974028207,
      "e2e_latency_ms": 2801.242417015601,
      "error": null,
      "event_id": "qwen-stream",
      "events": 196,
      "finish_reason": "length",
      "input_tokens": 34,
      "kind": "request",
      "max_output_tokens": 192,
      "metadata": {},
      "model_id": "qwen3.5-9b",
      "ok": true,
      "output_chunks": 192,
      "output_identity": {
        "bytes": 810,
        "kind": "text_utf8",
        "sha256": "bedcd46d2ae00556c8ff0280f4da8892281d91a645f9e41aa1b223f673776002"
      },
      "output_tokens": 192,
      "phase": "measured",
      "prompt_id": "qwen-stream",
      "queue_delay_ms": 1.62566703511402,
      "route_decisions": {},
      "scheduled_at_s": 0.0,
      "started_at_s": 0.0016256670351140201,
      "status": 200,