{
  "availability": {
    "request_error_rate": 0.0,
    "request_http_503": 0,
    "request_http_5xx": 0
  },
  "by_model": {
    "qwen3.5-9b": {
      "client_tpot_ms": {
        "count": 1,
        "max": 12.450173864121602,
        "mean": 12.450173864121602,
        "min": 12.450173864121602,
        "p50": 12.450173864121602,
        "p75": 12.450173864121602,
        "p90": 12.450173864121602,
        "p95": 12.450173864121602,
        "p99": 12.450173864121602
      },
      "e2e_latency_ms": {
        "count": 1,
        "max": 2642.8567500552163,
        "mean": 2642.8567500552163,
        "min": 2642.8567500552163,
        "p50": 2642.8567500552163,
        "p75": 2642.8567500552163,
        "p90": 2642.8567500552163,
        "p95": 2642.8567500552163,
        "p99": 2642.8567500552163
      },
      "error_requests": 0,
      "goodput": {
        "client_tpot_slo_ms": null,
        "e2e_slo_ms": null,
        "ratio": 1.0,
        "requests": 1,
        "ttft_slo_ms": null
      },
      "input_tokens": {
        "count": 1,
        "max": 34.0,
        "mean": 34.0,
        "min": 34.0,
        "p50": 34.0,
        "p75": 34.0,
        "p90": 34.0,
        "p95": 34.0,
        "p99": 34.0
      },
      "ok_requests": 1,
      "output_token_throughput_tok_s": 72.607652306537,
      "output_tokens": {
        "count": 1,
        "max": 192.0,
        "mean": 192.0,
        "min": 192.0,
        "p50": 192.0,
        "p75": 192.0,
        "p90": 192.0,
        "p95": 192.0,
        "p99": 192.0
      },
      "queue_delay_ms": {
        "count": 1,
        "max": 1.492624985985458,
        "mean": 1.492624985985458,
        "min": 1.492624985985458,
        "p50": 1.492624985985458,
        "p75": 1.492624985985458,
        "p90": 1.492624985985458,
        "p95": 1.492624985985458,
        "p99": 1.492624985985458
      },
      "request_throughput_rps": 0.37816485576321357,
      "requests": 1,
      "route_decisions": {},
      "stream_step_interval_ms": {
        "count": 191,
        "max": 14.08537500537932,
        "mean": 12.424485382187566,
        "min": 11.666624981444329,
        "p50": 12.421292020007968,
        "p75": 12.472082977183163,
        "p90": 12.524208053946495,
        "p95": 12.554291519336402,
        "p99": 12.781565991463134
      },
      "ttft_ms": {
        "count": 1,
        "max": 264.8735420079902,
        "mean": 264.8735420079902,
        "min": 264.8735420079902,
        "p50": 264.8735420079902,
        "p75": 264.8735420079902,
        "p90": 264.8735420079902,
        "p95": 264.8735420079902,
        "p99": 264.8735420079902
      }
    }
  },
  "created_at": "2026-07-23T22:21:02+00:00",
  "focus": {
    "families": [
      "qwen3"
    ],
    "note": "AX flip work optimizes Qwen 3 and Gemma 4; other models are nice-to-have and do not own flip gates.",
    "policy": "qwen3_gemma4_primary"
  },
  "interactive_stream_gap_ms": {
    "count": 191,
    "max": 14.08537500537932,
    "mean": 12.424485382187566,
    "min": 11.666624981444329,
    "p50": 12.421292020007968,
    "p75": 12.472082977183163,
    "p90": 12.524208053946495,
    "p95": 12.554291519336402,
    "p99": 12.781565991463134
  },
  "lifecycle": {
    "error_events": 0,
    "events": 0,
    "latency_ms": null,
    "ok_events": 0
  },
  "methodology": {
    "protocol": "openai_completions_sse",
    "request_endpoint": "/v1/completions",
    "scope": "timed_multi_model_serving_and_lifecycle",
    "timing_scope": "client_observed"
  },
  "observations": [
    {
      "category": "interactive_decode",
      "client_tpot_ms": 12.450173864121602,
      "e2e_latency_ms": 2642.8567500552163,
      "error": null,
      "event_id": "qwen-stream",
      "events": 196,
      "finish_reason": "length",
      "input_tokens": 34,
      "kind": "request",
      "max_output_tokens": 192,
      "metadata": {},
      "model_id": "qwen3.5-9b",
      "ok": true,
      "output_chunks": 192,
      "output_identity": {
        "bytes": 810,
        "kind": "text_utf8",
        "sha256": "bedcd46d2ae00556c8ff0280f4da8892281d91a645f9e41aa1b223f673776002"
      },
      "output_tokens": 192,
      "phase": "measured",
      "prompt_id": "qwen-stream",
      "queue_delay_ms": 1.492624985985458,
      "route_decisions": {},
      "scheduled_at_s": 0.0,
      "started_at_s": 0.001492624985985458,
      "status": 200,