{
  "availability": {
    "request_error_rate": 0.0,
    "request_http_503": 0,
    "request_http_5xx": 0
  },
  "by_model": {
    "qwen3.5-9b": {
      "client_tpot_ms": {
        "count": 1,
        "max": 12.62465662826389,
        "mean": 12.62465662826389,
        "min": 12.62465662826389,
        "p50": 12.62465662826389,
        "p75": 12.62465662826389,
        "p90": 12.62465662826389,
        "p95": 12.62465662826389,
        "p99": 12.62465662826389
      },
      "e2e_latency_ms": {
        "count": 1,
        "max": 2691.705000004731,
        "mean": 2691.705000004731,
        "min": 2691.705000004731,
        "p50": 2691.705000004731,
        "p75": 2691.705000004731,
        "p90": 2691.705000004731,
        "p95": 2691.705000004731,
        "p99": 2691.705000004731
      },
      "error_requests": 0,
      "goodput": {
        "client_tpot_slo_ms": null,
        "e2e_slo_ms": null,
        "ratio": 1.0,
        "requests": 1,
        "ttft_slo_ms": null
      },
      "input_tokens": {
        "count": 1,
        "max": 34.0,
        "mean": 34.0,
        "min": 34.0,
        "p50": 34.0,
        "p75": 34.0,
        "p90": 34.0,
        "p95": 34.0,
        "p99": 34.0
      },
      "ok_requests": 1,
      "output_token_throughput_tok_s": 71.18127301530153,
      "output_tokens": {
        "count": 1,
        "max": 192.0,
        "mean": 192.0,
        "min": 192.0,
        "p50": 192.0,
        "p75": 192.0,
        "p90": 192.0,
        "p95": 192.0,
        "p99": 192.0
      },
      "queue_delay_ms": {
        "count": 1,
        "max": 5.633666005451232,
        "mean": 5.633666005451232,
        "min": 5.633666005451232,
        "p50": 5.633666005451232,
        "p75": 5.633666005451232,
        "p90": 5.633666005451232,
        "p95": 5.633666005451232,
        "p99": 5.633666005451232
      },
      "request_throughput_rps": 0.37073579695469544,
      "requests": 1,
      "route_decisions": {},
      "stream_step_interval_ms": {
        "count": 191,
        "max": 13.90875002834946,
        "mean": 12.599450476340833,
        "min": 12.246083002537489,
        "p50": 12.540541996713728,
        "p75": 12.736978998873383,
        "p90": 12.845374993048608,
        "p95": 12.924229493364692,
        "p99": 13.090178818674755
      },
      "ttft_ms": {
        "count": 1,
        "max": 280.39558400632814,
        "mean": 280.39558400632814,
        "min": 280.39558400632814,
        "p50": 280.39558400632814,
        "p75": 280.39558400632814,
        "p90": 280.39558400632814,
        "p95": 280.39558400632814,
        "p99": 280.39558400632814
      }
    }
  },
  "created_at": "2026-07-23T22:14:35+00:00",
  "focus": {
    "families": [
      "qwen3"
    ],
    "note": "AX flip work optimizes Qwen 3 and Gemma 4; other models are nice-to-have and do not own flip gates.",
    "policy": "qwen3_gemma4_primary"
  },
  "interactive_stream_gap_ms": {
    "count": 191,
    "max": 13.90875002834946,
    "mean": 12.599450476340833,
    "min": 12.246083002537489,
    "p50": 12.540541996713728,
    "p75": 12.736978998873383,
    "p90": 12.845374993048608,
    "p95": 12.924229493364692,
    "p99": 13.090178818674755
  },
  "lifecycle": {
    "error_events": 0,
    "events": 0,
    "latency_ms": null,
    "ok_events": 0
  },
  "methodology": {
    "protocol": "openai_completions_sse",
    "request_endpoint": "/v1/completions",
    "scope": "timed_multi_model_serving_and_lifecycle",
    "timing_scope": "client_observed"
  },
  "observations": [
    {
      "category": "interactive_decode",
      "client_tpot_ms": 12.62465662826389,
      "e2e_latency_ms": 2691.705000004731,
      "error": null,
      "event_id": "qwen-stream",
      "events": 196,
      "finish_reason": "length",
      "input_tokens": 34,
      "kind": "request",
      "max_output_tokens": 192,
      "metadata": {},
      "model_id": "qwen3.5-9b",
      "ok": true,
      "output_chunks": 192,
      "output_identity": {
        "bytes": 810,
        "kind": "text_utf8",
        "sha256": "bedcd46d2ae00556c8ff0280f4da8892281d91a645f9e41aa1b223f673776002"
      },
      "output_tokens": 192,
      "phase": "measured",
      "prompt_id": "qwen-stream",
      "queue_delay_ms": 5.633666005451232,
      "route_decisions": {},
      "scheduled_at_s": 0.0,
      "started_at_s": 0.005633666005451232,
      "status": 200,