{
  "availability": {
    "request_error_rate": 0.0,
    "request_http_503": 0,
    "request_http_5xx": 0
  },
  "by_model": {
    "qwen3.5-9b": {
      "client_tpot_ms": {
        "count": 1,
        "max": 12.475205283046392,
        "mean": 12.475205283046392,
        "min": 12.475205283046392,
        "p50": 12.475205283046392,
        "p75": 12.475205283046392,
        "p90": 12.475205283046392,
        "p95": 12.475205283046392,
        "p99": 12.475205283046392
      },
      "e2e_latency_ms": {
        "count": 1,
        "max": 2651.5910840244032,
        "mean": 2651.5910840244032,
        "min": 2651.5910840244032,
        "p50": 2651.5910840244032,
        "p75": 2651.5910840244032,
        "p90": 2651.5910840244032,
        "p95": 2651.5910840244032,
        "p99": 2651.5910840244032
      },
      "error_requests": 0,
      "goodput": {
        "client_tpot_slo_ms": null,
        "e2e_slo_ms": null,
        "ratio": 1.0,
        "requests": 1,
        "ttft_slo_ms": null
      },
      "input_tokens": {
        "count": 1,
        "max": 34.0,
        "mean": 34.0,
        "min": 34.0,
        "p50": 34.0,
        "p75": 34.0,
        "p90": 34.0,
        "p95": 34.0,
        "p99": 34.0
      },
      "ok_requests": 1,
      "output_token_throughput_tok_s": 72.36760027045482,
      "output_tokens": {
        "count": 1,
        "max": 192.0,
        "mean": 192.0,
        "min": 192.0,
        "p50": 192.0,
        "p75": 192.0,
        "p90": 192.0,
        "p95": 192.0,
        "p99": 192.0
      },
      "queue_delay_ms": {
        "count": 1,
        "max": 1.5299160149879754,
        "mean": 1.5299160149879754,
        "min": 1.5299160149879754,
        "p50": 1.5299160149879754,
        "p75": 1.5299160149879754,
        "p90": 1.5299160149879754,
        "p95": 1.5299160149879754,
        "p99": 1.5299160149879754
      },
      "request_throughput_rps": 0.37691458474195216,
      "requests": 1,
      "route_decisions": {},
      "stream_step_interval_ms": {
        "count": 191,
        "max": 14.032000035513192,
        "mean": 12.449671031604886,
        "min": 12.26591703016311,
        "p50": 12.43274996522814,
        "p75": 12.479583005188033,
        "p90": 12.537916016299278,
        "p95": 12.569666461786255,
        "p99": 13.023537496337662
      },
      "ttft_ms": {
        "count": 1,
        "max": 268.8268749625422,
        "mean": 268.8268749625422,
        "min": 268.8268749625422,
        "p50": 268.8268749625422,
        "p75": 268.8268749625422,
        "p90": 268.8268749625422,
        "p95": 268.8268749625422,
        "p99": 268.8268749625422
      }
    }
  },
  "created_at": "2026-07-23T22:18:07+00:00",
  "focus": {
    "families": [
      "qwen3"
    ],
    "note": "AX flip work optimizes Qwen 3 and Gemma 4; other models are nice-to-have and do not own flip gates.",
    "policy": "qwen3_gemma4_primary"
  },
  "interactive_stream_gap_ms": {
    "count": 191,
    "max": 14.032000035513192,
    "mean": 12.449671031604886,
    "min": 12.26591703016311,
    "p50": 12.43274996522814,
    "p75": 12.479583005188033,
    "p90": 12.537916016299278,
    "p95": 12.569666461786255,
    "p99": 13.023537496337662
  },
  "lifecycle": {
    "error_events": 0,
    "events": 0,
    "latency_ms": null,
    "ok_events": 0
  },
  "methodology": {
    "protocol": "openai_completions_sse",
    "request_endpoint": "/v1/completions",
    "scope": "timed_multi_model_serving_and_lifecycle",
    "timing_scope": "client_observed"
  },
  "observations": [
    {
      "category": "interactive_decode",
      "client_tpot_ms": 12.475205283046392,
      "e2e_latency_ms": 2651.5910840244032,
      "error": null,
      "event_id": "qwen-stream",
      "events": 196,
      "finish_reason": "length",
      "input_tokens": 34,
      "kind": "request",
      "max_output_tokens": 192,
      "metadata": {},
      "model_id": "qwen3.5-9b",
      "ok": true,
      "output_chunks": 192,
      "output_identity": {
        "bytes": 810,
        "kind": "text_utf8",
        "sha256": "bedcd46d2ae00556c8ff0280f4da8892281d91a645f9e41aa1b223f673776002"
      },
      "output_tokens": 192,
      "phase": "measured",
      "prompt_id": "qwen-stream",
      "queue_delay_ms": 1.5299160149879754,
      "route_decisions": {},
      "scheduled_at_s": 0.0,
      "started_at_s": 0.0015299160149879754,
      "status": 200,