{
  "availability": {
    "request_error_rate": 0.0,
    "request_http_503": 0,
    "request_http_5xx": 0
  },
  "by_model": {
    "qwen3.5-9b": {
      "client_tpot_ms": {
        "count": 1,
        "max": 13.267045591333735,
        "mean": 13.267045591333735,
        "min": 13.267045591333735,
        "p50": 13.267045591333735,
        "p75": 13.267045591333735,
        "p90": 13.267045591333735,
        "p95": 13.267045591333735,
        "p99": 13.267045591333735
      },
      "e2e_latency_ms": {
        "count": 1,
        "max": 2803.100249962881,
        "mean": 2803.100249962881,
        "min": 2803.100249962881,
        "p50": 2803.100249962881,
        "p75": 2803.100249962881,
        "p90": 2803.100249962881,
        "p95": 2803.100249962881,
        "p99": 2803.100249962881
      },
      "error_requests": 0,
      "goodput": {
        "client_tpot_slo_ms": null,
        "e2e_slo_ms": null,
        "ratio": 1.0,
        "requests": 1,
        "ttft_slo_ms": null
      },
      "input_tokens": {
        "count": 1,
        "max": 34.0,
        "mean": 34.0,
        "min": 34.0,
        "p50": 34.0,
        "p75": 34.0,
        "p90": 34.0,
        "p95": 34.0,
        "p99": 34.0
      },
      "ok_requests": 1,
      "output_token_throughput_tok_s": 68.45653772034366,
      "output_tokens": {
        "count": 1,
        "max": 192.0,
        "mean": 192.0,
        "min": 192.0,
        "p50": 192.0,
        "p75": 192.0,
        "p90": 192.0,
        "p95": 192.0,
        "p99": 192.0
      },
      "queue_delay_ms": {
        "count": 1,
        "max": 1.5990000101737678,
        "mean": 1.5990000101737678,
        "min": 1.5990000101737678,
        "p50": 1.5990000101737678,
        "p75": 1.5990000101737678,
        "p90": 1.5990000101737678,
        "p95": 1.5990000101737678,
        "p99": 1.5990000101737678
      },
      "request_throughput_rps": 0.35654446729345657,
      "requests": 1,
      "route_decisions": {},
      "stream_step_interval_ms": {
        "count": 191,
        "max": 59.99920901376754,
        "mean": 13.242203753846283,
        "min": 11.977958027273417,
        "p50": 12.520291027612984,
        "p75": 12.588729005074129,
        "p90": 12.86829198943451,
        "p95": 15.429750026669353,
        "p99": 23.193100339267197
      },
      "ttft_ms": {
        "count": 1,
        "max": 269.0945420181379,
        "mean": 269.0945420181379,
        "min": 269.0945420181379,
        "p50": 269.0945420181379,
        "p75": 269.0945420181379,
        "p90": 269.0945420181379,
        "p95": 269.0945420181379,
        "p99": 269.0945420181379
      }
    }
  },
  "created_at": "2026-07-23T22:16:26+00:00",
  "focus": {
    "families": [
      "qwen3"
    ],
    "note": "AX flip work optimizes Qwen 3 and Gemma 4; other models are nice-to-have and do not own flip gates.",
    "policy": "qwen3_gemma4_primary"
  },
  "interactive_stream_gap_ms": {
    "count": 191,
    "max": 59.99920901376754,
    "mean": 13.242203753846283,
    "min": 11.977958027273417,
    "p50": 12.520291027612984,
    "p75": 12.588729005074129,
    "p90": 12.86829198943451,
    "p95": 15.429750026669353,
    "p99": 23.193100339267197
  },
  "lifecycle": {
    "error_events": 0,
    "events": 2,
    "latency_ms": {
      "count": 2,
      "max": 417.98870800994337,
      "mean": 209.56831201328896,
      "min": 1.1479160166345537,
      "p50": 209.56831201328896,
      "p75": 313.77851001161616,
      "p90": 376.3046288106125,
      "p95": 397.1466684102779,
      "p99": 413.8203000900103
    },
    "ok_events": 2
  },
  "methodology": {
    "protocol": "openai_completions_sse",
    "request_endpoint": "/v1/completions",
    "scope": "timed_multi_model_serving_and_lifecycle",
    "timing_scope": "client_observed"
  },
  "observations": [
    {
      "category": "interactive_decode",
      "client_tpot_ms": 13.267045591333735,
      "e2e_latency_ms": 2803.100249962881,
      "error": null,
      "event_id": "qwen-stream",
      "events": 196,
      "finish_reason": "length",
      "input_tokens": 34,
      "kind": "request",
      "max_output_tokens": 192,
      "metadata": {},
      "model_id": "qwen3.5-9b",
      "ok": true,
      "output_chunks": 192,
      "output_identity": {
        "bytes": 810,
        "kind": "text_utf8",
        "sha256": "bedcd46d2ae00556c8ff0280f4da8892281d91a645f9e41aa1b223f673776002"
      },
      "output_tokens": 192,
      "phase": "measured",
      "prompt_id": "qwen-stream",
      "queue_delay_ms": 1.5990000101737678,
      "route_decisions": {},
      "scheduled_at_s": 0.0,
      "started_at_s": 0.0015990000101737678,
      "status": 200,