{
  "availability": {
    "request_error_rate": 0.0,
    "request_http_503": 0,
    "request_http_5xx": 0
  },
  "by_model": {
    "qwen3.5-9b": {
      "client_tpot_ms": {
        "count": 1,
        "max": 10.233435424164192,
        "mean": 10.233435424164192,
        "min": 10.233435424164192,
        "p50": 10.233435424164192,
        "p75": 10.233435424164192,
        "p90": 10.233435424164192,
        "p95": 10.233435424164192,
        "p99": 10.233435424164192
      },
      "e2e_latency_ms": {
        "count": 1,
        "max": 2021.5207079891115,
        "mean": 2021.5207079891115,
        "min": 2021.5207079891115,
        "p50": 2021.5207079891115,
        "p75": 2021.5207079891115,
        "p90": 2021.5207079891115,
        "p95": 2021.5207079891115,
        "p99": 2021.5207079891115
      },
      "error_requests": 0,
      "goodput": {
        "client_tpot_slo_ms": null,
        "e2e_slo_ms": null,
        "ratio": 1.0,
        "requests": 1,
        "ttft_slo_ms": null
      },
      "input_tokens": {
        "count": 1,
        "max": 34.0,
        "mean": 34.0,
        "min": 34.0,
        "p50": 34.0,
        "p75": 34.0,
        "p90": 34.0,
        "p95": 34.0,
        "p99": 34.0
      },
      "ok_requests": 1,
      "output_token_throughput_tok_s": 94.71391334612625,
      "output_tokens": {
        "count": 1,
        "max": 192.0,
        "mean": 192.0,
        "min": 192.0,
        "p50": 192.0,
        "p75": 192.0,
        "p90": 192.0,
        "p95": 192.0,
        "p99": 192.0
      },
      "queue_delay_ms": {
        "count": 1,
        "max": 5.63658302417025,
        "mean": 5.63658302417025,
        "min": 5.63658302417025,
        "p50": 5.63658302417025,
        "p75": 5.63658302417025,
        "p90": 5.63658302417025,
        "p95": 5.63658302417025,
        "p99": 5.63658302417025
      },
      "request_throughput_rps": 0.4933016320110742,
      "requests": 1,
      "route_decisions": {},
      "stream_step_interval_ms": {
        "count": 191,
        "max": 13.687625003512949,
        "mean": 10.232508727727234,
        "min": 10.039957996923476,
        "p50": 10.156916978303343,
        "p75": 10.208291496383026,
        "p90": 10.261457995511591,
        "p95": 10.957624996080995,
        "p99": 11.293304472928865
      },
      "ttft_ms": {
        "count": 1,
        "max": 66.93454197375104,
        "mean": 66.93454197375104,
        "min": 66.93454197375104,
        "p50": 66.93454197375104,
        "p75": 66.93454197375104,
        "p90": 66.93454197375104,
        "p95": 66.93454197375104,
        "p99": 66.93454197375104
      }
    }
  },
  "created_at": "2026-07-23T22:14:53+00:00",
  "focus": {
    "families": [
      "qwen3"
    ],
    "note": "AX flip work optimizes Qwen 3 and Gemma 4; other models are nice-to-have and do not own flip gates.",
    "policy": "qwen3_gemma4_primary"
  },
  "interactive_stream_gap_ms": {
    "count": 191,
    "max": 13.687625003512949,
    "mean": 10.232508727727234,
    "min": 10.039957996923476,
    "p50": 10.156916978303343,
    "p75": 10.208291496383026,
    "p90": 10.261457995511591,
    "p95": 10.957624996080995,
    "p99": 11.293304472928865
  },
  "lifecycle": {
    "error_events": 0,
    "events": 0,
    "latency_ms": null,
    "ok_events": 0
  },
  "methodology": {
    "protocol": "openai_completions_sse",
    "request_endpoint": "/v1/completions",
    "scope": "timed_multi_model_serving_and_lifecycle",
    "timing_scope": "client_observed"
  },
  "observations": [
    {
      "category": "interactive_decode",
      "client_tpot_ms": 10.233435424164192,
      "e2e_latency_ms": 2021.5207079891115,
      "error": null,
      "event_id": "qwen-stream",
      "events": 196,
      "finish_reason": "length",
      "input_tokens": 34,
      "kind": "request",
      "max_output_tokens": 192,
      "metadata": {},
      "model_id": "qwen3.5-9b",
      "ok": true,
      "output_chunks": 192,
      "output_identity": {
        "bytes": 823,
        "kind": "text_utf8",
        "sha256": "7d6e91b3f8c99323cb4c9cce8a365df8a4b7f827f26868afe57b18553d156e2e"
      },
      "output_tokens": 192,
      "phase": "measured",
      "prompt_id": "qwen-stream",
      "queue_delay_ms": 5.63658302417025,
      "route_decisions": {},
      "scheduled_at_s": 0.0,
      "started_at_s": 0.00563658302417025,
      "status": 200,