{
  "availability": {
    "request_error_rate": 0.0,
    "request_http_503": 0,
    "request_http_5xx": 0
  },
  "by_model": {
    "qwen3.5-9b": {
      "client_tpot_ms": {
        "count": 1,
        "max": 10.215389617860161,
        "mean": 10.215389617860161,
        "min": 10.215389617860161,
        "p50": 10.215389617860161,
        "p75": 10.215389617860161,
        "p90": 10.215389617860161,
        "p95": 10.215389617860161,
        "p99": 10.215389617860161
      },
      "e2e_latency_ms": {
        "count": 1,
        "max": 2018.0505840107799,
        "mean": 2018.0505840107799,
        "min": 2018.0505840107799,
        "p50": 2018.0505840107799,
        "p75": 2018.0505840107799,
        "p90": 2018.0505840107799,
        "p95": 2018.0505840107799,
        "p99": 2018.0505840107799
      },
      "error_requests": 0,
      "goodput": {
        "client_tpot_slo_ms": null,
        "e2e_slo_ms": null,
        "ratio": 1.0,
        "requests": 1,
        "ttft_slo_ms": null
      },
      "input_tokens": {
        "count": 1,
        "max": 34.0,
        "mean": 34.0,
        "min": 34.0,
        "p50": 34.0,
        "p75": 34.0,
        "p90": 34.0,
        "p95": 34.0,
        "p99": 34.0
      },
      "ok_requests": 1,
      "output_token_throughput_tok_s": 94.88658890490386,
      "output_tokens": {
        "count": 1,
        "max": 192.0,
        "mean": 192.0,
        "min": 192.0,
        "p50": 192.0,
        "p75": 192.0,
        "p90": 192.0,
        "p95": 192.0,
        "p99": 192.0
      },
      "queue_delay_ms": {
        "count": 1,
        "max": 5.41766599053517,
        "mean": 5.41766599053517,
        "min": 5.41766599053517,
        "p50": 5.41766599053517,
        "p75": 5.41766599053517,
        "p90": 5.41766599053517,
        "p95": 5.41766599053517,
        "p99": 5.41766599053517
      },
      "request_throughput_rps": 0.49420098387970757,
      "requests": 1,
      "route_decisions": {},
      "stream_step_interval_ms": {
        "count": 191,
        "max": 13.567082991357893,
        "mean": 10.214411863857267,
        "min": 10.020957968663424,
        "p50": 10.161708982195705,
        "p75": 10.195458511589095,
        "p90": 10.261207993607968,
        "p95": 10.363729496020824,
        "p99": 11.272096086759117
      },
      "ttft_ms": {
        "count": 1,
        "max": 66.91116699948907,
        "mean": 66.91116699948907,
        "min": 66.91116699948907,
        "p50": 66.91116699948907,
        "p75": 66.91116699948907,
        "p90": 66.91116699948907,
        "p95": 66.91116699948907,
        "p99": 66.91116699948907
      }
    }
  },
  "created_at": "2026-07-23T22:21:20+00:00",
  "focus": {
    "families": [
      "qwen3"
    ],
    "note": "AX flip work optimizes Qwen 3 and Gemma 4; other models are nice-to-have and do not own flip gates.",
    "policy": "qwen3_gemma4_primary"
  },
  "interactive_stream_gap_ms": {
    "count": 191,
    "max": 13.567082991357893,
    "mean": 10.214411863857267,
    "min": 10.020957968663424,
    "p50": 10.161708982195705,
    "p75": 10.195458511589095,
    "p90": 10.261207993607968,
    "p95": 10.363729496020824,
    "p99": 11.272096086759117
  },
  "lifecycle": {
    "error_events": 0,
    "events": 0,
    "latency_ms": null,
    "ok_events": 0
  },
  "methodology": {
    "protocol": "openai_completions_sse",
    "request_endpoint": "/v1/completions",
    "scope": "timed_multi_model_serving_and_lifecycle",
    "timing_scope": "client_observed"
  },
  "observations": [
    {
      "category": "interactive_decode",
      "client_tpot_ms": 10.215389617860161,
      "e2e_latency_ms": 2018.0505840107799,
      "error": null,
      "event_id": "qwen-stream",
      "events": 196,
      "finish_reason": "length",
      "input_tokens": 34,
      "kind": "request",
      "max_output_tokens": 192,
      "metadata": {},
      "model_id": "qwen3.5-9b",
      "ok": true,
      "output_chunks": 192,
      "output_identity": {
        "bytes": 823,
        "kind": "text_utf8",
        "sha256": "7d6e91b3f8c99323cb4c9cce8a365df8a4b7f827f26868afe57b18553d156e2e"
      },
      "output_tokens": 192,
      "phase": "measured",
      "prompt_id": "qwen-stream",
      "queue_delay_ms": 5.41766599053517,
      "route_decisions": {},
      "scheduled_at_s": 0.0,
      "started_at_s": 0.00541766599053517,
      "status": 200,