{
  "availability": {
    "request_error_rate": 0.0,
    "request_http_503": 0,
    "request_http_5xx": 0
  },
  "by_model": {
    "qwen3.5-9b": {
      "client_tpot_ms": {
        "count": 1,
        "max": 10.234079622975624,
        "mean": 10.234079622975624,
        "min": 10.234079622975624,
        "p50": 10.234079622975624,
        "p75": 10.234079622975624,
        "p90": 10.234079622975624,
        "p95": 10.234079622975624,
        "p99": 10.234079622975624
      },
      "e2e_latency_ms": {
        "count": 1,
        "max": 2022.0634170109406,
        "mean": 2022.0634170109406,
        "min": 2022.0634170109406,
        "p50": 2022.0634170109406,
        "p75": 2022.0634170109406,
        "p90": 2022.0634170109406,
        "p95": 2022.0634170109406,
        "p99": 2022.0634170109406
      },
      "error_requests": 0,
      "goodput": {
        "client_tpot_slo_ms": null,
        "e2e_slo_ms": null,
        "ratio": 1.0,
        "requests": 1,
        "ttft_slo_ms": null
      },
      "input_tokens": {
        "count": 1,
        "max": 34.0,
        "mean": 34.0,
        "min": 34.0,
        "p50": 34.0,
        "p75": 34.0,
        "p90": 34.0,
        "p95": 34.0,
        "p99": 34.0
      },
      "ok_requests": 1,
      "output_token_throughput_tok_s": 94.68995458300668,
      "output_tokens": {
        "count": 1,
        "max": 192.0,
        "mean": 192.0,
        "min": 192.0,
        "p50": 192.0,
        "p75": 192.0,
        "p90": 192.0,
        "p95": 192.0,
        "p99": 192.0
      },
      "queue_delay_ms": {
        "count": 1,
        "max": 5.606791994068772,
        "mean": 5.606791994068772,
        "min": 5.606791994068772,
        "p50": 5.606791994068772,
        "p75": 5.606791994068772,
        "p90": 5.606791994068772,
        "p95": 5.606791994068772,
        "p99": 5.606791994068772
      },
      "request_throughput_rps": 0.4931768467864931,
      "requests": 1,
      "route_decisions": {},
      "stream_step_interval_ms": {
        "count": 191,
        "max": 13.708957994822413,
        "mean": 10.233112345437437,
        "min": 10.044540977105498,
        "p50": 10.147041000891477,
        "p75": 10.196082992479205,
        "p90": 10.258916998282075,
        "p95": 10.983416490489617,
        "p99": 11.447158630471677
      },
      "ttft_ms": {
        "count": 1,
        "max": 67.35420902259648,
        "mean": 67.35420902259648,
        "min": 67.35420902259648,
        "p50": 67.35420902259648,
        "p75": 67.35420902259648,
        "p90": 67.35420902259648,
        "p95": 67.35420902259648,
        "p99": 67.35420902259648
      }
    }
  },
  "created_at": "2026-07-23T22:17:48+00:00",
  "focus": {
    "families": [
      "qwen3"
    ],
    "note": "AX flip work optimizes Qwen 3 and Gemma 4; other models are nice-to-have and do not own flip gates.",
    "policy": "qwen3_gemma4_primary"
  },
  "interactive_stream_gap_ms": {
    "count": 191,
    "max": 13.708957994822413,
    "mean": 10.233112345437437,
    "min": 10.044540977105498,
    "p50": 10.147041000891477,
    "p75": 10.196082992479205,
    "p90": 10.258916998282075,
    "p95": 10.983416490489617,
    "p99": 11.447158630471677
  },
  "lifecycle": {
    "error_events": 0,
    "events": 0,
    "latency_ms": null,
    "ok_events": 0
  },
  "methodology": {
    "protocol": "openai_completions_sse",
    "request_endpoint": "/v1/completions",
    "scope": "timed_multi_model_serving_and_lifecycle",
    "timing_scope": "client_observed"
  },
  "observations": [
    {
      "category": "interactive_decode",
      "client_tpot_ms": 10.234079622975624,
      "e2e_latency_ms": 2022.0634170109406,
      "error": null,
      "event_id": "qwen-stream",
      "events": 196,
      "finish_reason": "length",
      "input_tokens": 34,
      "kind": "request",
      "max_output_tokens": 192,
      "metadata": {},
      "model_id": "qwen3.5-9b",
      "ok": true,
      "output_chunks": 192,
      "output_identity": {
        "bytes": 823,
        "kind": "text_utf8",
        "sha256": "7d6e91b3f8c99323cb4c9cce8a365df8a4b7f827f26868afe57b18553d156e2e"
      },
      "output_tokens": 192,
      "phase": "measured",
      "prompt_id": "qwen-stream",
      "queue_delay_ms": 5.606791994068772,
      "route_decisions": {},
      "scheduled_at_s": 0.0,
      "started_at_s": 0.005606791994068772,
      "status": 200,