{
  "label": "qwen3-embedding-0.6b-8bit",
  "lens": [
    10,
    15,
    13,
    8,
    3,
    8,
    10,
    8,
    10,
    10
  ],
  "trials": 10,
  "sequential_tok_s": 320.43462148728366,
  "concurrent_tok_s": 1837.487889110782,
  "batched_post_tok_s": 3950.4803564602134,
  "sequential_trials_ms": [
    298.6858328804374,
    297.84316709265113,
    295.10150011628866,
    291.1192919127643,
    300.09250016883016,
    286.952167050913,
    309.11379191093147,
    284.9326250143349,
    284.74195790477097,
    301.6934171319008
  ],
  "concurrent_trials_ms": [
    47.83349996432662,
    54.021457908675075,
    51.91579204984009,
    52.146792178973556,
    42.03599994070828,
    51.48625001311302,
    52.227583015337586,
    52.78562498278916,
    51.3414170127362,
    51.294874865561724
  ],
  "batched_trials_ms": [
    22.782874992117286,
    24.307416984811425,
    24.32212489657104,
    22.451583994552493,
    24.407291086390615,
    23.480874951928854,
    21.143041783943772,
    23.787999991327524,
    24.626333033666015,
    24.589375127106905
  ]
}
