{
  "label": "qwen3-embedding-4b-4bit",
  "lens": [
    10,
    15,
    13,
    8,
    3,
    8,
    10,
    8,
    10,
    10
  ],
  "warmup": 5,
  "trials": 15,
  "mlx_lm_batched_tok_s": 2367.741395604902,
  "ax_py_batched_tok_s": 2383.947250284846,
  "mlx_lm_trials_ms": [
    40.20558297634125,
    40.13629211112857,
    40.19491607323289,
    40.08658300153911,
    40.07933288812637,
    40.05120904184878,
    40.111874928697944,
    40.131916059181094,
    40.114790899679065,
    40.12262495234609,
    40.163875091820955,
    40.27341608889401,
    39.97120796702802,
    40.070666000247,
    40.13441619463265
  ],
  "ax_py_trials_ms": [
    39.93116691708565,
    39.849875029176474,
    39.92816689424217,
    39.804625092074275,
    39.84729200601578,
    40.00649997033179,
    39.7299169562757,
    39.677334018051624,
    39.84725009649992,
    40.06091691553593,
    39.976124884560704,
    40.15304194763303,
    39.7687079384923,
    39.801124949008226,
    39.98683299869299
  ]
}
