{
  "schema_version": "ax.embedding_ingest_scale.v1",
  "timestamp": "2026-06-28T22:52:45.091768",
  "output_contract": "contiguous_cpu_f32_batch_hidden",
  "warmup": 1,
  "trials": 3,
  "cooldown_s": 0.0,
  "batch_sizes": [
    8,
    32,
    64
  ],
  "chunk_tokens": [
    256,
    512
  ],
  "total_chunks": 128,
  "reference": "mlx_lm",
  "pooling": "last",
  "ax_only": true,
  "models": [
    {
      "model_label": "qwen3-embedding-0.6b-8bit",
      "model_dir": "/Volumes/Ext4T/models/hub/models--mlx-community--Qwen3-Embedding-0.6B-8bit/snapshots/b8d7100604f51da6d14eab4dd1805f596fa1ce3f",
      "rows": [
        {
          "workload": "scale_128x256_b8",
          "total_chunks": 128,
          "chunk_tokens": 256,
          "batch_size": 8,
          "batches_per_trial": 16,
          "total_tokens": 32768,
          "results": {
            "ax_engine_py": {
              "engine": "ax-engine-py",
              "median_wall_ms": 767.2815000405535,
              "median_tokens_per_sec": 42706.620709958595,
              "median_chunks_per_sec": 166.82273714827576,
              "median_output_mb_per_sec": 0.6516513169854522,
              "median_batch_p50_ms": 48.12320851488039,
              "median_batch_p95_ms": 49.4473957514856,
              "median_batch_max_ms": 49.50970795471221,
              "trials": [
                {
                  "wall_ms": 755.7780840434134,
                  "tokens_per_sec": 43356.64223642365,
                  "chunks_per_sec": 169.36188373602988,
                  "output_mb_per_sec": 0.6615698583438667,
                  "batch_p50_ms": 46.852583065629005,
                  "batch_p95_ms": 49.544593784958124,
                  "batch_max_ms": 52.81037499662489,
                  "batches": 16,
                  "hidden_size": 1024,
                  "output_bytes": 524288
                },
                {
                  "wall_ms": 767.2815000405535,
                  "tokens_per_sec": 42706.620709958595,
                  "chunks_per_sec": 166.82273714827576,
                  "output_mb_per_sec": 0.6516513169854522,
                  "batch_p50_ms": 48.12320851488039,
                  "batch_p95_ms": 48.67626100894995,
                  "batch_max_ms": 49.147792044095695,
                  "batches": 16,
                  "hidden_size": 1024,
                  "output_bytes": 524288
                },
                {
                  "wall_ms": 781.9007920334116,
                  "tokens_per_sec": 41908.129949304086,
                  "chunks_per_sec": 163.7036326144691,
                  "output_mb_per_sec": 0.6394673149002699,
                  "batch_p50_ms": 48.90491644619033,
                  "batch_p95_ms": 49.4473957514856,
                  "batch_max_ms": 49.50970795471221,
                  "batches": 16,
                  "hidden_size": 1024,
                  "output_bytes": 524288
                }
              ]
            }
          },
          "comparison": {}
        },
        {
          "workload": "scale_128x256_b32",
          "total_chunks": 128,
          "chunk_tokens": 256,
          "batch_size": 32,
          "batches_per_trial": 4,
          "total_tokens": 32768,
          "results": {
            "ax_engine_py": {
              "engine": "ax-engine-py",
              "median_wall_ms": 781.6726670134813,
              "median_tokens_per_sec": 41920.36050741795,
              "median_chunks_per_sec": 163.75140823210137,
              "median_output_mb_per_sec": 0.639653938406646,
              "median_batch_p50_ms": 195.44539600610733,
              "median_batch_p95_ms": 196.5327312820591,
              "median_batch_max_ms": 196.68237504083663,
              "trials": [
                {
                  "wall_ms": 776.5305419452488,
                  "tokens_per_sec": 42197.95388590187,
                  "chunks_per_sec": 164.8357573668042,
                  "output_mb_per_sec": 0.6438896772140789,
                  "batch_p50_ms": 194.35422850074247,
                  "batch_p95_ms": 195.46103115426376,
                  "batch_max_ms": 195.49312500748783,
                  "batches": 4,
                  "hidden_size": 1024,
                  "output_bytes": 524288
                },
                {
                  "wall_ms": 781.6726670134813,
                  "tokens_per_sec": 41920.36050741795,
                  "chunks_per_sec": 163.75140823210137,
                  "output_mb_per_sec": 0.639653938406646,
                  "batch_p50_ms": 195.44539600610733,
                  "batch_p95_ms": 196.5327312820591,
                  "batch_max_ms": 196.68237504083663,
                  "batches": 4,
                  "hidden_size": 1024,
                  "output_bytes": 524288
                },
                {
                  "wall_ms": 790.4037080006674,
                  "tokens_per_sec": 41457.29539008227,
                  "chunks_per_sec": 161.94256011750886,
                  "output_mb_per_sec": 0.632588125459019,
                  "batch_p50_ms": 197.1720834262669,
                  "batch_p95_ms": 199.91611614241265,
                  "batch_max_ms": 200.33829100430012,
                  "batches": 4,
                  "hidden_size": 1024,
                  "output_bytes": 524288
                }
              ]
            }
          },
          "comparison": {}
        },
        {
          "workload": "scale_128x256_b64",
          "total_chunks": 128,
          "chunk_tokens": 256,
          "batch_size": 64,
          "batches_per_trial": 2,
          "total_tokens": 32768,
          "results": {
            "ax_engine_py": {
              "engine": "ax-engine-py",
              "median_wall_ms": 815.1312919799238,
              "median_tokens_per_sec": 40199.65902720743,
              "median_chunks_per_sec": 157.02991807502903,
              "median_output_mb_per_sec": 0.6133981174805822,
              "median_batch_p50_ms": 407.5589585117996,
              "median_batch_p95_ms": 407.85955807659775,
              "median_batch_max_ms": 407.892958028242,
              "trials": [
                {
                  "wall_ms": 805.5314170196652,
                  "tokens_per_sec": 40678.73618292413,
                  "chunks_per_sec": 158.90131321454737,
                  "output_mb_per_sec": 0.6207082547443257,
                  "batch_p50_ms": 402.75958308484405,
                  "batch_p95_ms": 404.3322952929884,
                  "batch_max_ms": 404.50704109389335,
                  "batches": 2,
                  "hidden_size": 1024,
                  "output_bytes": 524288
                },
                {
                  "wall_ms": 815.1312919799238,
                  "tokens_per_sec": 40199.65902720743,
                  "chunks_per_sec": 157.02991807502903,
                  "output_mb_per_sec": 0.6133981174805822,
                  "batch_p50_ms": 407.5589585117996,
                  "batch_p95_ms": 407.85955807659775,
                  "batch_max_ms": 407.892958028242,
                  "batches": 2,
                  "hidden_size": 1024,
                  "output_bytes": 524288
                },
                {
                  "wall_ms": 818.1959580397233,
                  "tokens_per_sec": 40049.085647535205,
                  "chunks_per_sec": 156.4417408106844,
                  "output_mb_per_sec": 0.6111005500417359,
                  "batch_p50_ms": 409.0908960206434,
                  "batch_p95_ms": 410.1992649375461,
                  "batch_max_ms": 410.3224170394242,
                  "batches": 2,
                  "hidden_size": 1024,
                  "output_bytes": 524288
                }
              ]
            }
          },
          "comparison": {}
        },
        {
          "workload": "scale_128x512_b8",
          "total_chunks": 128,
          "chunk_tokens": 512,
          "batch_size": 8,
          "batches_per_trial": 16,
          "total_tokens": 65536,