{
  "schema_version": "ax.embedding_sustained_batched.v1",
  "model_label": "qwen3-embedding-0.6b-8bit",
  "model_dir": ".internal/models/qwen3-embedding-0.6b-8bit",
  "batch_lengths": [
    10,
    15,
    13,
    8,
    3,
    8,
    10,
    8,
    10,
    10
  ],
  "total_tokens": 95,
  "warmup": 5,
  "trials": 15,
  "cooldown_s": 0,
  "results": {
    "mlx_lm_batched": {
      "trials_ms": [
        9.792207973077893,
        10.40645781904459,
        9.707875084131956,
        9.589832974597812,
        9.66220791451633,
        9.760332992300391,
        10.28416701592505,
        9.738583117723465,
        10.197916999459267,
        9.734542109072208,
        9.882665937766433,
        9.796458063647151,
        10.343000059947371,
        9.71449981443584,
        9.617249947041273
      ],
      "median_ms": 9.760332992300391,
      "min_ms": 9.589832974597812,
      "max_ms": 10.40645781904459,
      "mean_ms": 9.88186652151247,
      "median_ms_per_sentence": 0.9760332992300391,
      "median_tokens_per_sec": 9733.274476899755
    },
    "ax_engine_py_batched": {
      "trials_ms": [
        10.813041822984815,
        10.844792006537318,
        11.25379092991352,
        10.969666996970773,
        11.235958198085427,
        10.770834051072598,
        10.808957973495126,
        10.7272919267416,
        11.195334140211344,
        10.910084005445242,
        10.876958956941962,
        10.81479201093316,
        10.860958835110068,
        11.729500023648143,
        10.747832944616675
      ],
      "median_ms": 10.860958835110068,
      "min_ms": 10.7272919267416,
      "max_ms": 11.729500023648143,
      "mean_ms": 10.970652988180518,
      "median_ms_per_sentence": 1.0860958835110068,
      "median_tokens_per_sec": 8746.925703547908
    }
  }
}
