{
  "label": "qwen3-embedding-0.6b-8bit",
  "lens": [
    10,
    15,
    13,
    8,
    3,
    8,
    10,
    8,
    10,
    10
  ],
  "trials": 10,
  "sequential_tok_s": 315.32563509164675,
  "concurrent_tok_s": 1782.5318954734646,
  "batched_post_tok_s": 3889.7661398829946,
  "sequential_trials_ms": [
    313.13175009563565,
    301.67462513782084,
    306.7189999856055,
    299.71529194153845,
    301.5590829309076,
    295.7296250388026,
    314.9689589627087,
    300.63904193229973,
    297.98645805567503,
    300.9926250670105
  ],
  "concurrent_trials_ms": [
    50.45350012369454,
    53.401750046759844,
    53.92883392050862,
    53.35949989967048,
    51.71670904383063,
    53.22324996814132,
    53.2304581720382,
    53.386790910735726,
    49.41145912744105,
    54.92074997164309
  ],
  "batched_trials_ms": [
    24.839207995682955,
    24.4745840318501,
    24.491750169545412,
    24.271874921396375,
    24.274582974612713,
    24.34970811009407,
    24.372959043830633,
    24.44545808248222,
    24.400666123256087,
    24.607208091765642
  ]
}
