{
  "schema_version": "ax.embedding_sustained_batched.v1",
  "model_label": "qwen3-embedding-8b-4bit-dwq",
  "model_dir": ".internal/models/qwen3-embedding-8b-4bit-dwq",
  "batch_lengths": [
    10,
    15,
    13,
    8,
    3,
    8,
    10,
    8,
    10,
    10
  ],
  "total_tokens": 95,
  "warmup": 5,
  "trials": 15,
  "cooldown_s": 0,
  "results": {
    "mlx_lm_batched": {
      "trials_ms": [
        64.25804109312594,
        64.2385829705745,
        64.2601668369025,
        64.25266689620912,
        64.91341604851186,
        64.20179200358689,
        64.22329181805253,
        65.21358294412494,
        64.29775012657046,
        64.17045905254781,
        64.18262515217066,
        64.19462501071393,
        64.23454196192324,
        64.22304105944932,
        64.17433288879693
      ],
      "median_ms": 64.23454196192324,
      "min_ms": 64.17045905254781,
      "max_ms": 65.21358294412494,
      "mean_ms": 64.33592772421737,
      "median_ms_per_sentence": 6.423454196192324,
      "median_tokens_per_sec": 1478.9550465902569
    },
    "ax_engine_py_batched": {
      "trials_ms": [
        65.57012512348592,
        65.5281669460237,
        65.44566596858203,
        65.4402079526335,
        66.53587520122528,
        65.60641597025096,
        65.62612508423626,
        65.40925009176135,
        65.29962504282594,
        65.3010830283165,
        66.37516710907221,
        66.23595906421542,
        65.60029205866158,
        66.85345806181431,
        65.72637497447431
      ],
      "median_ms": 65.60029205866158,
      "min_ms": 65.29962504282594,
      "max_ms": 66.85345806181431,
      "mean_ms": 65.77025277850528,
      "median_ms_per_sentence": 6.560029205866158,
      "median_tokens_per_sec": 1448.164284315204
    }
  }
}
