{
  "schema_version": "ax.embedding_ingest_scale.v1",
  "timestamp": "2026-06-28T22:55:59.898763",
  "output_contract": "contiguous_cpu_f32_batch_hidden",
  "warmup": 1,
  "trials": 3,
  "cooldown_s": 0.0,
  "batch_sizes": [
    8,
    32,
    64
  ],
  "chunk_tokens": [
    256,
    512
  ],
  "total_chunks": 128,
  "reference": "mlx_lm",
  "pooling": "last",
  "ax_only": true,
  "models": [
    {
      "model_label": "qwen3-embedding-0.6b-8bit",
      "model_dir": "/Volumes/Ext4T/models/hub/models--mlx-community--Qwen3-Embedding-0.6B-8bit/snapshots/b8d7100604f51da6d14eab4dd1805f596fa1ce3f",
      "rows": [
        {
          "workload": "scale_128x256_b8",
          "total_chunks": 128,
          "chunk_tokens": 256,
          "batch_size": 8,
          "batches_per_trial": 16,
          "total_tokens": 32768,
          "results": {
            "ax_engine_py": {
              "engine": "ax-engine-py",
              "median_wall_ms": 710.2505409857258,
              "median_tokens_per_sec": 46135.83251133145,
              "median_chunks_per_sec": 180.21809574738847,
              "median_output_mb_per_sec": 0.7039769365132362,
              "median_batch_p50_ms": 44.35083345742896,
              "median_batch_p95_ms": 44.93890647427179,
              "median_batch_max_ms": 44.98312494251877,
              "trials": [
                {
                  "wall_ms": 707.213083980605,
                  "tokens_per_sec": 46333.98439910459,
                  "chunks_per_sec": 180.99212655900232,
                  "output_mb_per_sec": 0.7070004943711028,
                  "batch_p50_ms": 44.192437489982694,
                  "batch_p95_ms": 44.72626050119288,
                  "batch_max_ms": 44.7829170152545,
                  "batches": 16,
                  "hidden_size": 1024,
                  "output_bytes": 524288
                },
                {
                  "wall_ms": 710.2505409857258,
                  "tokens_per_sec": 46135.83251133145,
                  "chunks_per_sec": 180.21809574738847,
                  "output_mb_per_sec": 0.7039769365132362,
                  "batch_p50_ms": 44.35083345742896,
                  "batch_p95_ms": 44.93890647427179,
                  "batch_max_ms": 44.98312494251877,
                  "batches": 16,
                  "hidden_size": 1024,
                  "output_bytes": 524288
                },
                {
                  "wall_ms": 711.9318339973688,
                  "tokens_per_sec": 46026.878466739705,
                  "chunks_per_sec": 179.79249401070197,
                  "output_mb_per_sec": 0.7023144297293046,
                  "batch_p50_ms": 44.47456251364201,
                  "batch_p95_ms": 45.22661422379315,
                  "batch_max_ms": 45.25783297140151,
                  "batches": 16,
                  "hidden_size": 1024,
                  "output_bytes": 524288
                }
              ]
            }
          },
          "comparison": {}
        },
        {
          "workload": "scale_128x256_b32",
          "total_chunks": 128,
          "chunk_tokens": 256,
          "batch_size": 32,
          "batches_per_trial": 4,
          "total_tokens": 32768,
          "results": {
            "ax_engine_py": {
              "engine": "ax-engine-py",
              "median_wall_ms": 688.3312909631059,
              "median_tokens_per_sec": 47604.98386489355,
              "median_chunks_per_sec": 185.95696822224042,
              "median_output_mb_per_sec": 0.7263944071181266,
              "median_batch_p50_ms": 172.23779152845964,
              "median_batch_p95_ms": 172.86808133940212,
              "median_batch_max_ms": 172.92512499261647,
              "trials": [
                {
                  "wall_ms": 688.3312909631059,
                  "tokens_per_sec": 47604.98386489355,
                  "chunks_per_sec": 185.95696822224042,
                  "output_mb_per_sec": 0.7263944071181266,
                  "batch_p50_ms": 172.23779152845964,
                  "batch_p95_ms": 172.83223925624043,
                  "batch_max_ms": 172.86233301274478,
                  "batches": 4,
                  "hidden_size": 1024,
                  "output_bytes": 524288
                },
                {
                  "wall_ms": 687.5308330636472,
                  "tokens_per_sec": 47660.40797615625,
                  "chunks_per_sec": 186.17346865686036,
                  "output_mb_per_sec": 0.7272401119408608,
                  "batch_p50_ms": 171.86366696842015,
                  "batch_p95_ms": 172.86808133940212,
                  "batch_max_ms": 172.92512499261647,
                  "batches": 4,
                  "hidden_size": 1024,
                  "output_bytes": 524288
                },
                {
                  "wall_ms": 693.6935000121593,
                  "tokens_per_sec": 47237.00020171103,
                  "chunks_per_sec": 184.51953203793371,
                  "output_mb_per_sec": 0.7207794220231786,
                  "batch_p50_ms": 172.79491649242118,
                  "batch_p95_ms": 176.7276393075008,
                  "batch_max_ms": 177.32245801016688,
                  "batches": 4,
                  "hidden_size": 1024,
                  "output_bytes": 524288
                }
              ]
            }
          },
          "comparison": {}
        },
        {
          "workload": "scale_128x256_b64",
          "total_chunks": 128,
          "chunk_tokens": 256,
          "batch_size": 64,
          "batches_per_trial": 2,
          "total_tokens": 32768,
          "results": {
            "ax_engine_py": {
              "engine": "ax-engine-py",
              "median_wall_ms": 744.9402080383152,
              "median_tokens_per_sec": 43987.42294537901,
              "median_chunks_per_sec": 171.82587088038676,
              "median_output_mb_per_sec": 0.6711948081265108,
              "median_batch_p50_ms": 372.4641249864362,
              "median_batch_p95_ms": 373.17325028707273,
              "median_batch_max_ms": 373.25204198714346,
              "trials": [
                {
                  "wall_ms": 729.3650000356138,
                  "tokens_per_sec": 44926.75135000992,
                  "chunks_per_sec": 175.49512246097626,
                  "output_mb_per_sec": 0.6855278221131885,
                  "batch_p50_ms": 364.6764374570921,
                  "batch_p95_ms": 365.69023116026074,
                  "batch_max_ms": 365.80287490505725,
                  "batches": 2,
                  "hidden_size": 1024,
                  "output_bytes": 524288
                },
                {
                  "wall_ms": 744.9402080383152,
                  "tokens_per_sec": 43987.42294537901,
                  "chunks_per_sec": 171.82587088038676,
                  "output_mb_per_sec": 0.6711948081265108,
                  "batch_p50_ms": 372.4641249864362,
                  "batch_p95_ms": 373.17325028707273,
                  "batch_max_ms": 373.25204198714346,
                  "batches": 2,
                  "hidden_size": 1024,
                  "output_bytes": 524288
                },
                {
                  "wall_ms": 748.9803329808637,
                  "tokens_per_sec": 43750.14744324029,
                  "chunks_per_sec": 170.89901345015738,
                  "output_mb_per_sec": 0.6675742712896773,
                  "batch_p50_ms": 374.4828330236487,
                  "batch_p95_ms": 375.0221202208195,
                  "batch_max_ms": 375.08204102050513,
                  "batches": 2,
                  "hidden_size": 1024,
                  "output_bytes": 524288
                }
              ]
            }
          },
          "comparison": {}
        },
        {
          "workload": "scale_128x512_b8",
          "total_chunks": 128,
          "chunk_tokens": 512,
          "batch_size": 8,
          "batches_per_trial": 16,
          "total_tokens": 65536,