{
  "label": "qwen3-embedding-0.6b-8bit",
  "lens": [
    10,
    15,
    13,
    8,
    3,
    8,
    10,
    8,
    10,
    10
  ],
  "warmup": 5,
  "trials": 15,
  "mlx_lm_batched_tok_s": 9813.035936054956,
  "ax_py_batched_tok_s": 8876.776698562753,
  "mlx_lm_trials_ms": [
    9.663958102464676,
    9.641499957069755,
    9.817209094762802,
    9.947125101462007,
    9.541125036776066,
    9.74995899014175,
    9.793207980692387,
    9.697708999738097,
    9.606125066056848,
    9.654500056058168,
    9.680999908596277,
    9.673750028014183,
    9.94633394293487,
    9.73883317783475,
    9.60179092362523
  ],
  "ax_py_trials_ms": [
    10.721333092078567,
    10.74345805682242,
    10.713874828070402,
    10.739500168710947,
    10.702082887291908,
    10.743166087195277,
    10.699833044782281,
    10.67841681651771,
    10.647417046129704,
    10.704417014494538,
    10.696874931454659,
    10.694457916542888,
    10.688500013202429,
    10.694250231608748,
    10.77462499961257
  ]
}
