{
  "schema_version": "ax.embedding_ingest_scale.v1",
  "timestamp": "2026-06-28T21:13:03.830449",
  "output_contract": "contiguous_cpu_f32_batch_hidden",
  "warmup": 1,
  "trials": 3,
  "cooldown_s": 0.0,
  "batch_sizes": [
    8,
    32,
    64
  ],
  "chunk_tokens": [
    256,
    512
  ],
  "total_chunks": 512,
  "reference": "mlx_lm",
  "pooling": "last",
  "ax_only": true,
  "models": [
    {
      "model_label": "qwen3-embedding-0.6b-8bit",
      "model_dir": "/Volumes/Ext4T/models/hub/models--mlx-community--Qwen3-Embedding-0.6B-8bit/snapshots/b8d7100604f51da6d14eab4dd1805f596fa1ce3f",
      "rows": [
        {
          "workload": "scale_512x256_b8",
          "total_chunks": 512,
          "chunk_tokens": 256,
          "batch_size": 8,
          "batches_per_trial": 64,
          "total_tokens": 131072,
          "results": {
            "ax_engine_py": {
              "engine": "ax-engine-py",
              "median_wall_ms": 3381.2313749222085,
              "median_tokens_per_sec": 38764.57582055163,
              "median_chunks_per_sec": 151.4241242990298,
              "median_output_mb_per_sec": 0.5915004855430852,
              "median_batch_p50_ms": 52.703083492815495,
              "median_batch_p95_ms": 53.88228576048277,
              "median_batch_max_ms": 55.57579209562391,
              "trials": [
                {
                  "wall_ms": 3419.4889169884846,
                  "tokens_per_sec": 38330.87434464739,
                  "chunks_per_sec": 149.72997790877886,
                  "output_mb_per_sec": 0.5848827262061674,
                  "batch_p50_ms": 54.32395852403715,
                  "batch_p95_ms": 56.71416512923315,
                  "batch_max_ms": 60.97245903220028,
                  "batches": 64,
                  "hidden_size": 1024,
                  "output_bytes": 2097152
                },
                {
                  "wall_ms": 3378.0798750231043,
                  "tokens_per_sec": 38800.740316746815,
                  "chunks_per_sec": 151.56539186229224,
                  "output_mb_per_sec": 0.5920523119620791,
                  "batch_p50_ms": 52.703083492815495,
                  "batch_p95_ms": 53.50559008657001,
                  "batch_max_ms": 55.57579209562391,
                  "batches": 64,
                  "hidden_size": 1024,
                  "output_bytes": 2097152
                },
                {
                  "wall_ms": 3381.2313749222085,
                  "tokens_per_sec": 38764.57582055163,
                  "chunks_per_sec": 151.4241242990298,
                  "output_mb_per_sec": 0.5915004855430852,
                  "batch_p50_ms": 52.68662498565391,
                  "batch_p95_ms": 53.88228576048277,
                  "batch_max_ms": 54.026582976803184,
                  "batches": 64,
                  "hidden_size": 1024,
                  "output_bytes": 2097152
                }
              ]
            }
          },
          "comparison": {}
        },
        {
          "workload": "scale_512x256_b32",
          "total_chunks": 512,
          "chunk_tokens": 256,
          "batch_size": 32,
          "batches_per_trial": 16,
          "total_tokens": 131072,
          "results": {
            "ax_engine_py": {
              "engine": "ax-engine-py",
              "median_wall_ms": 3536.7085830075666,
              "median_tokens_per_sec": 37060.446718665815,
              "median_chunks_per_sec": 144.76736999478834,
              "median_output_mb_per_sec": 0.565497539042142,
              "median_batch_p50_ms": 220.89964553015307,
              "median_batch_p95_ms": 223.16910399240442,
              "median_batch_max_ms": 223.66041701752692,
              "trials": [
                {
                  "wall_ms": 3515.6544579658657,
                  "tokens_per_sec": 37282.389827308965,
                  "chunks_per_sec": 145.63433526292565,
                  "output_mb_per_sec": 0.5688841221208033,
                  "batch_p50_ms": 219.823187449947,
                  "batch_p95_ms": 221.69762494741008,
                  "batch_max_ms": 222.63212490361184,
                  "batches": 16,
                  "hidden_size": 1024,
                  "output_bytes": 2097152
                },
                {
                  "wall_ms": 3536.7085830075666,
                  "tokens_per_sec": 37060.446718665815,
                  "chunks_per_sec": 144.76736999478834,
                  "output_mb_per_sec": 0.565497539042142,
                  "batch_p50_ms": 220.89964553015307,
                  "batch_p95_ms": 223.16910399240442,
                  "batch_max_ms": 223.66041701752692,
                  "batches": 16,
                  "hidden_size": 1024,
                  "output_bytes": 2097152
                },
                {
                  "wall_ms": 3592.284750076942,
                  "tokens_per_sec": 36487.085272734184,
                  "chunks_per_sec": 142.5276768466179,
                  "output_mb_per_sec": 0.5567487376821012,
                  "batch_p50_ms": 223.11206301674247,
                  "batch_p95_ms": 234.55659375758842,
                  "batch_max_ms": 242.13112494908273,
                  "batches": 16,
                  "hidden_size": 1024,
                  "output_bytes": 2097152
                }
              ]
            }
          },
          "comparison": {}
        },
        {
          "workload": "scale_512x256_b64",
          "total_chunks": 512,
          "chunk_tokens": 256,
          "batch_size": 64,
          "batches_per_trial": 8,
          "total_tokens": 131072,
          "results": {
            "ax_engine_py": {
              "engine": "ax-engine-py",
              "median_wall_ms": 3745.1597079634666,
              "median_tokens_per_sec": 34997.70643193051,
              "median_chunks_per_sec": 136.70979074972854,
              "median_output_mb_per_sec": 0.5340226201161271,
              "median_batch_p50_ms": 467.9169165319763,
              "median_batch_p95_ms": 478.3152624615468,
              "median_batch_max_ms": 479.58112496417016,
              "trials": [
                {
                  "wall_ms": 3745.1597079634666,
                  "tokens_per_sec": 34997.70643193051,
                  "chunks_per_sec": 136.70979074972854,
                  "output_mb_per_sec": 0.5340226201161271,
                  "batch_p50_ms": 467.9169165319763,
                  "batch_p95_ms": 478.3152624615468,
                  "batch_max_ms": 479.58112496417016,
                  "batches": 8,
                  "hidden_size": 1024,
                  "output_bytes": 2097152
                },
                {
                  "wall_ms": 3696.9542499864474,
                  "tokens_per_sec": 35454.049776374835,
                  "chunks_per_sec": 138.4923819389642,
                  "output_mb_per_sec": 0.5409858669490789,
                  "batch_p50_ms": 463.123541965615,
                  "batch_p95_ms": 465.3640232339967,
                  "batch_max_ms": 465.55516694206744,
                  "batches": 8,
                  "hidden_size": 1024,
                  "output_bytes": 2097152
                },
                {
                  "wall_ms": 3779.4331670738757,
                  "tokens_per_sec": 34680.332792199886,
                  "chunks_per_sec": 135.4700499695308,
                  "output_mb_per_sec": 0.5291798826934797,
                  "batch_p50_ms": 475.21954198600724,
                  "batch_p95_ms": 480.8674063242506,
                  "batch_max_ms": 481.58512508962303,
                  "batches": 8,
                  "hidden_size": 1024,
                  "output_bytes": 2097152
                }
              ]
            }
          },
          "comparison": {}
        },
        {
          "workload": "scale_512x512_b8",
          "total_chunks": 512,
          "chunk_tokens": 512,
          "batch_size": 8,
          "batches_per_trial": 64,