{
  "schema_version": "ax.embedding_sustained_batched.v1",
  "model_label": "qwen3-embedding-4b-4bit",
  "model_dir": ".internal/models/qwen3-embedding-4b-4bit",
  "batch_lengths": [
    10,
    15,
    13,
    8,
    3,
    8,
    10,
    8,
    10,
    10
  ],
  "total_tokens": 95,
  "warmup": 5,
  "trials": 15,
  "cooldown_s": 0,
  "results": {
    "mlx_lm_batched": {
      "trials_ms": [
        40.01475009135902,
        40.04141595214605,
        40.043957997113466,
        39.900791831314564,
        40.41729192249477,
        39.85541709698737,
        40.41812499053776,
        40.32316594384611,
        40.64316605217755,
        40.01695802435279,
        40.14912503771484,
        40.23829195648432,
        40.05349986255169,
        40.72616691701114,
        39.96949992142618
      ],
      "median_ms": 40.05349986255169,
      "min_ms": 39.85541709698737,
      "max_ms": 40.72616691701114,
      "mean_ms": 40.18744157316784,
      "median_ms_per_sentence": 4.005349986255169,
      "median_tokens_per_sec": 2371.827688616568
    },
    "ax_engine_py_batched": {
      "trials_ms": [
        40.56420805864036,
        40.514917112886906,
        39.90320791490376,
        40.25995801202953,
        40.36870785057545,
        40.22491700015962,
        41.29804205149412,
        39.91316584870219,
        40.299665881320834,
        40.622750064358115,
        39.73779105581343,
        40.1595002040267,
        39.773291908204556,
        39.646125165745616,
        39.53670896589756
      ],
      "median_ms": 40.22491700015962,
      "min_ms": 39.53670896589756,
      "max_ms": 41.29804205149412,
      "mean_ms": 40.18819713965058,
      "median_ms_per_sentence": 4.022491700015962,
      "median_tokens_per_sec": 2361.7202242983626
    }
  }
}
