{
  "schema_version": "ax.embedding_ingest_scale.v1",
  "timestamp": "2026-06-28T22:53:27.422596",
  "output_contract": "contiguous_cpu_f32_batch_hidden",
  "warmup": 1,
  "trials": 3,
  "cooldown_s": 0.0,
  "batch_sizes": [
    8,
    32,
    64
  ],
  "chunk_tokens": [
    256,
    512
  ],
  "total_chunks": 512,
  "reference": "mlx_lm",
  "pooling": "last",
  "ax_only": true,
  "models": [
    {
      "model_label": "qwen3-embedding-0.6b-8bit",
      "model_dir": "/Volumes/Ext4T/models/hub/models--mlx-community--Qwen3-Embedding-0.6B-8bit/snapshots/b8d7100604f51da6d14eab4dd1805f596fa1ce3f",
      "rows": [
        {
          "workload": "scale_512x256_b8",
          "total_chunks": 512,
          "chunk_tokens": 256,
          "batch_size": 8,
          "batches_per_trial": 64,
          "total_tokens": 131072,
          "results": {
            "ax_engine_py": {
              "engine": "ax-engine-py",
              "median_wall_ms": 2963.2482500746846,
              "median_tokens_per_sec": 44232.54109631095,
              "median_chunks_per_sec": 172.78336365746466,
              "median_output_mb_per_sec": 0.6749350142869713,
              "median_batch_p50_ms": 46.111666481010616,
              "median_batch_p95_ms": 47.56401260383427,
              "median_batch_max_ms": 47.68079100176692,
              "trials": [
                {
                  "wall_ms": 2797.480584005825,
                  "tokens_per_sec": 46853.58702733612,
                  "chunks_per_sec": 183.02182432553172,
                  "output_mb_per_sec": 0.7149290012716083,
                  "batch_p50_ms": 43.64827100653201,
                  "batch_p95_ms": 44.90075880312361,
                  "batch_max_ms": 45.63520895317197,
                  "batches": 64,
                  "hidden_size": 1024,
                  "output_bytes": 2097152
                },
                {
                  "wall_ms": 2963.2482500746846,
                  "tokens_per_sec": 44232.54109631095,
                  "chunks_per_sec": 172.78336365746466,
                  "output_mb_per_sec": 0.6749350142869713,
                  "batch_p50_ms": 46.111666481010616,
                  "batch_p95_ms": 48.002568812808015,
                  "batch_max_ms": 56.179292034357786,
                  "batches": 64,
                  "hidden_size": 1024,
                  "output_bytes": 2097152
                },
                {
                  "wall_ms": 3011.4375830162317,
                  "tokens_per_sec": 43524.72743888629,
                  "chunks_per_sec": 170.01846655814958,
                  "output_mb_per_sec": 0.6641346349927718,
                  "batch_p50_ms": 47.14379151118919,
                  "batch_p95_ms": 47.56401260383427,
                  "batch_max_ms": 47.68079100176692,
                  "batches": 64,
                  "hidden_size": 1024,
                  "output_bytes": 2097152
                }
              ]
            }
          },
          "comparison": {}
        },
        {
          "workload": "scale_512x256_b32",
          "total_chunks": 512,
          "chunk_tokens": 256,
          "batch_size": 32,
          "batches_per_trial": 16,
          "total_tokens": 131072,
          "results": {
            "ax_engine_py": {
              "engine": "ax-engine-py",
              "median_wall_ms": 3144.8881659889594,
              "median_tokens_per_sec": 41677.79363905691,
              "median_chunks_per_sec": 162.80388140256605,
              "median_output_mb_per_sec": 0.6359526617287736,
              "median_batch_p50_ms": 196.20506250066683,
              "median_batch_p95_ms": 201.35789571213536,
              "median_batch_max_ms": 205.02412505447865,
              "trials": [
                {
                  "wall_ms": 3084.49862501584,
                  "tokens_per_sec": 42493.778060713805,
                  "chunks_per_sec": 165.9913205496633,
                  "output_mb_per_sec": 0.6484035958971223,
                  "batch_p50_ms": 192.2530205338262,
                  "batch_p95_ms": 201.35789571213536,
                  "batch_max_ms": 209.02483293320984,
                  "batches": 16,
                  "hidden_size": 1024,
                  "output_bytes": 2097152
                },
                {
                  "wall_ms": 3166.261125006713,
                  "tokens_per_sec": 41396.45936489907,
                  "chunks_per_sec": 161.704919394137,
                  "output_mb_per_sec": 0.6316598413833476,
                  "batch_p50_ms": 201.04797900421545,
                  "batch_p95_ms": 203.86978122405708,
                  "batch_max_ms": 205.02412505447865,
                  "batches": 16,
                  "hidden_size": 1024,
                  "output_bytes": 2097152
                },
                {
                  "wall_ms": 3144.8881659889594,
                  "tokens_per_sec": 41677.79363905691,
                  "chunks_per_sec": 162.80388140256605,
                  "output_mb_per_sec": 0.6359526617287736,
                  "batch_p50_ms": 196.20506250066683,
                  "batch_p95_ms": 200.07835404248908,
                  "batch_max_ms": 200.56591695174575,
                  "batches": 16,
                  "hidden_size": 1024,
                  "output_bytes": 2097152
                }
              ]
            }
          },
          "comparison": {}
        },
        {
          "workload": "scale_512x256_b64",
          "total_chunks": 512,
          "chunk_tokens": 256,
          "batch_size": 64,
          "batches_per_trial": 8,
          "total_tokens": 131072,
          "results": {
            "ax_engine_py": {
              "engine": "ax-engine-py",
              "median_wall_ms": 3315.9720840631053,
              "median_tokens_per_sec": 39527.47389821078,
              "median_chunks_per_sec": 154.40419491488586,
              "median_output_mb_per_sec": 0.6031413863862729,
              "median_batch_p50_ms": 415.01041647279635,
              "median_batch_p95_ms": 417.2498142172117,
              "median_batch_max_ms": 417.5897079985589,
              "trials": [
                {
                  "wall_ms": 3302.6781249791384,
                  "tokens_per_sec": 39686.58011468433,
                  "chunks_per_sec": 155.02570357298566,
                  "output_mb_per_sec": 0.6055691545819752,
                  "batch_p50_ms": 413.3032920071855,
                  "batch_p95_ms": 415.51918691257015,
                  "batch_max_ms": 415.7894159434363,
                  "batches": 8,
                  "hidden_size": 1024,
                  "output_bytes": 2097152
                },
                {
                  "wall_ms": 3315.9720840631053,
                  "tokens_per_sec": 39527.47389821078,
                  "chunks_per_sec": 154.40419491488586,
                  "output_mb_per_sec": 0.6031413863862729,
                  "batch_p50_ms": 415.01041647279635,
                  "batch_p95_ms": 417.2498142172117,
                  "batch_max_ms": 417.5897079985589,
                  "batches": 8,
                  "hidden_size": 1024,
                  "output_bytes": 2097152
                },
                {
                  "wall_ms": 3331.434666062705,
                  "tokens_per_sec": 39344.01035542713,
                  "chunks_per_sec": 153.68754045088724,
                  "output_mb_per_sec": 0.6003419548862783,
                  "batch_p50_ms": 415.9536045626737,
                  "batch_p95_ms": 419.3912375776563,
                  "batch_max_ms": 419.615791994147,
                  "batches": 8,
                  "hidden_size": 1024,
                  "output_bytes": 2097152
                }
              ]
            }
          },
          "comparison": {}
        },
        {
          "workload": "scale_512x512_b8",
          "total_chunks": 512,
          "chunk_tokens": 512,
          "batch_size": 8,
          "batches_per_trial": 64,