{
  "label": "qwen3-embedding-4b-4bit",
  "lens": [
    10,
    15,
    13,
    8,
    3,
    8,
    10,
    8,
    10,
    10
  ],
  "trials": 10,
  "sequential_tok_s": 240.0786448143405,
  "concurrent_tok_s": 1203.3935709950874,
  "batched_post_tok_s": 1808.694120370828,
  "sequential_trials_ms": [
    398.81512499414384,
    395.87254193611443,
    395.53479105234146,
    401.53575013391674,
    391.31024992093444,
    391.2322090473026,
    383.5139579605311,
    389.76062508299947,
    398.7237080000341,
    404.3059160467237
  ],
  "concurrent_trials_ms": [
    78.92570807598531,
    78.96112510934472,
    83.8785411324352,
    79.80308402329683,
    78.30995810218155,
    76.59004209563136,
    69.88141685724258,
    81.16454188711941,
    80.23137482814491,
    77.01654196716845
  ],
  "batched_trials_ms": [
    53.963083075359464,
    46.18462501093745,
    56.08370783738792,
    52.37433291040361,
    54.28904085420072,
    55.377000011503696,
    42.38637490198016,
    45.886707957834005,
    44.351625023409724,
    52.67383297905326
  ]
}
