dyld[94405]: <EBCEDEC1-F532-3DE2-BCB8-18C5410550DC> <SKU_WORKSPACE>/first-split-observer-server
dyld[94405]: <F949D357-CE50-3CDC-BD53-D49566E9F72C> <SKU_WORKSPACE>/qmm-contract-venv/lib/python3.12/site-packages/ax_engine/.dylibs/libmlx.dylib
dyld[94405]: <F0FD393C-15BC-3C75-A19D-897F7B225C78> /usr/lib/libc++.1.dylib
dyld[94405]: <F38A9C58-22AB-3798-BBAE-8DCD9CC0CE27> /usr/lib/libc++abi.dylib
dyld[94405]: <4FED5EE2-5D3E-35B1-A170-9859C4B683BB> /usr/lib/libSystem.B.dylib
dyld[94405]: <9CD7B1E1-3E47-339C-A193-2392E3E0ED23> /usr/lib/system/libcache.dylib
dyld[94405]: <3B110564-5278-3CB0-85F1-2CE8431FF935> /usr/lib/system/libcommonCrypto.dylib
dyld[94405]: <6FB345CA-7F5C-3263-A23F-143F7539FD8A> /usr/lib/system/libcompiler_rt.dylib
dyld[94405]: <D0009B8A-8ECC-3D56-9206-7E1839707F93> /usr/lib/system/libcopyfile.dylib
dyld[94405]: <0642DDAD-4771-3C82-805C-E7C6701C1461> /usr/lib/system/libcorecrypto.dylib
dyld[94405]: <B2000CD5-F580-314A-A141-E036719D854E> /usr/lib/system/libdispatch.dylib
dyld[94405]: <957F93B3-8805-39C7-9C51-EDD1715F550E> /usr/lib/system/libdyld.dylib
dyld[94405]: <7E863FCA-F3FF-32C7-8A8C-F983E946AFC3> /usr/lib/system/libkeymgr.dylib
dyld[94405]: <949131E5-BDA2-39BA-AA50-62651BB51802> /usr/lib/system/libmacho.dylib
dyld[94405]: <EEE5AADB-52E1-3C4C-881A-70405770B1F1> /usr/lib/system/libquarantine.dylib
dyld[94405]: <7460B5AE-469A-36A0-A7EC-6C7D69628E86> /usr/lib/system/libremovefile.dylib
dyld[94405]: <54439739-33EE-3273-839F-CBA67D7F5CB1> /usr/lib/system/libsystem_asl.dylib
dyld[94405]: <E0AC1231-27AA-3A13-8FAC-41D5802B1F3C> /usr/lib/system/libsystem_blocks.dylib
dyld[94405]: <D77CEB62-AFF6-3CEC-BA9B-4F057FBE2EB5> /usr/lib/system/libsystem_c.dylib
dyld[94405]: <C8160BD2-5941-3DC0-BB40-F8C2B8156EC4> /usr/lib/system/libsystem_collections.dylib
dyld[94405]: <D8D6280B-783D-3550-BDBA-2861AE40604F> /usr/lib/system/libsystem_configuration.dylib
dyld[94405]: <14B2A47F-19C8-392F-8FDB-FE8AE375DD41> /usr/lib/system/libsystem_containermanager.dylib
dyld[94405]: <D4ACD2AC-5702-3C45-85A0-300B2C2D19E1> /usr/lib/system/libsystem_coreservices.dylib
dyld[94405]: <8E07D22E-CE5A-38A0-B091-5B0338C326F5> /usr/lib/system/libsystem_darwin.dylib
dyld[94405]: <971A4F65-493D-39F3-846D-0D33FA2769FD> /usr/lib/system/libsystem_darwindirectory.dylib
dyld[94405]: <305F4398-E688-3384-B351-02D865EC8A04> /usr/lib/system/libsystem_dnssd.dylib
dyld[94405]: <750CA446-92EA-3A56-9A7B-CC0841686C50> /usr/lib/system/libsystem_eligibility.dylib
dyld[94405]: <FEE12F9C-344B-33B3-8EDD-283580EF1C67> /usr/lib/system/libsystem_featureflags.dylib
dyld[94405]: <9B5FB84B-31AD-3EA7-8F89-8C700D369DC8> /usr/lib/system/libsystem_info.dylib
dyld[94405]: <B54FBE99-DB0B-32C7-ABDD-C2206DF606A4> /usr/lib/system/libsystem_m.dylib
dyld[94405]: <D969A907-3E43-3951-9365-8C2DB3812E9D> /usr/lib/system/libsystem_malloc.dylib
dyld[94405]: <9C7B1EEB-47BE-3791-93A9-CFC693CB9417> /usr/lib/system/libsystem_networkextension.dylib
dyld[94405]: <15799128-6CBD-30D6-A2BB-B9D02B4470C0> /usr/lib/system/libsystem_notify.dylib
dyld[94405]: <54688162-B50D-3D31-A1E8-7B9766D3530D> /usr/lib/system/libsystem_sandbox.dylib
dyld[94405]: <D88EC709-9AA8-3083-B22B-D3CB39678D71> /usr/lib/system/libsystem_sanitizers.dylib
dyld[94405]: <ECABC024-8F02-374A-BB7E-29437CEA2ABD> /usr/lib/system/libsystem_secinit.dylib
dyld[94405]: <C6A4A4CB-92E6-3BAF-AAE0-E8306259209A> /usr/lib/system/libsystem_kernel.dylib
dyld[94405]: <EDB83A19-EC17-32DE-9350-6145970A85D6> /usr/lib/system/libsystem_platform.dylib
dyld[94405]: <A373F0B0-9880-326A-88B4-DD8BE4E33072> /usr/lib/system/libsystem_pthread.dylib
dyld[94405]: <229122B9-B8B1-3F2F-870E-8650AE3C4FB5> /usr/lib/system/libsystem_symptoms.dylib
dyld[94405]: <93F1DD8C-6CD9-32B9-B222-D23DA5D161B4> /usr/lib/system/libsystem_trace.dylib
dyld[94405]: <7194FF5B-A6C5-3D67-B00A-90209F10D603> /usr/lib/system/libsystem_trial.dylib
dyld[94405]: <05FD0014-55B1-3B8A-A6BA-6C7A389C4123> /usr/lib/system/libunwind.dylib
dyld[94405]: <33E44C2D-D65E-37A6-B85F-1A4CF524A050> /usr/lib/system/libxpc.dylib
dyld[94405]: <03BD9E32-CF0A-37B0-898A-3CE8DE06D842> /usr/lib/libobjc.A.dylib
dyld[94405]: <E2A87413-D325-3FCE-A57E-5745570A0EF2> /System/Library/PrivateFrameworks/XPCSupport.framework/Versions/A/XPCSupport
dyld[94405]: <9B672762-7B1F-30BC-96DE-F176B372D66D> /System/Library/Frameworks/CoreFoundation.framework/Versions/A/CoreFoundation
dyld[94405]: <83794FB3-DE9B-3D23-AB5E-2C1D5D30F134> /usr/lib/swift/libswiftCore.dylib
dyld[94405]: <0C7397C6-D747-31F2-8BC1-4096213BDE5C> /usr/lib/libRosetta.dylib
dyld[94405]: <91DACE39-FA28-3191-818D-1FCC6A0E615A> /System/Library/Frameworks/Foundation.framework/Versions/C/Foundation
dyld[94405]: <4FD234EA-2C18-3C25-8BD0-B1F4805C6675> /usr/lib/swift/libswiftObjectiveC.dylib
dyld[94405]: <9E3C7597-446F-3C50-9930-2425D9252C0C> /usr/lib/libswiftPrespecialized.dylib
dyld[94405]: <1479C415-3678-3968-AC77-06373490860E> /System/Library/Frameworks/SystemConfiguration.framework/Versions/A/SystemConfiguration
dyld[94405]: <13EDE3A5-A7D9-3FB8-B0C2-2FB7F7272B34> /usr/lib/libz.1.dylib
dyld[94405]: <54AD73AF-852E-3CD6-8B7D-E73BE79857D3> /System/Library/PrivateFrameworks/CoreAutoLayout.framework/Versions/A/CoreAutoLayout
dyld[94405]: <1A2A9A41-5269-3B0C-BCEE-B446966CE366> /usr/lib/libcmark-gfm.dylib
dyld[94405]: <820D290D-51A0-3064-A1F2-4F0AAF7E6BF4> /usr/lib/libfakelink.dylib
dyld[94405]: <BAEEB84F-03FE-3B78-8799-316258DF893E> /usr/lib/libcompression.dylib
dyld[94405]: <4A3B95C5-AA2E-338C-9398-56895AF82D97> /System/Library/Frameworks/CFNetwork.framework/Versions/A/CFNetwork
dyld[94405]: <332C4B80-5B3C-34E7-AD1F-F6131E607F95> /System/Library/Frameworks/DiskArbitration.framework/Versions/A/DiskArbitration
dyld[94405]: <0048DB96-1737-3FC5-AF0C-AF784FA24A03> /usr/lib/libarchive.2.dylib
dyld[94405]: <6CD959AA-4825-306A-864A-BD69EC5F2DC0> /usr/lib/libDiagnosticMessagesClient.dylib
dyld[94405]: <53A3E31E-06A8-325E-B5A8-316B88AA3C92> /usr/lib/libicucore.A.dylib
dyld[94405]: <1E8A4F9E-3954-3458-B3BB-BE97F961C105> /usr/lib/libxml2.2.dylib
dyld[94405]: <56AE2857-29E0-34E9-B2C3-EE8E951EEFC5> /System/Library/Frameworks/CoreServices.framework/Versions/A/CoreServices
dyld[94405]: <D201B12C-5258-3C03-89ED-B35FBFAEFA0C> /usr/lib/liblangid.dylib
dyld[94405]: <12372585-DF92-33EF-B632-714FAA13260A> /System/Library/Frameworks/IOKit.framework/Versions/A/IOKit
dyld[94405]: <F088ACC1-374F-3E9D-86DA-29310F8431B1> /System/Library/Frameworks/Combine.framework/Versions/A/Combine
dyld[94405]: <6098453F-4D7E-38B4-8ADC-02C9FF51E14A> /System/Library/PrivateFrameworks/CollectionsInternal.framework/Versions/A/CollectionsInternal
dyld[94405]: <9A1279D4-575A-3E48-A460-A631A3F82D18> /System/Library/PrivateFrameworks/ReflectionInternal.framework/Versions/A/ReflectionInternal
dyld[94405]: <6D89CD71-A86D-3D78-A64B-96AB79550F79> /System/Library/PrivateFrameworks/RuntimeInternal.framework/Versions/A/RuntimeInternal
dyld[94405]: <4109E8DD-0A81-310C-B1B3-23B87186D0D8> /System/Library/PrivateFrameworks/SoftLinking.framework/Versions/A/SoftLinking
dyld[94405]: <4975D13C-2AC5-3473-85C0-98054A81D7C6> /usr/lib/swift/libswiftCoreFoundation.dylib
dyld[94405]: <1DB56DA9-CF6B-3023-ABDF-5A37CB79223C> /usr/lib/swift/libswiftDarwin.dylib
dyld[94405]: <F0B9A36E-CE82-3B73-B644-E9C05DF0AF71> /usr/lib/swift/libswiftDispatch.dylib
dyld[94405]: <06A92787-4440-3757-AF32-F2B331C753A2> /usr/lib/swift/libswiftIOKit.dylib
dyld[94405]: <7CD9BDE7-F36B-3471-9295-38E181D6D9E5> /usr/lib/swift/libswiftSystem.dylib
dyld[94405]: <24AEDAC1-C1EE-30F4-8818-72EBF8969D0C> /usr/lib/swift/libswiftXPC.dylib
dyld[94405]: <52F59382-A6A6-3F55-8A85-D9FB822D370F> /usr/lib/swift/libswift_Builtin_float.dylib
dyld[94405]: <8E168857-47F4-349F-A718-A18DB144FCB0> /usr/lib/swift/libswift_Concurrency.dylib
dyld[94405]: <85246B9A-A757-3F67-B792-3A2F7BB2BB25> /usr/lib/swift/libswift_DarwinFoundation1.dylib
dyld[94405]: <8DF0116D-DFC9-3906-9DF6-F1DBC47E324B> /usr/lib/swift/libswift_StringProcessing.dylib
dyld[94405]: <C7A04322-C1B4-39A6-9E88-1C8CEDB97264> /usr/lib/swift/libswiftos.dylib
dyld[94405]: <7D56DA94-31EB-35F0-B886-4010C075E035> /System/Library/PrivateFrameworks/CoreServicesInternal.framework/Versions/A/CoreServicesInternal
dyld[94405]: <0C7397C6-D747-31F2-8BC1-4096213BDE5C> /usr/lib/liboah.dylib
dyld[94405]: <9D0387FC-E8F6-3004-9C95-CA68EA715C8B> /System/Library/Frameworks/Security.framework/Versions/A/Security
dyld[94405]: <A24BD91A-8190-352C-B5A2-D442DB5D6459> /System/Library/PrivateFrameworks/GenerationalStorage.framework/Versions/A/GenerationalStorage
dyld[94405]: <F5519EDD-F080-3571-918D-A77115712256> /System/Library/PrivateFrameworks/CacheDelete.framework/Versions/A/CacheDelete
dyld[94405]: <36F215D1-A2C0-32CA-ADD8-6D85AB48A772> /System/Library/Frameworks/QuickLookThumbnailing.framework/Versions/A/QuickLookThumbnailing
dyld[94405]: <5EA68C5E-69B0-3011-9D66-AEF49D82B29D> /System/Library/Frameworks/FileProvider.framework/Versions/A/FileProvider
dyld[94405]: <E318744C-06A0-39A4-A55B-1245016B42CE> /System/Library/PrivateFrameworks/DiskImages.framework/Versions/A/DiskImages
dyld[94405]: <49121861-2603-3B0A-B664-BAD9E729BE5D> /System/Library/Frameworks/NetFS.framework/Versions/A/NetFS
dyld[94405]: <C5AF8E88-9770-3B2B-9F79-AA5B1082A2DB> /System/Library/PrivateFrameworks/DesktopServicesPriv.framework/Versions/A/DesktopServicesPriv
dyld[94405]: <F1A7246D-30C0-345F-8138-266094EC8315> /System/Library/Frameworks/CoreServices.framework/Versions/A/Frameworks/FSEvents.framework/Versions/A/FSEvents
dyld[94405]: <D884AF5B-23F7-313A-97ED-DD54518BA922> /System/Library/Frameworks/CoreServices.framework/Versions/A/Frameworks/CarbonCore.framework/Versions/A/CarbonCore
dyld[94405]: <DEFC137A-C15D-35CB-AF08-E4D06B6CF8B9> /System/Library/Frameworks/CoreServices.framework/Versions/A/Frameworks/Metadata.framework/Versions/A/Metadata
dyld[94405]: <61677289-93B7-382F-86CA-B856361D293F> /System/Library/Frameworks/CoreServices.framework/Versions/A/Frameworks/OSServices.framework/Versions/A/OSServices
dyld[94405]: <B352D2B5-7115-3FF6-8805-7B49151BF5A2> /System/Library/Frameworks/CoreServices.framework/Versions/A/Frameworks/SearchKit.framework/Versions/A/SearchKit
dyld[94405]: <435D6243-695B-3543-A722-10106F5696BD> /System/Library/Frameworks/CoreServices.framework/Versions/A/Frameworks/AE.framework/Versions/A/AE
dyld[94405]: <01579E0C-9D85-3521-8916-4DDC990CD064> /System/Library/Frameworks/CoreServices.framework/Versions/A/Frameworks/LaunchServices.framework/Versions/A/LaunchServices
dyld[94405]: <6A26D479-5926-330B-9FB8-9B7A6BE8E239> /System/Library/Frameworks/CoreServices.framework/Versions/A/Frameworks/DictionaryServices.framework/Versions/A/DictionaryServices
dyld[94405]: <297AC970-E432-3BBD-986C-36782634062E> /System/Library/Frameworks/CoreServices.framework/Versions/A/Frameworks/SharedFileList.framework/Versions/A/SharedFileList
dyld[94405]: <C3B4633A-F17D-3054-95C0-5A21B916A1B3> /usr/lib/libapple_nghttp2.dylib
dyld[94405]: <B67E4205-32B5-3FF3-9FB5-9186C0B32A90> /usr/lib/libsqlite3.dylib
dyld[94405]: <5F6B668E-00B2-3BEC-959F-26BD6B50D42B> /System/Library/Frameworks/Accounts.framework/Versions/A/Accounts
dyld[94405]: <44CD8313-2D5B-3A34-BACA-EF8800803B4A> /System/Library/PrivateFrameworks/AOSKit.framework/Versions/A/AOSKit
dyld[94405]: <5198BFE1-41D2-33D5-A9E0-C63F81A512D3> /System/Library/PrivateFrameworks/AppSSOCore.framework/Versions/A/AppSSOCore
dyld[94405]: <61B2B917-D14A-38AD-A439-16E1C635441A> /System/Library/PrivateFrameworks/AppSupport.framework/Versions/A/AppSupport
dyld[94405]: <816EC446-7C41-3A2F-A582-7CB856797C09> /System/Library/Frameworks/AVFoundation.framework/Versions/A/AVFoundation
dyld[94405]: <10A4E63B-A1EB-31CC-B3E1-DB4FE115FC84> /System/Library/PrivateFrameworks/BackgroundSystemTasks.framework/Versions/A/BackgroundSystemTasks
dyld[94405]: <FAE24228-7E19-3F30-9872-3B25749ADAF8> /System/Library/PrivateFrameworks/CoreAnalytics.framework/Versions/A/CoreAnalytics
dyld[94405]: <38C8FBEC-DE88-33FE-B742-A192F22CC754> /System/Library/Frameworks/CoreGraphics.framework/Versions/A/CoreGraphics
dyld[94405]: <D3291D8F-5606-3593-ABA7-00CE39429D6B> /System/Library/PrivateFrameworks/DuetActivityScheduler.framework/Versions/A/DuetActivityScheduler
dyld[94405]: <0E78989C-854F-3664-AD92-6B7B6D04191C> /System/Library/PrivateFrameworks/FTServices.framework/Versions/A/FTServices
dyld[94405]: <277D18EF-39E4-3F72-99E8-8D3DF65ED1D0> /System/Library/Frameworks/GSS.framework/Versions/A/GSS
dyld[94405]: <5ACC6C0E-51E9-3B5A-B24F-89B22D070878> /System/Library/PrivateFrameworks/InternationalSupport.framework/Versions/A/InternationalSupport
dyld[94405]: <AAD0A926-EC29-3A5E-AAEA-5B603C455EC3> /usr/lib/libMemoryResourceException.dylib
dyld[94405]: <798012E0-3FFC-3B8D-AC74-E7B7DAEA7E66> /System/Library/PrivateFrameworks/NetworkScore.framework/Versions/A/NetworkScore
dyld[94405]: <2C93123F-99C8-3B8D-AAE6-3A817BE0A2BF> /System/Library/PrivateFrameworks/NetworkServiceProxy.framework/Versions/A/NetworkServiceProxy
dyld[94405]: <F7CC7754-0B25-302A-BFD4-5D16E9F666AD> /System/Library/PrivateFrameworks/RunningBoardServices.framework/Versions/A/RunningBoardServices
dyld[94405]: <FD3A5484-162B-3573-A1A0-E55318B78676> /System/Library/PrivateFrameworks/StreamingExtractor.framework/Versions/A/StreamingExtractor
dyld[94405]: <1F2EDC7B-8F28-3721-8A60-F6E1BCFC29A3> /System/Library/PrivateFrameworks/StreamingZip.framework/Versions/A/StreamingZip
dyld[94405]: <5DA62AF9-3D46-3D17-A3EB-7026A2F006DF> /System/Library/PrivateFrameworks/SymptomReporter.framework/Versions/A/SymptomReporter
dyld[94405]: <8E04C57D-3651-386E-83D5-4728B732F214> /usr/lib/libenergytrace.dylib
dyld[94405]: <A4A0036B-6614-36AA-9751-F7519237C5B7> /usr/lib/libnetworkextension.dylib
dyld[94405]: <1C7E652B-6B94-3180-93A6-EF8DBA3A5448> /System/Library/Frameworks/Network.framework/Versions/A/Network
dyld[94405]: <633BCB5F-F063-3D5A-B52A-F72AE236824B> /usr/lib/libbsm.0.dylib
dyld[94405]: <A3E386E1-042A-33E3-9121-78457115AAD9> /usr/lib/system/libkxld.dylib
dyld[94405]: <E444621A-C72D-36A2-AA52-9E9FAFA7B42D> /System/Library/PrivateFrameworks/AppleKeyStore.framework/Versions/A/AppleKeyStore
dyld[94405]: <A0DF7E4F-890F-320B-90BF-60CBAC3AFF8B> /usr/lib/libCoreEntitlements.dylib
dyld[94405]: <A287A9A4-5DFD-331D-93A8-696DBE94592C> /System/Library/PrivateFrameworks/MessageSecurity.framework/Versions/A/MessageSecurity
dyld[94405]: <C73EE6D7-FE28-30E3-BA6A-012DC32FA22F> /System/Library/PrivateFrameworks/ProtocolBuffer.framework/Versions/A/ProtocolBuffer
dyld[94405]: <81F4A8BA-C80F-3B53-82E7-57F6928609C5> /System/Library/PrivateFrameworks/CloudServices.framework/Versions/A/CloudServices
dyld[94405]: <737479F2-7B20-3DB6-B9F4-0DAA1B73E9D0> /System/Library/PrivateFrameworks/SymptomDiagnosticReporter.framework/Versions/A/SymptomDiagnosticReporter
dyld[94405]: <F963C33F-6026-336E-AE74-2ABA6F2322EF> /System/Library/PrivateFrameworks/CrashReporterSupport.framework/Versions/A/CrashReporterSupport
dyld[94405]: <D614ADAF-EEDD-3492-AEEB-7D03558D419C> /usr/lib/libMobileGestalt.dylib
dyld[94405]: <DA611209-7AA6-37C4-B4EC-7B7A7020A607> /System/Library/PrivateFrameworks/AppleFSCompression.framework/Versions/A/AppleFSCompression
dyld[94405]: <0EAB1F4A-9275-3FED-8EA6-E962ACDDEE5D> /usr/lib/libcoretls.dylib
dyld[94405]: <6937D729-7EF4-3972-9E12-694C17C1C1AB> /usr/lib/libcoretls_cfhelpers.dylib
dyld[94405]: <7E84FD3B-E90E-317E-AC19-17B70AC809E5> /usr/lib/libpam.2.dylib
dyld[94405]: <B48CA8E1-C7EF-38BF-B8C0-91355EE685DC> /usr/lib/libxar.1.dylib
dyld[94405]: <E7595D59-4FA7-3A8E-9E9A-D1B22225B571> /System/Library/PrivateFrameworks/APFS.framework/Versions/A/APFS
dyld[94405]: <EDCDD822-AA64-3EB9-B0C3-9CEF1A4E0B36> /System/Library/PrivateFrameworks/SwiftASN1Internal.framework/Versions/A/SwiftASN1Internal
dyld[94405]: <D4EB86A9-2784-3D15-A72E-29832C211348> /usr/lib/libutil.dylib
dyld[94405]: <4C6139EE-BF87-37A6-B226-830A6FDC36F8> /System/Library/PrivateFrameworks/AppleSystemInfo.framework/Versions/A/AppleSystemInfo
dyld[94405]: <2BC48182-F354-3AB0-8F18-0C60CAAFE398> /System/Library/PrivateFrameworks/IOMobileFramebuffer.framework/Versions/A/IOMobileFramebuffer
dyld[94405]: <5556FD64-9D47-3547-961E-3A27681F3C51> /System/Library/Frameworks/IOSurface.framework/Versions/A/IOSurface
dyld[94405]: <7C50137B-2ABD-3819-B033-AE65B05A6085> /System/Library/PrivateFrameworks/CoreWiFi.framework/Versions/A/CoreWiFi
dyld[94405]: <DAB7DFDC-BE61-3164-B741-A753F6CD2E7E> /System/Library/PrivateFrameworks/LoggingSupport.framework/Versions/A/LoggingSupport
dyld[94405]: <91A461DE-C8E8-3868-B393-BA6E5A17DF2A> /System/Library/PrivateFrameworks/MobileAsset.framework/Versions/A/MobileAsset
dyld[94405]: <E86905A9-1519-3027-9182-C85F9EC8A6C0> /System/Library/PrivateFrameworks/PowerLog.framework/Versions/A/PowerLog
dyld[94405]: <F6E572E4-F0AB-3F91-A003-E75A612F3F3D> /System/Library/PrivateFrameworks/Rapport.framework/Versions/A/Rapport
dyld[94405]: <9F52706C-75BD-34AF-A29E-C26608124ACC> /System/Library/Frameworks/SwiftData.framework/Versions/A/SwiftData
dyld[94405]: <259877CE-4E2C-34A9-A07F-FEE2999D7B2F> /System/Library/PrivateFrameworks/Symptoms.framework/Versions/A/Frameworks/SymptomAnalytics.framework/Versions/A/SymptomAnalytics
dyld[94405]: <B57F62F5-1581-3CE6-8782-6072B970FDF2> /System/Library/Frameworks/UniformTypeIdentifiers.framework/Versions/A/UniformTypeIdentifiers
dyld[94405]: <4A78C569-FF0D-398B-9C25-33453F0CEC40> /System/Library/PrivateFrameworks/UserManagement.framework/Versions/A/UserManagement
dyld[94405]: <5BF55637-F306-3D79-B5A1-DB8A871DAD4B> /usr/lib/libboringssl.dylib
dyld[94405]: <831C79C1-8DBE-31A3-AA4E-8E2B041488D6> /usr/lib/libcupolicy.dylib
dyld[94405]: <88925A0C-4960-3F6D-AF3A-B1983F7B3D18> /usr/lib/libdns_services.dylib
dyld[94405]: <9753F471-40DD-3B9E-9D64-8D07C1B06BC9> /System/Library/Frameworks/NetworkExtension.framework/Versions/A/NetworkExtension
dyld[94405]: <AA138671-8F21-30AE-808F-EBCF938B6013> /usr/lib/libnwswifttls.dylib
dyld[94405]: <6F59933A-6618-33F1-BE52-E7FC3BF7A1EF> /usr/lib/libpcap.A.dylib
dyld[94405]: <5E89267F-C684-348D-8356-F9DAD8B4CB13> /usr/lib/libquic.dylib
dyld[94405]: <D2F997AA-2E08-3035-9D11-B2DF5D1552E9> /usr/lib/libusrtcp.dylib
dyld[94405]: <1617DBB1-2BFF-3619-903C-2FBB31348FB6> /System/Library/PrivateFrameworks/AtomicsInternal.framework/Versions/A/AtomicsInternal
dyld[94405]: <41F66F01-A342-3091-A832-0B2B645C922B> /System/Library/PrivateFrameworks/InternalSwiftProtobuf.framework/Versions/A/InternalSwiftProtobuf
dyld[94405]: <2EDB2E62-942F-3AB5-82AF-8E1328544E17> /usr/lib/swift/libswiftDistributed.dylib
dyld[94405]: <CD141C3F-F1A3-3AD8-B190-0A78FB3BB4E5> /usr/lib/swift/libswiftObservation.dylib
dyld[94405]: <FDFD191A-CA23-3D4A-9875-C7748238830A> /usr/lib/swift/libswiftSynchronization.dylib
dyld[94405]: <91BDD1F8-831B-3B01-86BA-6BBCB43373C4> /System/Library/PrivateFrameworks/AggregateDictionary.framework/Versions/A/AggregateDictionary
dyld[94405]: <90CFC86E-833E-3E9F-BAAC-2B61BD750DA6> /System/Library/PrivateFrameworks/CoreDuetContext.framework/Versions/A/CoreDuetContext
dyld[94405]: <07CF779F-8F51-3764-B486-23D76868FF91> /System/Library/PrivateFrameworks/BiomeLibrary.framework/Versions/A/BiomeLibrary
dyld[94405]: <838F99F9-D3FA-335B-9767-B5D04A3FACA6> /System/Library/PrivateFrameworks/CoreDuet.framework/Versions/A/CoreDuet
dyld[94405]: <2110407D-EFB4-373E-B963-9C92E26594B2> /System/Library/PrivateFrameworks/BiomeStreams.framework/Versions/A/BiomeStreams
dyld[94405]: <455A5553-E683-30B4-A906-1F14E75F6E61> /System/Library/PrivateFrameworks/BiomeFoundation.framework/Versions/A/BiomeFoundation
dyld[94405]: <0F03104F-FC8B-3ADD-8850-4B7029E2B56E> /System/Library/PrivateFrameworks/BiomePubSub.framework/Versions/A/BiomePubSub
dyld[94405]: <712AD9C1-44D2-36F4-BA8E-15038521462B> /System/Library/Frameworks/CoreData.framework/Versions/A/CoreData
dyld[94405]: <73EE1A0A-0D29-3104-98CB-BEFEDA53F7C0> /System/Library/PrivateFrameworks/ProactiveSupport.framework/Versions/A/ProactiveSupport
dyld[94405]: <9805BB7B-12C9-39F5-9070-C5B8BFCAE2AF> /System/Library/Frameworks/CoreLocation.framework/Versions/A/CoreLocation
dyld[94405]: <FA0B35BF-F3FE-3329-983D-B5118AAF4E07> /System/Library/Frameworks/Intents.framework/Versions/A/Intents
dyld[94405]: <EDFF8FB1-DFD9-32F1-B215-F8647276D90C> /System/Library/Frameworks/_LocationEssentials.framework/Versions/A/_LocationEssentials
dyld[94405]: <A758BC2B-EB48-3590-9B22-C2E0FAC3521E> /usr/lib/liblzma.5.dylib
dyld[94405]: <9171DD7D-3994-3963-9A28-BC163BF97DE6> /System/Library/Frameworks/Accelerate.framework/Versions/A/Accelerate
dyld[94405]: <D3DECDE5-FA90-35FB-861D-8148E963D8B1> /System/Library/PrivateFrameworks/MobileKeyBag.framework/Versions/A/MobileKeyBag
dyld[94405]: <858910C5-1D4A-37B7-BF0E-EE02E24A2ACD> /System/Library/PrivateFrameworks/InternationalTextSearch.framework/Versions/A/InternationalTextSearch
dyld[94405]: <13271AA6-33EA-369B-B2D1-6EC528C820E7> /System/Library/PrivateFrameworks/SoftwareUpdateCoreSupport.framework/Versions/A/SoftwareUpdateCoreSupport
dyld[94405]: <2CA857AF-D999-34DC-94A1-3AC0E5B80416> /System/Library/PrivateFrameworks/SoftwareUpdateCoreConnect.framework/Versions/A/SoftwareUpdateCoreConnect
dyld[94405]: <823F3D1A-65F1-3CC5-96B1-750263B8DB36> /System/Library/PrivateFrameworks/RemoteServiceDiscovery.framework/Versions/A/RemoteServiceDiscovery
dyld[94405]: <FC49965D-D149-30F8-A403-EED6A2ED8C1D> /System/Library/PrivateFrameworks/MSUDataAccessor.framework/Versions/A/MSUDataAccessor
dyld[94405]: <B5133C2D-C0A5-34C3-BF53-A59FBDDCEEDA> /usr/lib/libbootpolicy.dylib
dyld[94405]: <885F9C72-1018-368B-AD36-E8A42E87FD91> /System/Library/PrivateFrameworks/RemoteXPC.framework/Versions/A/RemoteXPC
dyld[94405]: <BA9D87B5-421B-37B2-BEF3-F3E359C22B18> /usr/lib/libFDR.dylib
dyld[94405]: <24D28E7F-A1AE-3031-8679-A0D6C6D68A86> /usr/lib/libamsupport.dylib
dyld[94405]: <29367004-5D60-38DB-831F-9E5EE9364B21> /usr/lib/libReverseProxyDevice.dylib
dyld[94405]: <9594FBFB-D49D-3DF6-8820-564633EAEC2B> /System/Library/PrivateFrameworks/AppleDeviceQuerySupport.framework/Versions/A/AppleDeviceQuerySupport
dyld[94405]: <BA13DE06-6320-345A-A2E3-CC3C4EB06574> /usr/lib/libpartition2_dynamic.dylib
dyld[94405]: <B739BAFB-BA9A-3F08-A480-EA4D41808899> /System/Library/PrivateFrameworks/AppleSauce.framework/Versions/A/AppleSauce
dyld[94405]: <9A8926C8-36A6-3DB4-A485-059C1F630984> /usr/lib/libAppleArchive.dylib
dyld[94405]: <5FFE1FFA-6BD0-32AF-A815-7543731CA763> /usr/lib/libbz2.1.0.dylib
dyld[94405]: <2B16DF37-A596-3D8A-AE47-33E580EB1354> /System/Library/Frameworks/Accelerate.framework/Versions/A/Frameworks/vImage.framework/Versions/A/vImage
dyld[94405]: <8203944D-B53E-3D7E-A481-3C676CAE1B6A> /System/Library/Frameworks/Accelerate.framework/Versions/A/Frameworks/vecLib.framework/Versions/A/vecLib
dyld[94405]: <F6878ABB-05CB-3A50-964F-4D772670BAEB> /System/Library/Frameworks/Accelerate.framework/Versions/A/Frameworks/vecLib.framework/Versions/A/libvMisc.dylib
dyld[94405]: <08508E7B-096D-31AB-9C66-191C877ED62F> /System/Library/Frameworks/Accelerate.framework/Versions/A/Frameworks/vImage.framework/Versions/A/Libraries/libCGInterfaces.dylib
dyld[94405]: <8945E7B7-12AE-3FF4-AA3B-D4DF9A06FEE7> /System/Library/PrivateFrameworks/AccelerateGPU.framework/Versions/A/AccelerateGPU
dyld[94405]: <23402175-D2CF-3B08-88D0-AFBBCF775FEF> /System/Library/Frameworks/Accelerate.framework/Versions/A/Frameworks/vecLib.framework/Versions/A/libBLAS.dylib
dyld[94405]: <086CBEED-2F64-3E75-AB99-8C8C0E0A2F1C> /System/Library/Frameworks/ApplicationServices.framework/Versions/A/ApplicationServices
dyld[94405]: <0616AF41-149E-3F4A-906E-56E2642457BE> /System/Library/Frameworks/CoreVideo.framework/Versions/A/CoreVideo
dyld[94405]: <873404F1-CC9D-30F9-AE06-8EA58D292005> /System/Library/Frameworks/ColorSync.framework/Versions/A/ColorSync
dyld[94405]: <B00FAD17-3AB0-343A-8CD8-F188911D898A> /System/Library/Frameworks/CoreText.framework/Versions/A/CoreText
dyld[94405]: <C9CF487D-E759-3F94-ABEB-7AE5EB39AF7D> /System/Library/Frameworks/ImageIO.framework/Versions/A/ImageIO
dyld[94405]: <BBC091EE-D42B-32AC-8B00-E7BDDF033D7B> /System/Library/Frameworks/ApplicationServices.framework/Versions/A/Frameworks/ATS.framework/Versions/A/ATS
dyld[94405]: <CD16C3FB-D2A0-3F68-98DC-CE67FCBFDFF2> /System/Library/Frameworks/ApplicationServices.framework/Versions/A/Frameworks/HIServices.framework/Versions/A/HIServices
dyld[94405]: <AABA23CA-86DB-312C-BAED-86C43B896705> /System/Library/Frameworks/ApplicationServices.framework/Versions/A/Frameworks/PrintCore.framework/Versions/A/PrintCore
dyld[94405]: <59BBF27B-1D89-3D35-9210-8386EFA15A8D> /System/Library/Frameworks/ApplicationServices.framework/Versions/A/Frameworks/QD.framework/Versions/A/QD
dyld[94405]: <B4FC52C5-BB0F-3604-B00E-16F24907EB8F> /System/Library/Frameworks/ApplicationServices.framework/Versions/A/Frameworks/ColorSyncLegacy.framework/Versions/A/ColorSyncLegacy
dyld[94405]: <9CDA611B-254A-3779-9356-369485134C2D> /System/Library/Frameworks/ApplicationServices.framework/Versions/A/Frameworks/SpeechSynthesis.framework/Versions/A/SpeechSynthesis
dyld[94405]: <0C8F41C6-6D93-3DB3-B522-CA8CFF5C3B33> /System/Library/PrivateFrameworks/SkyLight.framework/Versions/A/SkyLight
dyld[94405]: <9E126CE0-FBB2-3B15-953F-CCDC758E34FB> /System/Library/PrivateFrameworks/FontServices.framework/libFontParser.dylib
dyld[94405]: <959C748F-8851-3A25-BFFA-5FEA80296965> /System/Library/PrivateFrameworks/BaseBoard.framework/Versions/A/BaseBoard
dyld[94405]: <BF23D7B4-4992-3663-BBEC-A55EE7D351DE> /System/Library/PrivateFrameworks/BoardServices.framework/Versions/A/BoardServices
dyld[94405]: <E1DAB2C4-0470-35D4-914C-1F38DE3D9EBB> /System/Library/PrivateFrameworks/BackBoardServices.framework/Versions/A/BackBoardServices
dyld[94405]: <7F763DF9-EA7F-3938-B599-DCCF4605E610> /System/Library/PrivateFrameworks/BackBoardHIDEventFoundation.framework/Versions/A/BackBoardHIDEventFoundation
dyld[94405]: <D8E7E31A-7D3E-3742-A3EE-469C6237FAF4> /System/Library/Frameworks/CoreDisplay.framework/Versions/A/CoreDisplay
dyld[94405]: <C287CF1D-67F4-3798-99A3-221052B70A22> /System/Library/Frameworks/VideoToolbox.framework/Versions/A/VideoToolbox
dyld[94405]: <D5C759F9-A533-3E0B-8916-07CA63760A80> /System/Library/Frameworks/MetalPerformanceShaders.framework/Versions/A/MetalPerformanceShaders
dyld[94405]: <D495C457-EECC-3D57-B449-EC8F324214EC> /System/Library/PrivateFrameworks/ProDisplayLibrary.framework/Versions/A/ProDisplayLibrary
dyld[94405]: <1E529C1A-B09C-3EB7-A286-CE00E292D561> /System/Library/PrivateFrameworks/IOSurfaceAccelerator.framework/Versions/A/IOSurfaceAccelerator
dyld[94405]: <493E76D9-74D4-333B-A3B2-E5F9BC86429D> /System/Library/Frameworks/Metal.framework/Versions/A/Metal
dyld[94405]: <A0C21253-9F8C-3E9A-B9D9-02517BDAE43B> /System/Library/PrivateFrameworks/IOAccelerator.framework/Versions/A/IOAccelerator
dyld[94405]: <DB8BA2C9-C144-310E-AD6B-EB623FB3C7FB> /System/Library/Frameworks/CoreMedia.framework/Versions/A/CoreMedia
dyld[94405]: <A160698F-BE34-323D-B5BE-56D7371B1230> /System/Library/PrivateFrameworks/TCC.framework/Versions/A/TCC
dyld[94405]: <A062966A-1DD7-3BC4-83DB-42E820054727> /System/Library/PrivateFrameworks/WatchdogClient.framework/Versions/A/WatchdogClient
dyld[94405]: <98CB7012-30E5-3BDD-8C84-CDBDA9DB3017> /System/Library/Frameworks/QuartzCore.framework/Versions/A/QuartzCore
dyld[94405]: <57F7BB9C-649D-3360-AA86-A502815D77FA> /System/Library/PrivateFrameworks/MultitouchSupport.framework/Versions/A/MultitouchSupport
dyld[94405]: <625F222D-6394-39B9-A1F2-12B9EA56DD85> /usr/lib/swift/libswiftAccelerate.dylib
dyld[94405]: <CAFCB013-F154-361D-8A8C-062C63BBA8FC> /usr/lib/swift/libswiftCoreAudio.dylib
dyld[94405]: <BE970706-7E22-3C17-A8C1-BF3CDF685F21> /usr/lib/swift/libswiftCoreMedia.dylib
dyld[94405]: <7235A6A9-49B2-3B94-9DD6-C987019CDBF2> /usr/lib/swift/libswiftMetal.dylib
dyld[94405]: <9670AE5C-271A-3DCB-9A0A-8E3A7CCC2726> /usr/lib/swift/libswiftOSLog.dylib
dyld[94405]: <63444A8C-9E8C-3778-820D-1E0C88CA2DF7> /usr/lib/swift/libswiftQuartzCore.dylib
dyld[94405]: <A83236CA-4417-3C27-B252-72923DB09F88> /usr/lib/swift/libswiftUniformTypeIdentifiers.dylib
dyld[94405]: <9247A5B6-A883-3A07-BEE7-A223840317A4> /usr/lib/swift/libswiftVideoToolbox.dylib
dyld[94405]: <CB6EF41A-C18E-3EDA-B68C-CCB0E36EE662> /usr/lib/swift/libswiftsimd.dylib
dyld[94405]: <D393CCA0-5E20-31D3-8E1A-70476551724B> /System/Library/PrivateFrameworks/BiomeStorage.framework/Versions/A/BiomeStorage
dyld[94405]: <D5DD1ABA-3697-3A32-A10F-FC7B7954CFB6> /System/Library/PrivateFrameworks/IntelligencePlatformLibrary.framework/Versions/A/IntelligencePlatformLibrary
dyld[94405]: <42CDC0E6-51BA-3804-BD3E-EDF87FC74034> /System/Library/PrivateFrameworks/PoirotSchematizer.framework/Versions/A/PoirotSchematizer
dyld[94405]: <2362E209-EC61-3FFC-9486-1244BB29BE82> /System/Library/PrivateFrameworks/BiomeSync.framework/Versions/A/BiomeSync
dyld[94405]: <FE87FF48-AB89-3D65-ABC3-EFE50A81355F> /System/Library/PrivateFrameworks/BiomeDSL.framework/Versions/A/BiomeDSL
dyld[94405]: <F8F78EEC-A28C-3AAF-A7F2-7EFD5B839EDB> /System/Library/PrivateFrameworks/FeatureFlags.framework/Versions/A/FeatureFlags
dyld[94405]: <D085FE4F-65AA-3A17-8F24-156DD9814882> /System/Library/PrivateFrameworks/PoirotUDFs.framework/Versions/A/PoirotUDFs
dyld[94405]: <AF5AF4DC-D24A-3073-BD23-4CEAD8C3AEE4> /usr/lib/swift/libswift_DarwinFoundation2.dylib
dyld[94405]: <8D2C31B5-FB10-3BF6-8566-F0DCD56C8582> /usr/lib/swift/libswift_DarwinFoundation3.dylib
dyld[94405]: <A41A3592-8BDB-3BE5-BBF4-DC196D669C1D> /System/Library/PrivateFrameworks/CoreTime.framework/Versions/A/CoreTime
dyld[94405]: <4646F780-1D5E-3EE7-B00A-64619293CC18> /usr/lib/libiconv.2.dylib
dyld[94405]: <1940124C-0D73-35D2-9D94-A75F116088A0> /usr/lib/libcharset.1.dylib
dyld[94405]: <24779350-BC29-3465-AAB3-F7CD0DA5844A> /System/Library/PrivateFrameworks/PoirotSQLite.framework/Versions/A/PoirotSQLite
dyld[94405]: <7B63C2BF-8C7C-3ECA-ACD9-F1B75DBE018C> /usr/lib/swift/libswift_RegexParser.dylib
dyld[94405]: <2091B02D-8D55-3DC4-8097-60C193D03C85> /System/Library/PrivateFrameworks/CascadeSets.framework/Versions/A/CascadeSets
dyld[94405]: <79000980-1797-3115-B74B-60FA1E9C3C73> /System/Library/PrivateFrameworks/CorePhoneNumbers.framework/Versions/A/CorePhoneNumbers
dyld[94405]: <7F00413A-4D40-3DBF-8FD5-859B23E6DC03> /System/Library/PrivateFrameworks/AppleJPEG.framework/Versions/A/AppleJPEG
dyld[94405]: <FA9B7355-899F-371F-9293-21A94BAE956F> /usr/lib/libexpat.1.dylib
dyld[94405]: <C880ABD1-01CC-39F9-9144-E5DE22D0595F> /System/Library/Frameworks/ImageIO.framework/Versions/A/Resources/libPng.dylib
dyld[94405]: <CA3AB1CA-DC97-328C-83E8-7CD89BC7FFBE> /System/Library/Frameworks/ImageIO.framework/Versions/A/Resources/libTIFF.dylib
dyld[94405]: <A4885DA3-9B44-3026-89DF-8161510F2F5C> /System/Library/Frameworks/ImageIO.framework/Versions/A/Resources/libGIF.dylib
dyld[94405]: <7304F8B3-8E0F-3813-BFAF-9A565CEA0A11> /System/Library/Frameworks/ImageIO.framework/Versions/A/Resources/libJP2.dylib
dyld[94405]: <01AAD3B4-D6BA-36D9-BA6F-D494D2AC161D> /usr/lib/libate.dylib
dyld[94405]: <8EA6CA42-AA01-3C0F-9672-4917481BAAAE> /System/Library/Frameworks/ImageIO.framework/Versions/A/Resources/libJPEG.dylib
dyld[94405]: <CA79D637-1D80-3C62-8820-EE4CE6961A5A> /System/Library/Frameworks/ImageIO.framework/Versions/A/Resources/libRadiance.dylib
dyld[94405]: <526C249F-FF2E-3DC4-A639-B41A032E8CCE> /System/Library/PrivateFrameworks/GPUCompiler.framework/Versions/32023/Libraries/libllvm-flatbuffers.dylib
dyld[94405]: <1FDD3B19-C04A-3EE7-B7DF-E1F89954A696> /System/Library/PrivateFrameworks/FramePacing.framework/Versions/A/FramePacing
dyld[94405]: <2C410B78-B9A5-30DC-8D83-FFEC1277F34C> /System/Library/Frameworks/OpenGL.framework/Versions/A/Libraries/libCoreFSCache.dylib
dyld[94405]: <F5DD2A61-CD1B-32B0-A8E6-7CB5B4BABFF1> /System/Library/PrivateFrameworks/GPUCompiler.framework/Versions/32023/Libraries/libGPUCompilerUtils.dylib
dyld[94405]: <757FEDFF-841C-3D62-B703-CDE79E929363> /System/Library/PrivateFrameworks/GraphicsServices.framework/Versions/A/GraphicsServices
dyld[94405]: <B4B82439-1E7E-33FB-A08D-6B0C20608AE3> /System/Library/Frameworks/OpenGL.framework/Versions/A/OpenGL
dyld[94405]: <B48D9786-7BF0-308B-A82B-4590632E71D4> /System/Library/Frameworks/OpenGL.framework/Versions/A/Libraries/libGLU.dylib
dyld[94405]: <6CEF3932-AAC9-3F8E-905D-A826F2884C9A> /System/Library/Frameworks/OpenGL.framework/Versions/A/Libraries/libGFXShared.dylib
dyld[94405]: <DED25257-919A-3D90-A2A1-9C61DC783FE8> /System/Library/Frameworks/OpenGL.framework/Versions/A/Libraries/libGL.dylib
dyld[94405]: <CD28CE41-30BB-3743-88BC-22FD9D24D908> /System/Library/Frameworks/OpenGL.framework/Versions/A/Libraries/libGLImage.dylib
dyld[94405]: <D02BDBB2-FBA6-3050-9076-08D94E904E3A> /System/Library/Frameworks/OpenGL.framework/Versions/A/Libraries/libCVMSPluginSupport.dylib
dyld[94405]: <07CB5D41-C2F3-3C33-951F-67B2C8B8B662> /System/Library/Frameworks/OpenGL.framework/Versions/A/Libraries/libCoreVMClient.dylib
dyld[94405]: <C1AB9351-81C2-3B9F-B237-D8560B16A134> /System/Library/PrivateFrameworks/GPUWrangler.framework/Versions/A/GPUWrangler
dyld[94405]: <BD01EBB2-341A-38E7-89D5-450025B67415> /System/Library/PrivateFrameworks/IOPresentment.framework/Versions/A/IOPresentment
dyld[94405]: <CFE441E7-0BAC-3894-862D-9F914D9E6D40> /System/Library/PrivateFrameworks/DSExternalDisplay.framework/Versions/A/DSExternalDisplay
dyld[94405]: <825E8416-E246-338E-A5CF-AA81A1B01DD9> /System/Library/PrivateFrameworks/VideoToolboxParavirtualizationSupport.framework/Versions/A/VideoToolboxParavirtualizationSupport
dyld[94405]: <7CF84496-675C-3241-B0EF-E83C95F188FA> /System/Library/PrivateFrameworks/AppleVA.framework/Versions/A/AppleVA
dyld[94405]: <3D533C35-3A2A-3672-92EF-5FEE9EE739AC> /System/Library/Frameworks/ExtensionFoundation.framework/Versions/A/ExtensionFoundation
dyld[94405]: <E35A60EE-A0A9-36CA-824C-0DC01FDD6658> /System/Library/PrivateFrameworks/CMCaptureCore.framework/Versions/A/CMCaptureCore
dyld[94405]: <04DC06C1-2BFA-3FEE-9429-A33E41721A3E> /usr/lib/libspindump.dylib
dyld[94405]: <D13AB14D-2B45-34D0-86DE-38DF75BF48E5> /System/Library/Frameworks/CoreAudio.framework/Versions/A/CoreAudio
dyld[94405]: <2B5FB7B0-844C-3D84-9EFD-020B285B0F8D> /System/Library/PrivateFrameworks/AppServerSupport.framework/Versions/A/AppServerSupport
dyld[94405]: <D3AAB65F-8C3C-399C-927F-20DC2DD769F2> /System/Library/PrivateFrameworks/perfdata.framework/Versions/A/perfdata
dyld[94405]: <B3B992BC-322C-389A-BB29-BA9B3D3B01EB> /System/Library/PrivateFrameworks/AudioDSPGraph.framework/Versions/A/AudioDSPGraph
dyld[94405]: <8AF1606D-5C93-3B80-BC81-60C5688628E2> /System/Library/PrivateFrameworks/AudioToolboxCore.framework/Versions/A/AudioToolboxCore
dyld[94405]: <AD0B0769-76D4-3613-BAE4-DBBBE05F7E3E> /System/Library/PrivateFrameworks/caulk.framework/Versions/A/caulk
dyld[94405]: <3FF99846-E48C-3C9A-814C-35B45E5F60EC> /usr/lib/libAudioStatistics.dylib
dyld[94405]: <6108A12D-286B-3CF2-B848-B0E7A0189DCC> /System/Library/PrivateFrameworks/SystemPolicy.framework/Versions/A/SystemPolicy
dyld[94405]: <655F6374-6CE8-3D0E-994E-4D7C37F78E89> /usr/lib/libSMC.dylib
dyld[94405]: <7AE04E20-83FD-3B1B-8846-E9869AD98DB5> /usr/lib/swift/libswiftCoreMIDI.dylib
dyld[94405]: <52BD9E26-B356-3EAA-9AD7-7FF700C61A91> /System/Library/Frameworks/CoreMIDI.framework/Versions/A/CoreMIDI
dyld[94405]: <75F77FEC-BE14-3C97-93DA-403C3B529D3B> /usr/lib/libAudioToolboxUtility.dylib
dyld[94405]: <912BFF10-FB8F-3D52-9941-ACDCE1CAE36A> /usr/lib/libperfcheck.dylib
dyld[94405]: <C4EF9A70-A6B4-3F21-B3D8-A0C740406419> /System/Library/PrivateFrameworks/AudioAnalytics.framework/Versions/A/AudioAnalytics
dyld[94405]: <869F0693-0E82-38C1-8920-C782E71735CA> /System/Library/Frameworks/OSLog.framework/Versions/A/OSLog
dyld[94405]: <62740FDD-2B16-3319-B5C9-022D45C6B03A> /System/Library/PrivateFrameworks/OSEligibility.framework/Versions/A/OSEligibility
dyld[94405]: <10C63D59-07BC-3518-87A0-83CAC48D8A70> /System/Library/PrivateFrameworks/IconServices.framework/Versions/A/IconServices
dyld[94405]: <8EF56F82-8CCE-3811-AD16-6D0939187B45> /System/Library/Frameworks/LightweightCodeRequirements.framework/Versions/A/LightweightCodeRequirements
dyld[94405]: <F362C1C4-8E0B-37E3-943D-D3D2C7A6DD63> /System/Library/PrivateFrameworks/PlugInKit.framework/Versions/A/PlugInKit
dyld[94405]: <1946F8FE-0ABC-3F8F-9116-5451ECABD14C> /System/Library/PrivateFrameworks/AssertionServices.framework/Versions/A/AssertionServices
dyld[94405]: <D9A3172C-CA6C-3CFB-BEA7-249650B5B009> /System/Library/PrivateFrameworks/IconFoundation.framework/Versions/A/IconFoundation
dyld[94405]: <E9AA2BD2-D71E-38C4-8B07-184B13EAC55C> /System/Library/PrivateFrameworks/AssistantServices.framework/Versions/A/AssistantServices
dyld[94405]: <6A34A62A-16D4-34F0-B34B-2D96B53C20AD> /System/Library/PrivateFrameworks/IconRendering.framework/Versions/A/IconRendering
dyld[94405]: <D58368A9-E06A-3514-8E77-823FCAD3161B> /System/Library/PrivateFrameworks/CoreUI.framework/Versions/A/CoreUI
dyld[94405]: <0943679D-FF88-3F18-BE4B-D8B4827AB0B5> /System/Library/Frameworks/CoreImage.framework/Versions/A/CoreImage
dyld[94405]: <968B5A5F-9749-3527-AF2A-66B599785308> /System/Library/PrivateFrameworks/SFSymbols.framework/Versions/A/SFSymbols
dyld[94405]: <B1322FAC-9016-3646-890B-B51DF5E968A2> /System/Library/Frameworks/DeveloperToolsSupport.framework/Versions/A/DeveloperToolsSupport
dyld[94405]: <92090A92-DFAF-3EBC-886C-655EC158A53F> /System/Library/PrivateFrameworks/RenderBox.framework/Versions/A/RenderBox
dyld[94405]: <986D57A7-BFF1-3DAA-8EB1-17CCAA76C731> /System/Library/PrivateFrameworks/CoreSVG.framework/Versions/A/CoreSVG
dyld[94405]: <D4BD9DCA-1C71-353D-8DAC-13ED5065D77F> /System/Library/PrivateFrameworks/TextureIO.framework/Versions/A/TextureIO
dyld[94405]: <A543AEBB-52DB-3028-BAC0-650F22C04BC8> /usr/lib/swift/libswiftCoreImage.dylib
dyld[94405]: <77D85BA0-FE1C-3B5A-92DB-70A30202C990> /System/Library/PrivateFrameworks/GraphVisualizer.framework/Versions/A/GraphVisualizer
dyld[94405]: <A9851D45-161F-3722-BC68-5B3B3FBFC956> /System/Library/PrivateFrameworks/FontServices.framework/Versions/A/FontServices
dyld[94405]: <5D3E7FFF-AC8E-3D6F-8E99-B199E593D270> /System/Library/PrivateFrameworks/OTSVG.framework/Versions/A/OTSVG
dyld[94405]: <49E7449E-1385-3B53-94CC-36EFC31E98FE> /System/Library/Frameworks/ApplicationServices.framework/Versions/A/Frameworks/ATS.framework/Versions/A/Resources/libFontRegistry.dylib
dyld[94405]: <23C577A8-DB0B-3A0A-9058-1289483C262A> /usr/lib/libhvf.dylib
dyld[94405]: <11E757EC-72FB-3C53-8ED7-641428AB6169> /System/Library/PrivateFrameworks/ParsingInternal.framework/Versions/A/ParsingInternal
dyld[94405]: <B3DBACFE-8DA6-3E2D-92F1-F82E010A2225> /System/Library/PrivateFrameworks/FontServices.framework/libXTFontStaticRegistryData.dylib
dyld[94405]: <DBB5F038-E085-39C8-A9BF-C3B3CB3F6FD5> /System/Library/Frameworks/MetalPerformanceShaders.framework/Versions/A/Frameworks/MPSCore.framework/Versions/A/MPSCore
dyld[94405]: <A0BE8307-7ECF-3AB8-B382-3E4059C85778> /System/Library/Frameworks/MetalPerformanceShaders.framework/Versions/A/Frameworks/MPSImage.framework/Versions/A/MPSImage
dyld[94405]: <199F6401-91D0-36E9-9EA9-D4B44ED1CE3A> /System/Library/Frameworks/MetalPerformanceShaders.framework/Versions/A/Frameworks/MPSNeuralNetwork.framework/Versions/A/MPSNeuralNetwork
dyld[94405]: <4D134FE3-50EE-39D5-9699-04B4B673DD35> /System/Library/Frameworks/MetalPerformanceShaders.framework/Versions/A/Frameworks/MPSMatrix.framework/Versions/A/MPSMatrix
dyld[94405]: <2E7E2722-3821-3DBF-B25A-6EA45D1A8FD4> /System/Library/Frameworks/MetalPerformanceShaders.framework/Versions/A/Frameworks/MPSRayIntersector.framework/Versions/A/MPSRayIntersector
dyld[94405]: <3E1FE9EA-34A2-3545-B639-48B1FE1FD3D4> /System/Library/Frameworks/MetalPerformanceShaders.framework/Versions/A/Frameworks/MPSNDArray.framework/Versions/A/MPSNDArray
dyld[94405]: <3103E210-FF5C-3677-BDD3-59FF17A6ACEC> /System/Library/Frameworks/MetalPerformanceShaders.framework/Versions/A/Frameworks/MPSFunctions.framework/Versions/A/MPSFunctions
dyld[94405]: <CE33B5A6-25BA-3202-BDFE-0D59EFE2199A> /System/Library/Frameworks/MetalPerformanceShaders.framework/Versions/A/Frameworks/MPSBenchmarkLoop.framework/Versions/A/MPSBenchmarkLoop
dyld[94405]: <31F90368-23A5-39BB-822B-C8470C4479AE> /System/Library/Frameworks/MetalPerformanceShaders.framework/Versions/A/Frameworks/MPSHost.framework/Versions/A/MPSHost
dyld[94405]: <9C416BB2-0882-315C-AF23-F476E34983BC> /System/Library/PrivateFrameworks/MetalTools.framework/Versions/A/MetalTools
dyld[94405]: <E6505525-75F4-380E-A9D7-7C5721260925> /System/Library/PrivateFrameworks/IOAccelMemoryInfo.framework/Versions/A/IOAccelMemoryInfo
dyld[94405]: <F2E7C7C4-03B4-3341-91ED-DD5472BF3F3B> /System/Library/PrivateFrameworks/kperf.framework/Versions/A/kperf
dyld[94405]: <03470B3A-A004-39A0-B6A4-F2A4AFFFCDD3> /System/Library/PrivateFrameworks/GPURawCounter.framework/Versions/A/GPURawCounter
dyld[94405]: <4D8F39C6-B221-3AF1-BB40-CAEB0A174D61> /System/Library/PrivateFrameworks/ASEProcessing.framework/Versions/A/ASEProcessing
dyld[94405]: <724D42FC-F4FD-39C7-A1BF-D0AD086231F4> /System/Library/PrivateFrameworks/Symbolication.framework/Versions/A/Symbolication
dyld[94405]: <FBE7AAD0-E0FC-3573-9D62-EB6948FE95FF> /System/Library/PrivateFrameworks/PhotosensitivityProcessing.framework/Versions/A/PhotosensitivityProcessing
dyld[94405]: <1B4C0154-843C-3CEE-9628-22978082DD2D> /System/Library/PrivateFrameworks/SILManager.framework/Versions/A/SILManager
dyld[94405]: <59136324-34E6-3367-92BB-659346907A04> /System/Library/PrivateFrameworks/CoreSymbolication.framework/Versions/A/CoreSymbolication
dyld[94405]: <566F2D7D-0F3B-3290-A739-7A40A151F0BE> /System/Library/PrivateFrameworks/MallocStackLogging.framework/Versions/A/MallocStackLogging
dyld[94405]: <7C923545-F3BB-3215-9720-85196358D9F1> /System/Library/PrivateFrameworks/DebugSymbols.framework/Versions/A/DebugSymbols
dyld[94405]: <06728C4D-5750-308F-8290-EAF7BE91F4BB> /System/Library/PrivateFrameworks/OSAnalytics.framework/Versions/A/OSAnalytics
dyld[94405]: <2FA711C7-F764-363A-BF03-295E0DA88B79> /System/Library/PrivateFrameworks/DeviceRecovery.framework/Versions/A/DeviceRecovery
dyld[94405]: <D817A379-80E9-3A4B-A361-DDEF1B7EFB28> /System/Library/PrivateFrameworks/Tightbeam.framework/Versions/A/Tightbeam
dyld[94405]: <856ACB2A-3334-3BA6-AAC8-8F344E7CDB83> /usr/lib/swift/libswiftCompression.dylib
dyld[94405]: <E638FBE2-2BB6-3A8E-A1DF-D7B5AC9BE7B0> /System/Library/PrivateFrameworks/AFKUser.framework/Versions/A/AFKUser
dyld[94405]: <2186F196-EE17-3A59-B9DA-D6823BEDD35B> /System/Library/Frameworks/ApplicationServices.framework/Versions/A/Frameworks/ATSUI.framework/Versions/A/ATSUI
dyld[94405]: <086BB8AD-E317-3FC4-9E44-0D7C6036E8D7> /System/Library/PrivateFrameworks/SAObjects.framework/Versions/A/SAObjects
dyld[94405]: <E8618176-515C-39A6-9F9C-3887A723C463> /System/Library/Frameworks/AudioToolbox.framework/Versions/A/AudioToolbox
dyld[94405]: <D3E0EAC7-7D37-316F-A361-F4C83335062D> /System/Library/PrivateFrameworks/MediaRemote.framework/Versions/A/MediaRemote
dyld[94405]: <7F1A25E4-ED0A-3502-AABA-26EDB4A0D2A7> /System/Library/Frameworks/UserNotifications.framework/Versions/A/UserNotifications
dyld[94405]: <8A5E0FF6-3116-3082-A0AD-20DCD6C5E1B4> /System/Library/PrivateFrameworks/SiriInstrumentation.framework/Versions/A/SiriInstrumentation
dyld[94405]: <600E036E-9B18-35BE-B40B-E8D2D53AC90D> /System/Library/PrivateFrameworks/SiriAnalytics.framework/Versions/A/SiriAnalytics
dyld[94405]: <619E6770-766A-3629-9AF8-F32C009375E9> /System/Library/PrivateFrameworks/SiriTTSService.framework/Versions/A/SiriTTSService
dyld[94405]: <71CAE70A-72AD-3F74-834D-3519B545C08D> /System/Library/PrivateFrameworks/SiriCrossDeviceArbitration.framework/Versions/A/SiriCrossDeviceArbitration
dyld[94405]: <D636CE5D-CC59-3EA5-9336-20DB0DAF6E85> /System/Library/PrivateFrameworks/FeedbackLogger.framework/Versions/A/FeedbackLogger
dyld[94405]: <55FBCBE4-1032-3017-BA49-D734B82405DF> /System/Library/PrivateFrameworks/FaceTimeNameUtility.framework/Versions/A/FaceTimeNameUtility
dyld[94405]: <336E2CAC-84D2-34DC-8AE3-7FE688C609EA> /System/Library/PrivateFrameworks/AuthKit.framework/Versions/A/AuthKit
dyld[94405]: <B6CA0C8F-4310-3E4B-BA3B-9F968F3009F4> /System/Library/PrivateFrameworks/SiriCrossDeviceArbitrationFeedback.framework/Versions/A/SiriCrossDeviceArbitrationFeedback
dyld[94405]: <368BC882-02B9-38AB-89B4-F62430F2B8EB> /usr/lib/swift/libswiftCoreLocation.dylib
dyld[94405]: <CEBC9F85-34DA-3BAF-B8DE-75F99B8C8976> /usr/lib/swift/libswiftAVFoundation.dylib
dyld[94405]: <C4A61DD1-1AEC-329E-A67E-388FB246CC34> /System/Library/PrivateFrameworks/UIKitServices.framework/Versions/A/UIKitServices
dyld[94405]: <54A2CBB8-623D-3629-904A-D0399ED13547> /System/Library/PrivateFrameworks/UnifiedAssetFramework.framework/Versions/A/UnifiedAssetFramework
dyld[94405]: <DC26AFB1-EFAD-3BB8-9446-0FB18DDFE476> /System/Library/PrivateFrameworks/AudioSession.framework/Versions/A/AudioSession
dyld[94405]: <52A7AD42-9DE0-393B-A6FB-A7CB6FF8F3A5> /System/Library/PrivateFrameworks/MediaExperience.framework/Versions/A/MediaExperience
dyld[94405]: <1A63E9E1-2D64-3AF4-9CCD-6EF042397F84> /System/Library/PrivateFrameworks/AudioSession.framework/libSessionUtility.dylib
dyld[94405]: <7CC1BC36-42C1-39A3-AA4F-F9C8ABCE0CD5> /System/Library/PrivateFrameworks/AudioAccessoryServices.framework/Versions/A/AudioAccessoryServices
dyld[94405]: <515FDCCC-535A-398B-BBD3-3D35565F5423> /System/Library/Frameworks/CoreBluetooth.framework/Versions/A/CoreBluetooth
dyld[94405]: <C943FF30-2340-3412-9880-5AB6FE22A95C> /System/Library/PrivateFrameworks/CoreUtils.framework/Versions/A/CoreUtils
dyld[94405]: <C61C2A64-EA55-3732-A51A-FD2F9740B76B> /System/Library/PrivateFrameworks/HID.framework/Versions/A/HID
dyld[94405]: <920D8AA6-CDCD-3E0F-AD66-F0673ACABD3F> /System/Library/PrivateFrameworks/Sharing.framework/Versions/A/Sharing
dyld[94405]: <3DD8C4CA-23E9-35CF-AD67-549DD72D3344> /System/Library/PrivateFrameworks/CoreUtilsExtras.framework/Versions/A/CoreUtilsExtras
dyld[94405]: <236517AD-8D16-3E62-8603-EBE7B65ACACA> /System/Library/PrivateFrameworks/IO80211.framework/Versions/A/IO80211
dyld[94405]: <42F76533-D8DD-3A24-A08A-103C51428797> /System/Library/PrivateFrameworks/IDSFoundation.framework/Versions/A/IDSFoundation
dyld[94405]: <116D159B-163E-3F91-9591-30FF8B6EB537> /System/Library/PrivateFrameworks/Apple80211.framework/Versions/A/Apple80211
dyld[94405]: <EDA738B7-55E8-328B-AA44-B121D23BB318> /System/Library/Frameworks/CoreWLAN.framework/Versions/A/CoreWLAN
dyld[94405]: <1ABB6C50-A5DE-3744-8F07-8C3B5617B0B9> /System/Library/Frameworks/IOBluetooth.framework/Versions/A/IOBluetooth
dyld[94405]: <82D79BDA-26A0-3A44-AAC8-911411801FDE> /usr/lib/swift/libswiftRegexBuilder.dylib
dyld[94405]: <41E45E0C-2E88-3605-B213-F7CD760A9FF4> /System/Library/PrivateFrameworks/IMFoundation.framework/Versions/A/IMFoundation
dyld[94405]: <40F60A3F-90A9-3F07-A99D-005E3158C6F6> /System/Library/PrivateFrameworks/Marco.framework/Versions/A/Marco
dyld[94405]: <59FFD032-1427-39F6-BC16-A6877582A243> /System/Library/PrivateFrameworks/CommonUtilities.framework/Versions/A/CommonUtilities
dyld[94405]: <6C3E51F8-D809-3AA1-8695-B75714C2D39A> /System/Library/PrivateFrameworks/Engram.framework/Versions/A/Engram
dyld[94405]: <E0EBF3B8-E8A7-3D19-A4F1-B59F59D01868> /System/Library/PrivateFrameworks/XPCDistributed.framework/Versions/A/XPCDistributed
dyld[94405]: <12066854-2BE4-35DF-BA9F-B38221C980FD> /usr/lib/libtidy.A.dylib
dyld[94405]: <63F598E2-AF8A-3F29-BE11-3F14DB377A5B> /System/Library/PrivateFrameworks/Bom.framework/Versions/A/Bom
dyld[94405]: <BA8350F0-D484-3F47-8DB5-98AE258D91CB> /usr/lib/libParallelCompression.dylib
dyld[94405]: <9E06CB59-0638-3C9F-B202-264E739433AC> /usr/lib/libIOReport.dylib
dyld[94405]: <15EEE715-2670-3288-AFA8-504BAD951B4F> /System/Library/PrivateFrameworks/WiFiPeerToPeer.framework/Versions/A/WiFiPeerToPeer
dyld[94405]: <9A86DB3F-CC62-3E89-B872-35D04CFFBE42> /System/Library/Frameworks/SecurityFoundation.framework/Versions/A/SecurityFoundation
dyld[94405]: <3854272C-7B14-3A3C-9BB1-F0FBA394708A> /System/Library/PrivateFrameworks/Centauri.framework/Versions/A/Centauri
dyld[94405]: <946B1484-B180-3451-A452-B54BF5A6D392> /System/Library/PrivateFrameworks/Lexicon.framework/Versions/A/Lexicon
dyld[94405]: <2B49C295-4EA2-3DE3-90B4-DC03A96F2657> /usr/lib/libmrc.dylib
dyld[94405]: <6661265C-7B78-3158-9011-4BFDFFEF7807> /System/Library/PrivateFrameworks/IPConfiguration.framework/Versions/A/IPConfiguration
dyld[94405]: <B95CD77E-662A-3F10-89DB-114FBDC592C3> /System/Library/PrivateFrameworks/Netrb.framework/Versions/A/Netrb
dyld[94405]: <DD0CA5A1-7BD8-3895-9290-3580A783C069> /System/Library/PrivateFrameworks/FrontBoardServices.framework/Versions/A/FrontBoardServices
dyld[94405]: <74E55DD6-720D-39E4-897E-EB4328E1946D> /usr/lib/libgermantok.dylib
dyld[94405]: <FDD446CF-5D67-341F-8247-DAE855305379> /System/Library/PrivateFrameworks/LinguisticData.framework/Versions/A/LinguisticData
dyld[94405]: <21723046-939E-302F-883C-9DB417452E3A> /System/Library/PrivateFrameworks/MultiverseSupport.framework/Versions/A/MultiverseSupport
dyld[94405]: <B478696F-3B77-3224-9945-5E2770F73578> /System/Library/PrivateFrameworks/DiskManagement.framework/Versions/A/DiskManagement
dyld[94405]: <FB5CF019-692F-3DDB-9E1F-ABAA63F4B8D9> /System/Library/PrivateFrameworks/AppleIDAuthSupport.framework/Versions/A/AppleIDAuthSupport
dyld[94405]: <E423A66B-6198-377C-934C-2E4A7FE4C732> /System/Library/PrivateFrameworks/AAAFoundation.framework/Versions/A/AAAFoundation
dyld[94405]: <FFBABC1E-8B3E-394B-A95E-A330674158A2> /System/Library/PrivateFrameworks/KeychainCircle.framework/Versions/A/KeychainCircle
dyld[94405]: <CB5152F9-1DCC-323D-AE27-5ECE07CB039C> /System/Library/PrivateFrameworks/URLFormatting.framework/Versions/A/URLFormatting
dyld[94405]: <80C3E2D4-B6B8-3C62-B257-27DEEBAD4935> /usr/lib/libcsfde.dylib
dyld[94405]: <650E155C-1FE3-36ED-8D84-157D380F7F95> /usr/lib/libCoreStorage.dylib
dyld[94405]: <46DD93AF-BACD-309B-AD51-9CC47C78CA2C> /System/Library/PrivateFrameworks/MediaKit.framework/Versions/A/MediaKit
dyld[94405]: <B38F9602-2DFD-33EB-9B69-867D46CF602A> /System/Library/Frameworks/DiscRecording.framework/Versions/A/DiscRecording
dyld[94405]: <1F8700BE-BD91-3B94-AC32-A5F10CEFEE35> /System/Library/PrivateFrameworks/ProtectedCloudStorage.framework/Versions/A/ProtectedCloudStorage
dyld[94405]: <ED615852-CBF2-3349-81A5-27A7D089C1FB> /System/Library/PrivateFrameworks/EFILogin.framework/Versions/A/EFILogin
dyld[94405]: <6A4A85F4-3D12-3C4C-85EC-D53D61379F28> /usr/lib/libheimdal-asn1.dylib
dyld[94405]: <B5964A5B-DEFA-3D07-97D0-A5B8249970C1> /System/Library/PrivateFrameworks/OctagonTrust.framework/Versions/A/OctagonTrust
dyld[94405]: <093EF25B-5305-3611-B068-E65071858F52> /System/Library/Frameworks/AudioUnit.framework/Versions/A/AudioUnit
dyld[94405]: <F53E8087-7A50-37C7-811E-3D84A07325F6> /System/Library/Frameworks/OpenDirectory.framework/Versions/A/OpenDirectory
dyld[94405]: <3B7FD4C1-D1D4-3DA9-B2F8-3D4094679D76> /System/Library/Frameworks/OpenDirectory.framework/Versions/A/Frameworks/CFOpenDirectory.framework/Versions/A/CFOpenDirectory
dyld[94405]: <1DAFDDDA-BB7B-320E-BCFC-B7C22886D486> /System/Library/PrivateFrameworks/GeoServices.framework/Versions/A/GeoServices
dyld[94405]: <AE40B558-7C76-3410-A632-84E1B02DF891> /System/Library/PrivateFrameworks/LocationSupport.framework/Versions/A/LocationSupport
dyld[94405]: <38EE3C42-06D6-3A46-A420-DF701A4EA911> /System/Library/PrivateFrameworks/GeoServicesCore.framework/Versions/A/GeoServicesCore
dyld[94405]: <8D0ECDD1-24B6-3B8D-9CF9-CDC55FC64490> /System/Library/PrivateFrameworks/PhoneNumbers.framework/Versions/A/PhoneNumbers
dyld[94405]: <8A2C8C17-E138-3B34-8643-ED4FB1C9049E> /System/Library/PrivateFrameworks/LocationLogEncryption.framework/Versions/A/LocationLogEncryption
dyld[94405]: <016C5057-625C-30B1-AD32-7BC9D082F05B> /System/Library/Frameworks/AVFAudio.framework/Versions/A/AVFAudio
dyld[94405]: <DBDAA7C3-4F28-390B-B8D4-D59F58121AA2> /System/Library/Frameworks/AVRouting.framework/Versions/A/AVRouting
dyld[94405]: <5240B3A0-D035-345E-A636-BC3A92C847C4> /usr/lib/libAccessibility.dylib
dyld[94405]: <1FB2BCFD-D9FC-385A-A0EA-E2B5052E27F5> /System/Library/PrivateFrameworks/MediaServices.framework/Versions/A/MediaServices
dyld[94405]: <F56AB66A-60FF-3241-9608-313B8522D517> /System/Library/PrivateFrameworks/IDS.framework/Versions/A/IDS
dyld[94405]: <BCF6954A-8EBA-3813-92D9-FE75B565FD8B> /System/Library/PrivateFrameworks/IsolatedCoreAudioClient.framework/Versions/A/IsolatedCoreAudioClient
dyld[94405]: <7CC0621B-3B88-3533-A3FB-52E6214486EE> /System/Library/PrivateFrameworks/CoreAudioOrchestration.framework/Versions/A/CoreAudioOrchestration
dyld[94405]: <B4C2E4EA-D4F8-3676-AD09-004A44391002> /System/Library/Frameworks/MediaToolbox.framework/Versions/A/MediaToolbox
dyld[94405]: <CEC7BD9E-B5F2-3E7C-B04D-5DF1FC3A4553> /System/Library/PrivateFrameworks/CoreAVCHD.framework/Versions/A/CoreAVCHD
dyld[94405]: <74D313A5-4D99-35D1-A4C9-B76AB6457EF0> /System/Library/Frameworks/MediaAccessibility.framework/Versions/A/MediaAccessibility
dyld[94405]: <87F549F4-73CC-302B-ABDB-D3CCFADABFA9> /System/Library/PrivateFrameworks/Mangrove.framework/Versions/A/Mangrove
dyld[94405]: <214294AE-C7B7-3C9A-A4F8-201C989F9779> /System/Library/PrivateFrameworks/CMPhoto.framework/Versions/A/CMPhoto
dyld[94405]: <5F090F48-E481-3737-8E75-362E5D274879> /System/Library/Frameworks/CoreTelephony.framework/Versions/A/CoreTelephony
dyld[94405]: <9ACFCA55-82CB-33DB-AD00-443576099FDB> /System/Library/PrivateFrameworks/CoreAUC.framework/Versions/A/CoreAUC
dyld[94405]: <71A0C0AD-67F3-36F9-BF73-6DD5D7424AF7> /System/Library/PrivateFrameworks/AppleJPEGXL.framework/Versions/A/AppleJPEGXL
dyld[94405]: <63A6BBA0-CD50-30F8-9CD2-81B59264EA13> /usr/lib/libTelephonyUtilDynamic.dylib
dyld[94405]: <C588CBA5-8055-3AA5-84F9-0C578349945E> /System/Library/Frameworks/CryptoKit.framework/Versions/A/CryptoKit
dyld[94405]: <CFC2A741-A85D-3E7D-A961-91F5C1742FA2> /System/Library/PrivateFrameworks/CryptoKitCBridging.framework/Versions/A/CryptoKitCBridging
dyld[94405]: <714063A8-D81E-3B22-9B36-88948A979E7F> /System/Library/Frameworks/CryptoTokenKit.framework/Versions/A/CryptoTokenKit
dyld[94405]: <86858734-8B4D-38E6-AAA7-B7A046A7CB2A> /System/Library/Frameworks/LocalAuthentication.framework/Versions/A/LocalAuthentication
dyld[94405]: <A85C476C-4B4D-3329-A88B-54C091C7EF34> /System/Library/PrivateFrameworks/LocalAuthenticationCore.framework/Versions/A/LocalAuthenticationCore
dyld[94405]: <B33DAE62-0077-35EA-822C-EB5D21C34768> /System/Library/PrivateFrameworks/LocalAuthenticationCredentialServices.framework/Versions/A/LocalAuthenticationCredentialServices
dyld[94405]: <D853D903-DE37-3F27-B376-04084C11772A> /System/Library/Frameworks/LocalAuthentication.framework/Support/SharedUtils.framework/Versions/A/SharedUtils
dyld[94405]: <E4DBF767-1630-3885-8C7B-C8F131BEDDDD> /System/Library/PrivateFrameworks/PersistentConnection.framework/Versions/A/PersistentConnection
dyld[94405]: <6B0D099C-AC56-35DB-90F1-88A09E587FCB> /System/Library/PrivateFrameworks/SonicFoundation.framework/Versions/A/SonicFoundation
dyld[94405]: <ECAF5DEB-CD09-32BB-9267-1DD4C37C2F4A> /System/Library/PrivateFrameworks/AsyncAlgorithmsInternal.framework/Versions/A/AsyncAlgorithmsInternal
dyld[94405]: <2CA62C12-37B5-345A-BF79-5D05F43F6BFB> /System/Library/PrivateFrameworks/FTAWD.framework/Versions/A/FTAWD
dyld[94405]: <0A1C4D11-C108-35E9-A921-86ED86CF7446> /System/Library/PrivateFrameworks/Dendrite.framework/Versions/A/Dendrite
dyld[94405]: <DE7FBAB6-1A85-3819-8FEC-52363C2B8D07> /usr/lib/libtailspin.dylib
dyld[94405]: <5FEA8C08-1577-3296-BC9C-7F3203E8EBFB> /System/Library/PrivateFrameworks/Osprey.framework/Versions/A/Osprey
dyld[94405]: <FA946108-D387-360D-8E87-7BB8FF2D3099> /System/Library/PrivateFrameworks/SiriTTS.framework/Versions/A/SiriTTS
dyld[94405]: <0C005C4D-CA12-389C-9CCE-C4ED05B187E8> /System/Library/Frameworks/NaturalLanguage.framework/Versions/A/NaturalLanguage
dyld[94405]: <0E502870-00F4-35D4-AF82-E7059244798E> /System/Library/PrivateFrameworks/GenerativeModels.framework/Versions/A/GenerativeModels
dyld[94405]: <68474F39-798D-325B-B52F-3DE214F279AE> /System/Library/PrivateFrameworks/SiriPowerInstrumentation.framework/Versions/A/SiriPowerInstrumentation
dyld[94405]: <5E36265A-7670-3D39-A2B8-71DA0AA131CF> /usr/lib/swift/libswiftNaturalLanguage.dylib
dyld[94405]: <6794652C-86F0-37EB-838D-483177685E26> /System/Library/PrivateFrameworks/TailspinSymbolication.framework/Versions/A/TailspinSymbolication
dyld[94405]: <089C1A34-2F4E-3649-94AA-B28A7ECB008B> /System/Library/PrivateFrameworks/Darwinup.framework/Versions/A/Darwinup
dyld[94405]: <EE821A99-A88C-3624-A5B5-12BA741F9D7B> /System/Library/PrivateFrameworks/SignpostSupport.framework/Versions/A/SignpostSupport
dyld[94405]: <8C10B437-C282-37F5-834F-E7179C700373> /System/Library/PrivateFrameworks/FeatureFlagsSupport.framework/Versions/A/FeatureFlagsSupport
dyld[94405]: <D338F7EC-A7ED-3B72-A809-73A873CF3AA7> /System/Library/PrivateFrameworks/ktrace.framework/Versions/A/ktrace
dyld[94405]: <F8A24AA4-4298-398C-ABBB-9520DD956E5A> /System/Library/PrivateFrameworks/SampleAnalysis.framework/Versions/A/SampleAnalysis
dyld[94405]: <400B0E96-4869-37BE-9832-1A14C386148B> /System/Library/PrivateFrameworks/kperfdata.framework/Versions/A/kperfdata
dyld[94405]: <7E3E0CF7-905A-3244-A0C9-0ADCC2E16415> /usr/lib/libdscsym.dylib
dyld[94405]: <FFB902E7-2984-3F17-B43D-2DDA2C5683F9> /System/Library/PrivateFrameworks/AppleMobileFileIntegrity.framework/Versions/A/AppleMobileFileIntegrity
dyld[94405]: <6FBA9099-E428-3571-B940-0D210B6D0861> /System/Library/PrivateFrameworks/BulkSymbolication.framework/Versions/A/BulkSymbolication
dyld[94405]: <90E600A3-0A27-348A-AA57-D1DF4FB305E8> /usr/lib/libTLE.dylib
dyld[94405]: <173A632F-20F3-30C1-BC55-EFFE977BBB8E> /usr/lib/libmis.dylib
dyld[94405]: <2D1B971F-6A7F-32D0-8B0F-F8FA3A13E8F1> /System/Library/PrivateFrameworks/ConfigProfileHelper.framework/Versions/A/ConfigProfileHelper
dyld[94405]: <8F2949A6-43A0-30A2-B5D2-945949C5AA01> /System/Library/PrivateFrameworks/Espresso.framework/Versions/A/Espresso
dyld[94405]: <E5B29092-BC9F-39CD-8F75-F2992B1E1D7A> /System/Library/Frameworks/CoreML.framework/Versions/A/CoreML
dyld[94405]: <F04DD2EA-54F4-3A23-8A3B-7496E5B119F8> /usr/lib/libedit.3.dylib
dyld[94405]: <465A74BC-F20D-3C05-9441-7E08EAA49FAF> /System/Library/PrivateFrameworks/ANECompiler.framework/Versions/A/ANECompiler
dyld[94405]: <FD36C9CF-78FF-3841-A7A0-261BE42F3FC0> /System/Library/PrivateFrameworks/AppleNeuralEngine.framework/Versions/A/AppleNeuralEngine
dyld[94405]: <97C5C585-F5EE-323A-B949-69EAE9080871> /System/Library/PrivateFrameworks/MIL.framework/Versions/A/MIL
dyld[94405]: <7401E849-7B2E-39A9-99D3-5CB0A6BBDFFE> /System/Library/Frameworks/MetalPerformanceShadersGraph.framework/Versions/A/MetalPerformanceShadersGraph
dyld[94405]: <A5FDE0C1-0910-3899-A737-E4632BA75E80> /System/Library/PrivateFrameworks/MLCompilerServices.framework/Versions/A/MLCompilerServices
dyld[94405]: <A6EB8ED9-D3A8-3BE9-A09C-A5194D3DFBD2> /System/Library/PrivateFrameworks/ANEServices.framework/Versions/A/ANEServices
dyld[94405]: <9EB04E94-EE2D-38A5-A214-00AF73DBE4E9> /usr/lib/libncurses.5.4.dylib
dyld[94405]: <CB15E3BE-AEA6-343F-A8ED-B251AFF556E7> /usr/lib/libsandbox.1.dylib
dyld[94405]: <2F2EF0D7-2FE4-3A5A-8E4C-E1571C8D0C10> /usr/lib/libMatch.1.dylib
dyld[94405]: <B3719F0A-4637-3943-A796-2ED6F5AC0C08> /System/Library/PrivateFrameworks/ODIE.framework/Versions/A/ODIE
dyld[94405]: <A84CB10A-72FA-399B-B86D-9B5ED12CEB39> /System/Library/PrivateFrameworks/MLModelAsset.framework/Versions/A/MLModelAsset
dyld[94405]: <22B4CD07-5C72-3CA4-9CD1-2C87686CDDE5> /System/Library/PrivateFrameworks/MLCompilerRuntime.framework/Versions/A/MLCompilerRuntime
dyld[94405]: <E118164B-A0A2-3001-9E0A-36B2BB5FE6F2> /System/Library/Frameworks/MLCompute.framework/Versions/A/MLCompute
dyld[94405]: <6028DD46-8E5A-33F0-93B2-41FA480366CC> /System/Library/PrivateFrameworks/MLAssetIO.framework/Versions/A/MLAssetIO
dyld[94405]: <F0F78040-E52B-3D87-8DC0-10C14F153D31> /usr/lib/swift/libswiftMLCompute.dylib
dyld[94405]: <067E2603-4FEA-3CA5-8926-45F60681EDDB> /System/Library/PrivateFrameworks/AVFCore.framework/Versions/A/AVFCore
dyld[94405]: <CC5A573E-8A8C-399F-B3DB-370DBF3C9C76> /System/Library/PrivateFrameworks/AVFCapture.framework/Versions/A/AVFCapture
dyld[94405]: <3B782AC2-00C4-3534-91D2-5C7242B32440> /System/Library/PrivateFrameworks/CMImaging.framework/Versions/A/CMImaging
dyld[94405]: <1772C40D-6EF4-3F81-BA00-6EE8B05039A6> /System/Library/PrivateFrameworks/Quagga.framework/Versions/A/Quagga
dyld[94405]: <57A10B70-C3C9-34C6-8D22-F5118B63E2F0> /System/Library/PrivateFrameworks/CMCapture.framework/Versions/A/CMCapture
dyld[94405]: <1035C1AB-5058-3AFA-8D77-514901516251> /System/Library/Frameworks/CoreMediaIO.framework/Versions/A/CoreMediaIO
dyld[94405]: <CD0C6EA1-5AEF-3EB1-8935-45726B3AFACD> /System/Library/PrivateFrameworks/CMCaptureDevice.framework/Versions/A/CMCaptureDevice
dyld[94405]: <1F873909-B3B8-3D55-9673-9AFA86BB085B> /System/Library/PrivateFrameworks/CoreBrightness.framework/Versions/A/CoreBrightness
dyld[94405]: <FCEDE250-22B0-35B9-A5F4-87AA67D568FF> /System/Library/PrivateFrameworks/CinematicFraming.framework/Versions/A/CinematicFraming
dyld[94405]: <882BC08E-B1E1-3E52-AE8A-AC22A1BF2BE8> /System/Library/PrivateFrameworks/ModelManagerServices.framework/Versions/A/ModelManagerServices
dyld[94405]: <3E83115F-D04B-3C8D-8646-35204AA2DB84> /System/Library/PrivateFrameworks/CPMS.framework/Versions/A/CPMS
dyld[94405]: <B3896AF4-2356-37C4-9273-FE994065C56B> /System/Library/PrivateFrameworks/SystemStatus.framework/Versions/A/SystemStatus
dyld[94405]: <2E109991-45C6-3783-8A36-B6A8070AAD67> /System/Library/Frameworks/CoreMotion.framework/Versions/A/CoreMotion
dyld[94405]: <EB86789A-20AD-3BF8-9101-B8C97A3BB9FC> /System/Library/PrivateFrameworks/TimeSync.framework/Versions/A/TimeSync
dyld[94405]: <9B3D4CA3-7BCF-36C9-AA99-27BDFE7854CD> /System/Library/PrivateFrameworks/DistributedSensing.framework/Versions/A/DistributedSensing
dyld[94405]: <DCA62E59-D3A2-30FF-802E-A4BC6AAF8C52> /System/Library/PrivateFrameworks/MobileBluetooth.framework/Versions/A/MobileBluetooth
dyld[94405]: <0BAB3589-8D81-3C60-9F05-9D207E89F4B6> /System/Library/PrivateFrameworks/IOKitten.framework/Versions/A/IOKitten
dyld[94405]: <05EC9C98-7211-39C9-B376-796F37327801> /System/Library/PrivateFrameworks/AppleIntelligenceReporting.framework/Versions/A/AppleIntelligenceReporting
dyld[94405]: <47AAECAD-C28C-352E-BB86-7F292E0BFBC6> /System/Library/PrivateFrameworks/CoreEmoji.framework/Versions/A/CoreEmoji
dyld[94405]: <1CA9048E-57DD-30F4-A3E6-FE6E97D5BF82> /usr/lib/libCRFSuite.dylib
dyld[94405]: <327536E3-A27C-38C2-A67F-D6488D04CCEE> /System/Library/PrivateFrameworks/LanguageModeling.framework/Versions/A/LanguageModeling
dyld[94405]: <B75F1F25-3C33-3983-B546-71588C610ED5> /System/Library/PrivateFrameworks/CoreNLP.framework/Versions/A/CoreNLP
dyld[94405]: <95BA357E-906A-3183-A402-A41D486B5AB3> /System/Library/PrivateFrameworks/Montreal.framework/Versions/A/Montreal
dyld[94405]: <A9892C55-670F-3429-934B-DDE91E07976D> /usr/lib/libcmph.dylib
dyld[94405]: <C02D85F6-947A-3B3E-8AE9-7BC8D0F35204> /usr/lib/libmecab.dylib
dyld[94405]: <92FAD15C-EEA5-34E9-B309-75A1CD1B620B> /usr/lib/libThaiTokenizer.dylib
dyld[94405]: <B9593227-D796-3C21-B9B4-374C3D1CFC2F> /System/Library/PrivateFrameworks/GenerativeModelsFoundation.framework/Versions/A/GenerativeModelsFoundation
dyld[94405]: <F3D31D3F-74F8-30A6-B49D-1DC743ED35C5> /System/Library/PrivateFrameworks/TokenGeneration.framework/Versions/A/TokenGeneration
dyld[94405]: <418985BB-52A3-34D4-8379-40DC4C63AA32> /System/Library/PrivateFrameworks/GenerativeFunctions.framework/Versions/A/GenerativeFunctions
dyld[94405]: <63FD423F-836C-3034-BA48-100AE09A9140> /System/Library/PrivateFrameworks/GenerativeFunctionsFoundation.framework/Versions/A/GenerativeFunctionsFoundation
dyld[94405]: <EABC58EE-BC80-3886-A456-5028411AE472> /System/Library/PrivateFrameworks/ModelCatalog.framework/Versions/A/ModelCatalog
dyld[94405]: <67C3B698-8279-30F1-9167-4730E6F41F5A> /System/Library/PrivateFrameworks/SensitiveContentAnalysisML.framework/Versions/A/SensitiveContentAnalysisML
dyld[94405]: <D8D56A51-034C-3D0D-9651-3BCF46DC82B7> /System/Library/PrivateFrameworks/GenerativeFunctionsInstrumentation.framework/Versions/A/GenerativeFunctionsInstrumentation
dyld[94405]: <DC6D188E-6FF7-3111-984E-85C8FDBEEF9C> /System/Library/PrivateFrameworks/PromptKit.framework/Versions/A/PromptKit
dyld[94405]: <12245228-2B9A-3B24-8C5E-10111D68BE65> /System/Library/PrivateFrameworks/ProactiveDaemonSupport.framework/Versions/A/ProactiveDaemonSupport
dyld[94405]: <3166486F-3F65-31DB-8018-779FFA32DC71> /System/Library/PrivateFrameworks/TokenGenerationCore.framework/Versions/A/TokenGenerationCore
dyld[94405]: <53B3126E-7B01-30DD-961A-510E9CFC3CF1> /System/Library/PrivateFrameworks/Trial.framework/Versions/A/Trial
dyld[94405]: <AEC3C71D-DC18-3279-ADFF-76EE82504B5F> /System/Library/PrivateFrameworks/TrialProto.framework/Versions/A/TrialProto
dyld[94405]: <E936F50F-0833-3F01-95DC-D4A94F470727> /System/Library/PrivateFrameworks/AppleFlatBuffers.framework/Versions/A/AppleFlatBuffers
dyld[94405]: <642E3357-AB6D-3039-A818-EDB5D6A189C2> /System/Library/PrivateFrameworks/SentencePieceInternal.framework/Versions/A/SentencePieceInternal
dyld[94405]: <10F83439-3A9F-316B-992E-451A72876715> /System/Library/Frameworks/Vision.framework/Versions/A/Vision
dyld[94405]: <C60B3FA0-2804-3339-B16D-E41B33FE25CC> /System/Library/PrivateFrameworks/CoreSceneUnderstanding.framework/Versions/A/CoreSceneUnderstanding
dyld[94405]: <4E70B4ED-C8E0-3636-80E4-0939FE56BB63> /System/Library/PrivateFrameworks/VisionCore.framework/Versions/A/VisionCore
dyld[94405]: <C540CDD1-CE60-3EC9-998B-20E0A21A52A6> /System/Library/PrivateFrameworks/DataDetectorsCore.framework/Versions/A/DataDetectorsCore
dyld[94405]: <B2639747-7640-3F66-8F79-88B1D5F2D73E> /System/Library/Frameworks/Vision.framework/libfaceCore.dylib
dyld[94405]: <EB12CF22-B952-3DB7-8A2E-7E702969D1F6> /System/Library/PrivateFrameworks/Futhark.framework/Versions/A/Futhark
dyld[94405]: <DB1FBDD7-AF19-31FC-BAB2-3BA5C4534436> /System/Library/PrivateFrameworks/InertiaCam.framework/Versions/A/InertiaCam
dyld[94405]: <CFD587AE-FA26-3FFB-A13A-FE831357A6F8> /System/Library/PrivateFrameworks/TextRecognition.framework/Versions/A/TextRecognition
dyld[94405]: <73F6F860-69AF-3162-86E0-A683642287D6> /System/Library/Frameworks/DataDetection.framework/Versions/A/DataDetection
dyld[94405]: <1D5DF9CA-41FC-3B7B-B19F-2C435F3A66F2> /System/Library/PrivateFrameworks/TextInput.framework/Versions/A/TextInput
dyld[94405]: <A8951A2F-E828-3264-A133-B25B21C0ABE8> /System/Library/PrivateFrameworks/CVNLP.framework/Versions/A/CVNLP
dyld[94405]: <58AC6CAB-5B91-367F-932F-BD0939BBD125> /System/Library/PrivateFrameworks/IntentsFoundation.framework/Versions/A/IntentsFoundation
dyld[94405]: <0368EA7D-01B2-3AA9-A6D6-A2A0850AC800> /System/Library/PrivateFrameworks/HIDDisplay.framework/Versions/A/HIDDisplay
dyld[94405]: <6A5A8E21-A9E6-32A2-9BDB-8013F002AEF8> /usr/lib/libcups.2.dylib
dyld[94405]: <D4CB91E4-2ACB-332D-8FA0-8154F7B48D20> /System/Library/Frameworks/Kerberos.framework/Versions/A/Kerberos
dyld[94405]: <4AB71911-9300-30D4-88CF-D20EFD75ACE6> /usr/lib/libresolv.9.dylib
dyld[94405]: <B1BA9495-0199-3630-8C92-45D4E5EE944F> /System/Library/PrivateFrameworks/Heimdal.framework/Versions/A/Heimdal
dyld[94405]: <0CB2E7E3-E96F-343B-A4E7-545E74AF0255> /System/Library/Frameworks/Kerberos.framework/Versions/A/Libraries/libHeimdalProxy.dylib
dyld[94405]: <097F7235-CA53-3644-BB95-F6F912B4F2C7> /System/Library/PrivateFrameworks/CommonAuth.framework/Versions/A/CommonAuth
dyld[94405]: <B0A62AD1-78DA-3A6F-A23A-BE1DC54C19F8> /System/Library/PrivateFrameworks/AXCoreUtilities.framework/Versions/A/AXCoreUtilities
dyld[94405]: <DDC826E2-4B0E-35CA-AAB1-82A1DC9EA6B4> /System/Library/PrivateFrameworks/AttributeGraph.framework/Versions/A/AttributeGraph
dyld[94405]: <AED06031-78CB-39A6-B50E-A229BB163B16> /usr/lib/libAXSafeCategoryBundle.dylib
dyld[94405]: <F12008DC-72EB-3AB3-BC2E-5BC47ED81BDB> /System/Library/Frameworks/TabularData.framework/Versions/A/TabularData
dyld[94405]: <841D5662-2CB9-3A27-ADA7-E33AC5E45199> /System/Library/PrivateFrameworks/ArgumentParserInternal.framework/Versions/A/ArgumentParserInternal
dyld[94405]: <4C851329-A9F4-3E9E-9E48-07FF4120DCF9> /System/Library/Frameworks/Accelerate.framework/Versions/A/Frameworks/vecLib.framework/Versions/A/libvDSP.dylib
dyld[94405]: <5015CD96-C046-364D-AAE3-1F439044468B> /System/Library/Frameworks/Accelerate.framework/Versions/A/Frameworks/vecLib.framework/Versions/A/libLAPACK.dylib
dyld[94405]: <407BCF3E-A91F-3A7F-8B8C-DBB8E807990F> /System/Library/Frameworks/Accelerate.framework/Versions/A/Frameworks/vecLib.framework/Versions/A/libLinearAlgebra.dylib
dyld[94405]: <669ABE12-838F-3F14-8456-D60DE5DF8EB8> /System/Library/Frameworks/Accelerate.framework/Versions/A/Frameworks/vecLib.framework/Versions/A/libSparseBLAS.dylib
dyld[94405]: <C99B83FD-C865-36F7-B4D2-34018D34AF5D> /System/Library/Frameworks/Accelerate.framework/Versions/A/Frameworks/vecLib.framework/Versions/A/libQuadrature.dylib
dyld[94405]: <54A103BA-7D04-32DB-B204-179E2E0290CA> /System/Library/Frameworks/Accelerate.framework/Versions/A/Frameworks/vecLib.framework/Versions/A/libBNNS.dylib
dyld[94405]: <EBF55041-4C12-323B-BD40-51A0E57C0AE1> /System/Library/Frameworks/Accelerate.framework/Versions/A/Frameworks/vecLib.framework/Versions/A/libSparse.dylib
dyld[94405]: <27479D70-8BF6-3D3C-B528-1BB9B1B98391> /System/Library/PrivateFrameworks/ApplePushService.framework/Versions/A/ApplePushService
dyld[94405]: <676D50CC-8455-3267-B8E8-CA31B8EF8F91> /System/Library/Frameworks/CloudKit.framework/Versions/A/CloudKit
dyld[94405]: <B4C51ABF-9446-3B30-AB6D-3DD54126047E> /System/Library/PrivateFrameworks/CoreDuetDaemonProtocol.framework/Versions/A/CoreDuetDaemonProtocol
dyld[94405]: <962EA390-008E-3DDC-B2A5-7B2DAF6E8786> /System/Library/PrivateFrameworks/DeviceIdentity.framework/Versions/A/DeviceIdentity
dyld[94405]: <ECE4CCC0-8D35-346C-85C2-91E225504B26> /System/Library/Frameworks/SharedWithYouCore.framework/Versions/A/SharedWithYouCore
dyld[94405]: <121798D0-5254-3547-8F96-0F2AF8D84250> /System/Library/PrivateFrameworks/CloudTelemetry.framework/Versions/A/CloudTelemetry
dyld[94405]: <768DFB9E-7FB3-3998-A3AF-BEF0C6C740A7> /System/Library/PrivateFrameworks/AppleAccount.framework/Versions/A/AppleAccount
dyld[94405]: <A0E3C8BF-139D-33BC-8F2E-7D2057EF30AA> /System/Library/PrivateFrameworks/C2.framework/Versions/A/C2
dyld[94405]: <23871A43-55FD-3D0C-B29F-B143A64D1D8D> /System/Library/PrivateFrameworks/CloudCoreInternal.framework/Versions/A/CloudCoreInternal
dyld[94405]: <B17F92E7-6017-3EC8-8B15-5F38CDFF9323> /System/Library/PrivateFrameworks/CloudAsset.framework/Versions/A/CloudAsset
dyld[94405]: <36607924-B1B2-39ED-B6D1-29683EFB67A0> /System/Library/Frameworks/PushKit.framework/Versions/A/PushKit
dyld[94405]: <26865685-385E-3120-9886-2082EEC20B20> /System/Library/Frameworks/CoreTransferable.framework/Versions/A/CoreTransferable
dyld[94405]: <024DBF34-DF66-3164-825E-F77F85462E66> /System/Library/PrivateFrameworks/NetAuth.framework/Versions/A/NetAuth
dyld[94405]: <87907862-52FF-3F24-AC29-7C1678BCD277> /System/Library/PrivateFrameworks/login.framework/Versions/A/Frameworks/loginsupport.framework/Versions/A/loginsupport
dyld[94405]: <C1165EDC-58D6-329E-A873-E272A83B5FD3> /System/Library/PrivateFrameworks/CloudTelemetryTools.framework/Versions/A/CloudTelemetryTools
dyld[94405]: <D4E833CF-2C73-39D9-BA75-8CAE484DF053> /System/Library/PrivateFrameworks/CloudTelemetryShared.dylib
dyld[94405]: <7BEBC9F1-212D-37F4-B601-A7AAD12F7225> /System/Library/PrivateFrameworks/RTCReporting.framework/Versions/A/RTCReporting
dyld[94405]: <7A222E30-8DD4-3B1D-B820-4EA33B797525> /System/Library/PrivateFrameworks/AAAFoundationSwift.framework/Versions/A/AAAFoundationSwift
dyld[94405]: <9D724BE7-0B01-39F3-82BE-BCEDC6EBAC8A> /System/Library/PrivateFrameworks/AppleIDSSOAuthentication.framework/Versions/A/AppleIDSSOAuthentication
dyld[94405]: <659AFBBD-E22E-3474-BCFE-298DA57B1464> /System/Library/PrivateFrameworks/UIFoundation.framework/Versions/A/UIFoundation
dyld[94405]: <5B73C216-2ACE-3F8C-A2B3-7D35D5D0395A> /System/Library/PrivateFrameworks/CaptiveNetwork.framework/Versions/A/CaptiveNetwork
dyld[94405]: <B5BDFB31-F401-36C9-B831-3B6143A3D864> /System/Library/PrivateFrameworks/EAP8021X.framework/Versions/A/EAP8021X
dyld[94405]: <38DAF669-429F-384F-87D6-8550842EEB5E> /System/Library/PrivateFrameworks/CryptoKitPrivate.framework/Versions/A/CryptoKitPrivate
dyld[94405]: <627D64D5-2D3C-3EC6-B4AB-FEF4DEE40871> /System/Library/PrivateFrameworks/FindMyDevice.framework/Versions/A/FindMyDevice
dyld[94405]: <930F9F83-A947-3788-9FBA-49872FC3AF8D> /System/Library/PrivateFrameworks/FMCoreLite.framework/Versions/A/FMCoreLite
dyld[94405]: <5F356BA6-47B5-382B-B54A-1550BB138A62> /System/Library/Frameworks/ServiceManagement.framework/Versions/A/ServiceManagement
dyld[94405]: <6508C698-D587-3B5A-B95B-A3A3F78CE122> /usr/lib/libCheckFix.dylib
dyld[94405]: <29AA0F7F-26F4-35B3-96DF-8A67B00A58AB> /System/Library/PrivateFrameworks/MetadataUtilities.framework/Versions/A/MetadataUtilities
dyld[94405]: <1ACDAA8A-EB43-37C7-B661-39B1C0E05290> /System/Library/PrivateFrameworks/InstalledContentLibrary.framework/Versions/A/InstalledContentLibrary
dyld[94405]: <12479A32-B72F-3A09-BB03-BA56C37853B5> /System/Library/PrivateFrameworks/CoreServicesStore.framework/Versions/A/CoreServicesStore
dyld[94405]: <E992D070-4D50-3292-855F-1B0055739F5E> /usr/lib/libapp_launch_measurement.dylib
dyld[94405]: <4F3BEA3B-A363-3D04-B903-9B613C993CA1> /System/Library/PrivateFrameworks/MobileSystemServices.framework/Versions/A/MobileSystemServices
dyld[94405]: <6C426EA5-7F1E-333E-BB5D-74465EFED12B> /usr/lib/libxslt.1.dylib
dyld[94405]: <A2F5EE78-A281-35AF-8EA6-5BC6567F2ECC> /System/Library/PrivateFrameworks/BackgroundTaskManagement.framework/Versions/A/BackgroundTaskManagement
dyld[94405]: <2E99AD96-DC1C-3643-9988-273AB6844EFC> /usr/lib/libcurl.4.dylib
dyld[94405]: <46D13DA8-E7BD-37DC-91DD-D5E6CE00C2B8> /usr/lib/libcrypto.46.dylib
dyld[94405]: <07D5F4C6-1A13-344C-882B-0B0A08048DE5> /usr/lib/libssl.48.dylib
dyld[94405]: <8CABDD64-E6C6-3B77-B839-2E2B875CE0FE> /System/Library/Frameworks/LDAP.framework/Versions/A/LDAP
dyld[94405]: <96C0BAAA-7FE6-3277-AFBC-31926F5935EE> /System/Library/PrivateFrameworks/TrustEvaluationAgent.framework/Versions/A/TrustEvaluationAgent
dyld[94405]: <7CF2A32E-72DD-34F7-B179-A17ED3D7DD75> /usr/lib/libsasl2.2.dylib
dyld[94405]: <B5F1CD5D-B47D-393A-AC57-1AA93446D4AC> <SKU_WORKSPACE>/qmm-contract-venv/lib/python3.12/site-packages/ax_engine/.dylibs/libjaccl.dylib
dyld[94405]: move loaded to delayed: XPCSupport
dyld[94405]: move loaded to delayed: libcmark-gfm.dylib
dyld[94405]: move loaded to delayed: GenerationalStorage
dyld[94405]: move loaded to delayed: CacheDelete
dyld[94405]: move loaded to delayed: QuickLookThumbnailing
dyld[94405]: move loaded to delayed: FileProvider
dyld[94405]: move loaded to delayed: DesktopServicesPriv
dyld[94405]: move loaded to delayed: Accounts
dyld[94405]: move loaded to delayed: AOSKit
dyld[94405]: move loaded to delayed: AppSSOCore
dyld[94405]: move loaded to delayed: AVFoundation
dyld[94405]: move loaded to delayed: BackgroundSystemTasks
dyld[94405]: move loaded to delayed: DuetActivityScheduler
dyld[94405]: move loaded to delayed: FTServices
dyld[94405]: move loaded to delayed: InternationalSupport
dyld[94405]: move loaded to delayed: libMemoryResourceException.dylib
dyld[94405]: move loaded to delayed: NetworkScore
dyld[94405]: move loaded to delayed: NetworkServiceProxy
dyld[94405]: move loaded to delayed: StreamingExtractor
dyld[94405]: move loaded to delayed: SymptomReporter
dyld[94405]: move loaded to delayed: libnetworkextension.dylib
dyld[94405]: move loaded to delayed: CloudServices
dyld[94405]: move loaded to delayed: CoreWiFi
dyld[94405]: move loaded to delayed: Rapport
dyld[94405]: move loaded to delayed: SymptomAnalytics
dyld[94405]: move loaded to delayed: libcupolicy.dylib
dyld[94405]: move loaded to delayed: NetworkExtension
dyld[94405]: move loaded to delayed: libnwswifttls.dylib
dyld[94405]: move loaded to delayed: libpcap.A.dylib
dyld[94405]: move loaded to delayed: CoreDuetContext
dyld[94405]: move loaded to delayed: CoreDuet
dyld[94405]: move loaded to delayed: CoreLocation
dyld[94405]: move loaded to delayed: Intents
dyld[94405]: move loaded to delayed: _LocationEssentials
dyld[94405]: move loaded to delayed: libCGInterfaces.dylib
dyld[94405]: move loaded to delayed: AccelerateGPU
dyld[94405]: move loaded to delayed: ApplicationServices
dyld[94405]: move loaded to delayed: ATS
dyld[94405]: move loaded to delayed: HIServices
dyld[94405]: move loaded to delayed: PrintCore
dyld[94405]: move loaded to delayed: QD
dyld[94405]: move loaded to delayed: ColorSyncLegacy
dyld[94405]: move loaded to delayed: SpeechSynthesis
dyld[94405]: move loaded to delayed: AudioDSPGraph
dyld[94405]: move loaded to delayed: IconServices
dyld[94405]: move loaded to delayed: IconFoundation
dyld[94405]: move loaded to delayed: AssistantServices
dyld[94405]: move loaded to delayed: IconRendering
dyld[94405]: move loaded to delayed: CoreUI
dyld[94405]: move loaded to delayed: SFSymbols
dyld[94405]: move loaded to delayed: DeveloperToolsSupport
dyld[94405]: move loaded to delayed: RenderBox
dyld[94405]: move loaded to delayed: CoreSVG
dyld[94405]: move loaded to delayed: TextureIO
dyld[94405]: move loaded to delayed: libswiftCoreImage.dylib
dyld[94405]: move loaded to delayed: ATSUI
dyld[94405]: move loaded to delayed: SAObjects
dyld[94405]: move loaded to delayed: MediaRemote
dyld[94405]: move loaded to delayed: UserNotifications
dyld[94405]: move loaded to delayed: SiriInstrumentation
dyld[94405]: move loaded to delayed: SiriAnalytics
dyld[94405]: move loaded to delayed: SiriTTSService
dyld[94405]: move loaded to delayed: SiriCrossDeviceArbitration
dyld[94405]: move loaded to delayed: FeedbackLogger
dyld[94405]: move loaded to delayed: FaceTimeNameUtility
dyld[94405]: move loaded to delayed: AuthKit
dyld[94405]: move loaded to delayed: SiriCrossDeviceArbitrationFeedback
dyld[94405]: move loaded to delayed: libswiftCoreLocation.dylib
dyld[94405]: move loaded to delayed: libswiftAVFoundation.dylib
dyld[94405]: move loaded to delayed: UIKitServices
dyld[94405]: move loaded to delayed: UnifiedAssetFramework
dyld[94405]: move loaded to delayed: AudioAccessoryServices
dyld[94405]: move loaded to delayed: CoreBluetooth
dyld[94405]: move loaded to delayed: CoreUtils
dyld[94405]: move loaded to delayed: Sharing
dyld[94405]: move loaded to delayed: CoreUtilsExtras
dyld[94405]: move loaded to delayed: IO80211
dyld[94405]: move loaded to delayed: IDSFoundation
dyld[94405]: move loaded to delayed: Apple80211
dyld[94405]: move loaded to delayed: CoreWLAN
dyld[94405]: move loaded to delayed: IOBluetooth
dyld[94405]: move loaded to delayed: libswiftRegexBuilder.dylib
dyld[94405]: move loaded to delayed: IMFoundation
dyld[94405]: move loaded to delayed: Marco
dyld[94405]: move loaded to delayed: CommonUtilities
dyld[94405]: move loaded to delayed: Engram
dyld[94405]: move loaded to delayed: XPCDistributed
dyld[94405]: move loaded to delayed: libtidy.A.dylib
dyld[94405]: move loaded to delayed: Bom
dyld[94405]: move loaded to delayed: libParallelCompression.dylib
dyld[94405]: move loaded to delayed: libIOReport.dylib
dyld[94405]: move loaded to delayed: WiFiPeerToPeer
dyld[94405]: move loaded to delayed: Centauri
dyld[94405]: move loaded to delayed: libmrc.dylib
dyld[94405]: move loaded to delayed: IPConfiguration
dyld[94405]: move loaded to delayed: Netrb
dyld[94405]: move loaded to delayed: FrontBoardServices
dyld[94405]: move loaded to delayed: MultiverseSupport
dyld[94405]: move loaded to delayed: DiskManagement
dyld[94405]: move loaded to delayed: AppleIDAuthSupport
dyld[94405]: move loaded to delayed: AAAFoundation
dyld[94405]: move loaded to delayed: KeychainCircle
dyld[94405]: move loaded to delayed: URLFormatting
dyld[94405]: move loaded to delayed: libcsfde.dylib
dyld[94405]: move loaded to delayed: libCoreStorage.dylib
dyld[94405]: move loaded to delayed: ProtectedCloudStorage
dyld[94405]: move loaded to delayed: EFILogin
dyld[94405]: move loaded to delayed: OctagonTrust
dyld[94405]: move loaded to delayed: AudioUnit
dyld[94405]: move loaded to delayed: GeoServices
dyld[94405]: move loaded to delayed: LocationSupport
dyld[94405]: move loaded to delayed: GeoServicesCore
dyld[94405]: move loaded to delayed: PhoneNumbers
dyld[94405]: move loaded to delayed: LocationLogEncryption
dyld[94405]: move loaded to delayed: AVFAudio
dyld[94405]: move loaded to delayed: AVRouting
dyld[94405]: move loaded to delayed: libAccessibility.dylib
dyld[94405]: move loaded to delayed: MediaServices
dyld[94405]: move loaded to delayed: IDS
dyld[94405]: move loaded to delayed: IsolatedCoreAudioClient
dyld[94405]: move loaded to delayed: CoreAudioOrchestration
dyld[94405]: move loaded to delayed: MediaToolbox
dyld[94405]: move loaded to delayed: CoreAVCHD
dyld[94405]: move loaded to delayed: MediaAccessibility
dyld[94405]: move loaded to delayed: Mangrove
dyld[94405]: move loaded to delayed: CMPhoto
dyld[94405]: move loaded to delayed: CoreTelephony
dyld[94405]: move loaded to delayed: CoreAUC
dyld[94405]: move loaded to delayed: AppleJPEGXL
dyld[94405]: move loaded to delayed: libTelephonyUtilDynamic.dylib
dyld[94405]: move loaded to delayed: CryptoKit
dyld[94405]: move loaded to delayed: CryptoKitCBridging
dyld[94405]: move loaded to delayed: CryptoTokenKit
dyld[94405]: move loaded to delayed: LocalAuthentication
dyld[94405]: move loaded to delayed: LocalAuthenticationCore
dyld[94405]: move loaded to delayed: LocalAuthenticationCredentialServices
dyld[94405]: move loaded to delayed: SharedUtils
dyld[94405]: move loaded to delayed: PersistentConnection
dyld[94405]: move loaded to delayed: SonicFoundation
dyld[94405]: move loaded to delayed: AsyncAlgorithmsInternal
dyld[94405]: move loaded to delayed: FTAWD
dyld[94405]: move loaded to delayed: Dendrite
dyld[94405]: move loaded to delayed: libtailspin.dylib
dyld[94405]: move loaded to delayed: Osprey
dyld[94405]: move loaded to delayed: SiriTTS
dyld[94405]: move loaded to delayed: NaturalLanguage
dyld[94405]: move loaded to delayed: GenerativeModels
dyld[94405]: move loaded to delayed: SiriPowerInstrumentation
dyld[94405]: move loaded to delayed: libswiftNaturalLanguage.dylib
dyld[94405]: move loaded to delayed: TailspinSymbolication
dyld[94405]: move loaded to delayed: Darwinup
dyld[94405]: move loaded to delayed: SignpostSupport
dyld[94405]: move loaded to delayed: FeatureFlagsSupport
dyld[94405]: move loaded to delayed: ktrace
dyld[94405]: move loaded to delayed: SampleAnalysis
dyld[94405]: move loaded to delayed: kperfdata
dyld[94405]: move loaded to delayed: libdscsym.dylib
dyld[94405]: move loaded to delayed: BulkSymbolication
dyld[94405]: move loaded to delayed: Espresso
dyld[94405]: move loaded to delayed: CoreML
dyld[94405]: move loaded to delayed: libedit.3.dylib
dyld[94405]: move loaded to delayed: ANECompiler
dyld[94405]: move loaded to delayed: AppleNeuralEngine
dyld[94405]: move loaded to delayed: MetalPerformanceShadersGraph
dyld[94405]: move loaded to delayed: MLCompilerServices
dyld[94405]: move loaded to delayed: ANEServices
dyld[94405]: move loaded to delayed: libncurses.5.4.dylib
dyld[94405]: move loaded to delayed: libsandbox.1.dylib
dyld[94405]: move loaded to delayed: libMatch.1.dylib
dyld[94405]: move loaded to delayed: ODIE
dyld[94405]: move loaded to delayed: MLModelAsset
dyld[94405]: move loaded to delayed: MLCompilerRuntime
dyld[94405]: move loaded to delayed: MLCompute
dyld[94405]: move loaded to delayed: MLAssetIO
dyld[94405]: move loaded to delayed: libswiftMLCompute.dylib
dyld[94405]: move loaded to delayed: AVFCore
dyld[94405]: move loaded to delayed: AVFCapture
dyld[94405]: move loaded to delayed: CMImaging
dyld[94405]: move loaded to delayed: Quagga
dyld[94405]: move loaded to delayed: CMCapture
dyld[94405]: move loaded to delayed: CoreMediaIO
dyld[94405]: move loaded to delayed: CMCaptureDevice
dyld[94405]: move loaded to delayed: CoreBrightness
dyld[94405]: move loaded to delayed: CinematicFraming
dyld[94405]: move loaded to delayed: ModelManagerServices
dyld[94405]: move loaded to delayed: CPMS
dyld[94405]: move loaded to delayed: SystemStatus
dyld[94405]: move loaded to delayed: CoreMotion
dyld[94405]: move loaded to delayed: TimeSync
dyld[94405]: move loaded to delayed: DistributedSensing
dyld[94405]: move loaded to delayed: MobileBluetooth
dyld[94405]: move loaded to delayed: IOKitten
dyld[94405]: move loaded to delayed: AppleIntelligenceReporting
dyld[94405]: move loaded to delayed: CoreEmoji
dyld[94405]: move loaded to delayed: LanguageModeling
dyld[94405]: move loaded to delayed: Montreal
dyld[94405]: move loaded to delayed: libcmph.dylib
dyld[94405]: move loaded to delayed: GenerativeModelsFoundation
dyld[94405]: move loaded to delayed: TokenGeneration
dyld[94405]: move loaded to delayed: GenerativeFunctions
dyld[94405]: move loaded to delayed: GenerativeFunctionsFoundation
dyld[94405]: move loaded to delayed: ModelCatalog
dyld[94405]: move loaded to delayed: SensitiveContentAnalysisML
dyld[94405]: move loaded to delayed: GenerativeFunctionsInstrumentation
dyld[94405]: move loaded to delayed: PromptKit
dyld[94405]: move loaded to delayed: ProactiveDaemonSupport
dyld[94405]: move loaded to delayed: TokenGenerationCore
dyld[94405]: move loaded to delayed: Trial
dyld[94405]: move loaded to delayed: TrialProto
dyld[94405]: move loaded to delayed: AppleFlatBuffers
dyld[94405]: move loaded to delayed: SentencePieceInternal
dyld[94405]: move loaded to delayed: Vision
dyld[94405]: move loaded to delayed: CoreSceneUnderstanding
dyld[94405]: move loaded to delayed: VisionCore
dyld[94405]: move loaded to delayed: DataDetectorsCore
dyld[94405]: move loaded to delayed: libfaceCore.dylib
dyld[94405]: move loaded to delayed: Futhark
dyld[94405]: move loaded to delayed: InertiaCam
dyld[94405]: move loaded to delayed: TextRecognition
dyld[94405]: move loaded to delayed: DataDetection
dyld[94405]: move loaded to delayed: TextInput
dyld[94405]: move loaded to delayed: CVNLP
dyld[94405]: move loaded to delayed: IntentsFoundation
dyld[94405]: move loaded to delayed: libcups.2.dylib
dyld[94405]: move loaded to delayed: AXCoreUtilities
dyld[94405]: move loaded to delayed: AttributeGraph
dyld[94405]: move loaded to delayed: libAXSafeCategoryBundle.dylib
dyld[94405]: move loaded to delayed: TabularData
dyld[94405]: move loaded to delayed: ArgumentParserInternal
dyld[94405]: move loaded to delayed: ApplePushService
dyld[94405]: move loaded to delayed: CloudKit
dyld[94405]: move loaded to delayed: CoreDuetDaemonProtocol
dyld[94405]: move loaded to delayed: DeviceIdentity
dyld[94405]: move loaded to delayed: SharedWithYouCore
dyld[94405]: move loaded to delayed: CloudTelemetry
dyld[94405]: move loaded to delayed: AppleAccount
dyld[94405]: move loaded to delayed: C2
dyld[94405]: move loaded to delayed: CloudCoreInternal
dyld[94405]: move loaded to delayed: CloudAsset
dyld[94405]: move loaded to delayed: PushKit
dyld[94405]: move loaded to delayed: CoreTransferable
dyld[94405]: move loaded to delayed: CloudTelemetryTools
dyld[94405]: move loaded to delayed: CloudTelemetryShared.dylib
dyld[94405]: move loaded to delayed: RTCReporting
dyld[94405]: move loaded to delayed: AAAFoundationSwift
dyld[94405]: move loaded to delayed: AppleIDSSOAuthentication
dyld[94405]: move loaded to delayed: UIFoundation
dyld[94405]: move loaded to delayed: CaptiveNetwork
dyld[94405]: move loaded to delayed: EAP8021X
dyld[94405]: move loaded to delayed: CryptoKitPrivate
dyld[94405]: move loaded to delayed: FindMyDevice
dyld[94405]: move loaded to delayed: FMCoreLite
dyld[94405]: move loaded to delayed: ServiceManagement
dyld[94405]: <84D26FE7-A779-3AA5-8D39-A20CBBCA3A96> /System/Library/Extensions/AGXMetalG16X.bundle/Contents/MacOS/AGXMetalG16X
dyld[94405]: <9235E8EC-599D-386F-8A8A-6B6A92D33369> /System/Library/PrivateFrameworks/IOGPU.framework/Versions/A/IOGPU
ax-engine-server preview listening on http://127.0.0.1:31496 model_id=qwen3.8-27b support_tier=MlxPreview
first_split_probe {"accept_count":2,"all_accepted":false,"event":"window","exact":false,"exact_linear_replay":false,"exact_rejection_correction":null,"generated_tokens":[760,709,1510,7935,68844,16,18,13786,63,11036,40278,220,16,13,18,7189,13,198,16,13,220,2972,9388,82,92217,1368,449,4953,369,3816,11,279,3511,369,7629,13,1061,369,5902,13,198,17,13,220,2972,2239,898,1982,92217,1049,11988,279,1528,5484,364,1510,32099,7561,1510,32099,31547,7561,321,1510,24100,27653,198,262,348,256,1510,32099,63,1411,1510,22916,35709,31547,63,198,262,348,256,1510,32099,31547,63,1411,1510,22916,24100,63,198,262,348,256,1510,24100,63,1411,1510,65914,290,63,198,262,348,256,1061,11870,12083,644,47164,279],"inputs":[279,1906,314,279],"lazy_inputs_materialized":true,"live_whole_compiled":false,"native_greedy_logits":false,"offset":522,"pending":[1906,314,279],"position":524,"predicted":[1906,314,6397,40278],"primary_from_skip":null,"projected_replay":true,"qmm_guard_armed_by_live_scope":true,"relaxed":true,"row":2,"target":true,"whole_trace":false}
first_split_probe {"common_generated_prefix_length":116,"event":"prefix_validated","every_selected_input_checked":true,"through_position":524}
first_split_probe {"event":"array","label":"live_target","metadata":{"dtype":"Float32","elements":993280,"f32_bits_le_sha256":"d91438ab14747685073c87421f0fe219ba63f3cd773c72ae218209993eb8ce0a","finite":true,"shape":[4,248320]}}
first_split_probe {"direct_token":{"logit":21.75,"token":279},"elements":248320,"event":"row","finite":true,"label":"live_target","mtp_token":{"logit":21.875,"token":6397},"top8":[[6397,21.875],[279,21.75],[2849,21.75],[55112,21.625],[40278,20.125],[1375,18.5],[8163,18.0],[1439,17.375]]}
first_split_probe {"event":"cache_before","live_verify":{"capacity_tokens":12288,"logical_arrays":[{"array":{"dtype":"Bfloat16","elements":30720,"f32_bits_le_sha256":"04c9d50030412e700d2b326a7620dc1232055562d0df6b0209003eb97d58159e","finite":true,"shape":[1,3,10240]},"kind":"conv","layer":0},{"array":{"dtype":"Float32","elements":786432,"f32_bits_le_sha256":"d82e7b050525eba74dcd55bca45c37f427801e31bf70dae0905b2703d2b48c50","finite":true,"shape":[1,48,128,128]},"kind":"recurrent","layer":0},{"array":{"dtype":"Bfloat16","elements":30720,"f32_bits_le_sha256":"64e60121dec09880997d6c910e8b3f4b76055b9971f7a336ca227b6e3b15561c","finite":true,"shape":[1,3,10240]},"kind":"conv","layer":1},{"array":{"dtype":"Float32","elements":786432,"f32_bits_le_sha256":"d9ae11edcd8ec2cb3db9e42051c26bc4c4271b9812cb0af0b8f45e25f686f1a1","finite":true,"shape":[1,48,128,128]},"kind":"recurrent","layer":1},{"array":{"dtype":"Bfloat16","elements":30720,"f32_bits_le_sha256":"6f74d99138ff7624a21f21c16c1416ca87d591dd5a97fb05833328e16a6eb6a9","finite":true,"shape":[1,3,10240]},"kind":"conv","layer":2},{"array":{"dtype":"Float32","elements":786432,"f32_bits_le_sha256":"fb371ee7c8e9e7ac955a1b439c2ef6c1ed97183dbd227d46cb62318548ca3158","finite":true,"shape":[1,48,128,128]},"kind":"recurrent","layer":2},{"array":{"dtype":"Bfloat16","elements":538624,"f32_bits_le_sha256":"6eaddfddd4ba051801fd2c122aa97fcb35a2a5c7c22e58a702315570b0c11c29","finite":true,"shape":[1,4,526,256]},"kind":"key","layer":3},{"array":{"dtype":"Bfloat16","elements":538624,"f32_bits_le_sha256":"c6fd9f075f033a13440cb1521b5eb9aea97de1e4a5063b4c15b0eda04b79e48f","finite":true,"shape":[1,4,526,256]},"kind":"value","layer":3},{"array":{"dtype":"Bfloat16","elements":30720,"f32_bits_le_sha256":"aebe9ba173e1907101ab3a644afbaa464e1f0adef1146ac2696f0d77a461c02c","finite":true,"shape":[1,3,10240]},"kind":"conv","layer":4},{"array":{"dtype":"Float32","elements":786432,"f32_bits_le_sha256":"35cd0f7116ba15f1943fca23e8b3598f6c1e6b17081ee010a313bb202e085f2d","finite":true,"shape":[1,48,128,128]},"kind":"recurrent","layer":4},{"array":{"dtype":"Bfloat16","elements":30720,"f32_bits_le_sha256":"3d5b4c1c9715877acb83456c05f75603ae3ed6b2e0f9048c37a6e44ec7790e77","finite":true,"shape":[1,3,10240]},"kind":"conv","layer":5},{"array":{"dtype":"Float32","elements":786432,"f32_bits_le_sha256":"6cb21ffd692ba2daf45353d8d96c88e717460b2c06e6640014d9f0d16b09b7f0","finite":true,"shape":[1,48,128,128]},"kind":"recurrent","layer":5},{"array":{"dtype":"Bfloat16","elements":30720,"f32_bits_le_sha256":"15c7f1e2fda4b0654165e8604030e93ba5b57fccb4a50f3f6f12b263c4b87b70","finite":true,"shape":[1,3,10240]},"kind":"conv","layer":6},{"array":{"dtype":"Float32","elements":786432,"f32_bits_le_sha256":"08583847563e980caf13c1f3842de128bb57bf55f6537388f3d9c2a5325dffd8","finite":true,"shape":[1,48,128,128]},"kind":"recurrent","layer":6},{"array":{"dtype":"Bfloat16","elements":538624,"f32_bits_le_sha256":"ea4c7dc3396cb3336220e4da57df6251755d9665d96f45f518147a32934b8b2b","finite":true,"shape":[1,4,526,256]},"kind":"key","layer":7},{"array":{"dtype":"Bfloat16","elements":538624,"f32_bits_le_sha256":"ae9b32e52f845a47678b933177d649805018dc9892074adf83f2cf217fd0810e","finite":true,"shape":[1,4,526,256]},"kind":"value","layer":7},{"array":{"dtype":"Bfloat16","elements":30720,"f32_bits_le_sha256":"664e34d378f2c7d137d62433950883e69316343da7b5e764b8b117f9cb40d95c","finite":true,"shape":[1,3,10240]},"kind":"conv","layer":8},{"array":{"dtype":"Float32","elements":786432,"f32_bits_le_sha256":"378d4d6c847bf7d88a743a960979cf8d333540895cb0dc39fc9076831fbbf51b","finite":true,"shape":[1,48,128,128]},"kind":"recurrent","layer":8},{"array":{"dtype":"Bfloat16","elements":30720,"f32_bits_le_sha256":"91362f56fca012d38606a1208f673225fd746c8d291501a6551b6c56f6ab5464","finite":true,"shape":[1,3,10240]},"kind":"conv","layer":9},{"array":{"dtype":"Float32","elements":786432,"f32_bits_le_sha256":"638b1af34893e6567956078adf85186900e265b187f58d49b549774f831b4278","finite":true,"shape":[1,48,128,128]},"kind":"recurrent","layer":9},{"array":{"dtype":"Bfloat16","elements":30720,"f32_bits_le_sha256":"3481e9ff8a2af8631aa1d74ead591b2197b98be7ba6bcb5c679ad36df24a7977","finite":true,"shape":[1,3,10240]},"kind":"conv","layer":10},{"array":{"dtype":"Float32","elements":786432,"f32_bits_le_sha256":"a9c9179d77bdd0f1f637a6957c8cbdc1b335374b779a3dba067d31784f3933c3","finite":true,"shape":[1,48,128,128]},"kind":"recurrent","layer":10},{"array":{"dtype":"Bfloat16","elements":538624,"f32_bits_le_sha256":"837111ff9ff0d29b921513d552800ae299a349f37441fc07a39c979e618d1238","finite":true,"shape":[1,4,526,256]},"kind":"key","layer":11},{"array":{"dtype":"Bfloat16","elements":538624,"f32_bits_le_sha256":"f6a8de641f08300ffd8fd21080e0f0af043f74c708b21aa58ec082bbf8d2db21","finite":true,"shape":[1,4,526,256]},"kind":"value","layer":11},{"array":{"dtype":"Bfloat16","elements":30720,"f32_bits_le_sha256":"7ed006023c88bb6cf1cc50afcd1b96814eade5d0962de971c3174f05b2d1d6a1","finite":true,"shape":[1,3,10240]},"kind":"conv","layer":12},{"array":{"dtype":"Float32","elements":786432,"f32_bits_le_sha256":"5b5fbab8fe3c14e2de161b5ae14b79b2ba9d9068c9403bdd2199eba61fe9c463","finite":true,"shape":[1,48,128,128]},"kind":"recurrent","layer":12},{"array":{"dtype":"Bfloat16","elements":30720,"f32_bits_le_sha256":"9fd50029b646c812ddcbed3303da15bbf42aa705dd37ca8f5b4bcdfdd4473aaf","finite":true,"shape":[1,3,10240]},"kind":"conv","layer":13},{"array":{"dtype":"Float32","elements":786432,"f32_bits_le_sha256":"e77504e6bbc2c61f2406172675b3616aaadbd64a17238f07a7c2f0484d339992","finite":true,"shape":[1,48,128,128]},"kind":"recurrent","layer":13},{"array":{"dtype":"Bfloat16","elements":30720,"f32_bits_le_sha256":"e92429e3ff13348ecee11004fa5e40624e61bc441973efbf938b40e58a477d46","finite":true,"shape":[1,3,10240]},"kind":"conv","layer":14},{"array":{"dtype":"Float32","elements":786432,"f32_bits_le_sha256":"9e894507da38604c7ea1205e2257d1fc77d9873b8a076ba074973874bfd92d37","finite":true,"shape":[1,48,128,128]},"kind":"recurrent","layer":14},{"array":{"dtype":"Bfloat16","elements":538624,"f32_bits_le_sha256":"34d9ddc9df8506c3ca40cf3b84e56de01aa90503e8f4abc52622be084501c466","finite":true,"shape":[1,4,526,256]},"kind":"key","layer":15},{"array":{"dtype":"Bfloat16","elements":538624,"f32_bits_le_sha256":"cea799da3d323c3e6528684c181ff610721ab4b7050ebbda7af8ada5870dbae3","finite":true,"shape":[1,4,526,256]},"kind":"value","layer":15},{"array":{"dtype":"Bfloat16","elements":30720,"f32_bits_le_sha256":"4f45c26c3deef03782605b5250e6d866d9e5555e97a15c13d063e6791f6406d0","finite":true,"shape":[1,3,10240]},"kind":"conv","layer":16},{"array":{"dtype":"Float32","elements":786432,"f32_bits_le_sha256":"c7196b52dd1564bd096c5669470e01ac7d8c17939c3a0d21401aedfe97c203f6","finite":true,"shape":[1,48,128,128]},"kind":"recurrent","layer":16},{"array":{"dtype":"Bfloat16","elements":30720,"f32_bits_le_sha256":"d34ca2a0bed4e93fce2d3bc5c891bc5f19b73b01db0091a9d10d8d8545601fb1","finite":true,"shape":[1,3,10240]},"kind":"conv","layer":17},{"array":{"dtype":"Float32","elements":786432,"f32_bits_le_sha256":"59c6c2966ec87cc4d8b1af2ecac3c75010edb4d3f8f2f4be0b1118a843a38949","finite":true,"shape":[1,48,128,128]},"kind":"recurrent","layer":17},{"array":{"dtype":"Bfloat16","elements":30720,"f32_bits_le_sha256":"8617441b3e7cd86944e00c4118198cc94d6e3c5ae847b45cb8166c16aac0f01b","finite":true,"shape":[1,3,10240]},"kind":"conv","layer":18},{"array":{"dtype":"Float32","elements":786432,"f32_bits_le_sha256":"3a123385355a9a960fe687bc3f6152b9f266a043835add852c730d1deb8c49be","finite":true,"shape":[1,48,128,128]},"kind":"recurrent","layer":18},{"array":{"dtype":"Bfloat16","elements":538624,"f32_bits_le_sha256":"682aabada7e9825e44cd5d11f15c945d966be81f0847d8736f30aa51390b2eaa","finite":true,"shape":[1,4,526,256]},"kind":"key","layer":19},{"array":{"dtype":"Bfloat16","elements":538624,"f32_bits_le_sha256":"c33b41cc8343054dec49935673b21af1140d214036ad9b741d7faa60c7db8eb5","finite":true,"shape":[1,4,526,256]},"kind":"value","layer":19},{"array":{"dtype":"Bfloat16","elements":30720,"f32_bits_le_sha256":"0fa5fbccba204b1d17ba096267ba3794c96088508f00eae96b8b6ba579a31634","finite":true,"shape":[1,3,10240]},"kind":"conv","layer":20},{"array":{"dtype":"Float32","elements":786432,"f32_bits_le_sha256":"613265980be1c7cebb246f6eafc480748e9534721d65e9af1e459a0564330432","finite":true,"shape":[1,48,128,128]},"kind":"recurrent","layer":20},{"array":{"dtype":"Bfloat16","elements":30720,"f32_bits_le_sha256":"0b2f85ba19c1b663c1d0a35cc5f40a38c12c989c7ee28e196112168051fff7da","finite":true,"shape":[1,3,10240]},"kind":"conv","layer":21},{"array":{"dtype":"Float32","elements":786432,"f32_bits_le_sha256":"3df4bbce56894e0dd1b6c807c97525249604f17f69f402e3f5cbe54d186f319b","finite":true,"shape":[1,48,128,128]},"kind":"recurrent","layer":21},{"array":{"dtype":"Bfloat16","elements":30720,"f32_bits_le_sha256":"0bd733afadf09e3322a600e6c3287e66d828fb281809e112a9fbde368cf33231","finite":true,"shape":[1,3,10240]},"kind":"conv","layer":22},{"array":{"dtype":"Float32","elements":786432,"f32_bits_le_sha256":"5cf56f8b7a8dac7ae5277afbf1cea6c2dfce6da94b94dfeeae38bddfa8fe65fc","finite":true,"shape":[1,48,128,128]},"kind":"recurrent","layer":22},{"array":{"dtype":"Bfloat16","elements":538624,"f32_bits_le_sha256":"da7a1221ae201e493ba34688d5f6640dd49e45e350935b5a34b730014810a861","finite":true,"shape":[1,4,526,256]},"kind":"key","layer":23},{"array":{"dtype":"Bfloat16","elements":538624,"f32_bits_le_sha256":"40aca3b7499550297e18584fc163106146ced7ccbe8e74115d28a4991fd1c76d","finite":true,"shape":[1,4,526,256]},"kind":"value","layer":23},{"array":{"dtype":"Bfloat16","elements":30720,"f32_bits_le_sha256":"dc74676f8a8f77a5627ccd9272c97c8e8170fa26f6fe925746f56e4b1607dafb","finite":true,"shape":[1,3,10240]},"kind":"conv","layer":24},{"array":{"dtype":"Float32","elements":786432,"f32_bits_le_sha256":"9d61cd66c6959cf7fa6ec5cc81dbf269b45cf2332e0cc7d71362b7fe4219d494","finite":true,"shape":[1,48,128,128]},"kind":"recurrent","layer":24},{"array":{"dtype":"Bfloat16","elements":30720,"f32_bits_le_sha256":"7b98fbc4c7880e6eabc272cb00d2e926bc6f8c97962504277e4f45b3499023af","finite":true,"shape":[1,3,10240]},"kind":"conv","layer":25},{"array":{"dtype":"Float32","elements":786432,"f32_bits_le_sha256":"684dc7070e069e6268541a27349afcb40c69eb78fa693c215b2afee9ec813794","finite":true,"shape":[1,48,128,128]},"kind":"recurrent","layer":25},{"array":{"dtype":"Bfloat16","elements":30720,"f32_bits_le_sha256":"4f7036e8aaad5436b663813158ed67ed457fcacfc0ce7fe69e52152c6f0865aa","finite":true,"shape":[1,3,10240]},"kind":"conv","layer":26},{"array":{"dtype":"Float32","elements":786432,"f32_bits_le_sha256":"471ada9a641fa27ec284610bd4eb6d46b4fb5ee96ea51bfd546b95c081454d59","finite":true,"shape":[1,48,128,128]},"kind":"recurrent","layer":26},{"array":{"dtype":"Bfloat16","elements":538624,"f32_bits_le_sha256":"cc291cfff04d40e7d40ae0d7a2a261283637c93104be153f3579088a9b5fccd9","finite":true,"shape":[1,4,526,256]},"kind":"key","layer":27},{"array":{"dtype":"Bfloat16","elements":538624,"f32_bits_le_sha256":"fab2a51ad14f4e43cec09db7528415e222c14de8f7f6b53129268fede3e74061","finite":true,"shape":[1,4,526,256]},"kind":"value","layer":27},{"array":{"dtype":"Bfloat16","elements":30720,"f32_bits_le_sha256":"daaefe7ae714542823fc88ce8a72961a1f1f900e5d8688546fcb1fcc0ae14ec8","finite":true,"shape":[1,3,10240]},"kind":"conv","layer":28},{"array":{"dtype":"Float32","elements":786432,"f32_bits_le_sha256":"823df7e2cd5e749cd76b557ba7cd312f960f944fd2f14e48d23c0f567f5c5efb","finite":true,"shape":[1,48,128,128]},"kind":"recurrent","layer":28},{"array":{"dtype":"Bfloat16","elements":30720,"f32_bits_le_sha256":"702f079ecb82f7e1d520869f646b9f64d33179371efdcb4677420525f0443f6d","finite":true,"shape":[1,3,10240]},"kind":"conv","layer":29},{"array":{"dtype":"Float32","elements":786432,"f32_bits_le_sha256":"9d41c9e9c086bd2dbb80062ce62d76f4b11e5dff46dad24f8c7a85023c6f1c67","finite":true,"shape":[1,48,128,128]},"kind":"recurrent","layer":29},{"array":{"dtype":"Bfloat16","elements":30720,"f32_bits_le_sha256":"89f26ff48563f85f2000f00a72246dccfb710d1e8fad197510f8ccd40c7ffa8f","finite":true,"shape":[1,3,10240]},"kind":"conv","layer":30},{"array":{"dtype":"Float32","elements":786432,"f32_bits_le_sha256":"a8e717fe75c128af10144ceb2aa865d7d4dd97a662756fbe27caafce91a60835","finite":true,"shape":[1,48,128,128]},"kind":"recurrent","layer":30},{"array":{"dtype":"Bfloat16","elements":538624,"f32_bits_le_sha256":"0a7518371112ca3e94409d79719e739a565d32776ab7489392cb17c3c684de5b","finite":true,"shape":[1,4,526,256]},"kind":"key","layer":31},{"array":{"dtype":"Bfloat16","elements":538624,"f32_bits_le_sha256":"8278730bc8a8d320ffc52b3cae660ab244bd283c6c4a21c5012e41608453b9b1","finite":true,"shape":[1,4,526,256]},"kind":"value","layer":31},{"array":{"dtype":"Bfloat16","elements":30720,"f32_bits_le_sha256":"03af2bbd12ae098a51262bc96daba8ee900bae78082ceb906c2a8194a96e1a38","finite":true,"shape":[1,3,10240]},"kind":"conv","layer":32},{"array":{"dtype":"Float32","elements":786432,"f32_bits_le_sha256":"751638fc7966016bbbeb38447cb6b405fe2db5e1e2ade95b47af7a1dde4da2a8","finite":true,"shape":[1,48,128,128]},"kind":"recurrent","layer":32},{"array":{"dtype":"Bfloat16","elements":30720,"f32_bits_le_sha256":"cda8394fd579228e7ef53d2052b7830ece912ef1d062817ec0c0d26e6f9c9dc7","finite":true,"shape":[1,3,10240]},"kind":"conv","layer":33},{"array":{"dtype":"Float32","elements":786432,"f32_bits_le_sha256":"df5c246a49f119621b42f09764aa670f6ae1c308a22c4f84bd79a07a800aca4d","finite":true,"shape":[1,48,128,128]},"kind":"recurrent","layer":33},{"array":{"dtype":"Bfloat16","elements":30720,"f32_bits_le_sha256":"17f4e3425295863be8e85c468df58c4b5c2a91306272d3a89a7207a6b3f20e3a","finite":true,"shape":[1,3,10240]},"kind":"conv","layer":34},{"array":{"dtype":"Float32","elements":786432,"f32_bits_le_sha256":"9b876cd8c7f04ec5fb97eeffa35ddd4a5f99472ddb151262c04164648652f632","finite":true,"shape":[1,48,128,128]},"kind":"recurrent","layer":34},{"array":{"dtype":"Bfloat16","elements":538624,"f32_bits_le_sha256":"a56e6e6dc83e6e86d39bf5872edb0d102d4951982c3455256f7efd63a89c6e0f","finite":true,"shape":[1,4,526,256]},"kind":"key","layer":35},{"array":{"dtype":"Bfloat16","elements":538624,"f32_bits_le_sha256":"f1e9ca7a9e9ebdc186485a061976b3b43da6bb401c2c8df18ed283682b208574","finite":true,"shape":[1,4,526,256]},"kind":"value","layer":35},{"array":{"dtype":"Bfloat16","elements":30720,"f32_bits_le_sha256":"ed5a304521239fdff91e63c19ed402aed1d9c29f5a22485da1825d059af14d8e","finite":true,"shape":[1,3,10240]},"kind":"conv","layer":36},{"array":{"dtype":"Float32","elements":786432,"f32_bits_le_sha256":"1863f03fba04172000b952401a54eddc2ad7a832ef6adc78d9ad3fb79e600960","finite":true,"shape":[1,48,128,128]},"kind":"recurrent","layer":36},{"array":{"dtype":"Bfloat16","elements":30720,"f32_bits_le_sha256":"c5a22ced74ccbe9c0557fff0ed86ecc00ae04108ac59db0acb6a77a04e38b490","finite":true,"shape":[1,3,10240]},"kind":"conv","layer":37},{"array":{"dtype":"Float32","elements":786432,"f32_bits_le_sha256":"72a93f80e6c2493b892a1623c3951a4254d264ce8edc1c27c18ce110b1ffc91a","finite":true,"shape":[1,48,128,128]},"kind":"recurrent","layer":37},{"array":{"dtype":"Bfloat16","elements":30720,"f32_bits_le_sha256":"47b102cf0741d33566176c0676bd58edfb57c6bb1e07eee0653aad0f2237b5d6","finite":true,"shape":[1,3,10240]},"kind":"conv","layer":38},{"array":{"dtype":"Float32","elements":786432,"f32_bits_le_sha256":"b8f6b826e8835dce61f9bfe48ceeed711445e6af626ed743b0354fe043d2cfdf","finite":true,"shape":[1,48,128,128]},"kind":"recurrent","layer":38},{"array":{"dtype":"Bfloat16","elements":538624,"f32_bits_le_sha256":"9aa5bd418200ae511e505bf2bd5f4b65166f71dadb25324775cf87c4133d95d3","finite":true,"shape":[1,4,526,256]},"kind":"key","layer":39},{"array":{"dtype":"Bfloat16","elements":538624,"f32_bits_le_sha256":"1f7b42e72230f47236e5548afb3d43bec4c2638ca4ce2ff19e6ee9a1ae5d98ed","finite":true,"shape":[1,4,526,256]},"kind":"value","layer":39},{"array":{"dtype":"Bfloat16","elements":30720,"f32_bits_le_sha256":"cf4ba0d581669653ac55cf93bde4a0047edcde2ca2281ea7856349f9f98b8fa0","finite":true,"shape":[1,3,10240]},"kind":"conv","layer":40},{"array":{"dtype":"Float32","elements":786432,"f32_bits_le_sha256":"b42f4116c53073a6e7911b9c54f07b5ea21b0336c0271fc3e0b9b142d6cb42d1","finite":true,"shape":[1,48,128,128]},"kind":"recurrent","layer":40},{"array":{"dtype":"Bfloat16","elements":30720,"f32_bits_le_sha256":"e4be476fa9b8acf32e7fcfe7d54e21ef3f0f5b4fdc552a53bcd5113d20c527e9","finite":true,"shape":[1,3,10240]},"kind":"conv","layer":41},{"array":{"dtype":"Float32","elements":786432,"f32_bits_le_sha256":"7b2668b36b09d351c8d55863e7dd0be93f63ae56fdc6731fe8dc4ab7f159588f","finite":true,"shape":[1,48,128,128]},"kind":"recurrent","layer":41},{"array":{"dtype":"Bfloat16","elements":30720,"f32_bits_le_sha256":"7df235776b5627d11bfb9a3a403097757b9806953411b26428e60c804a42aac2","finite":true,"shape":[1,3,10240]},"kind":"conv","layer":42},{"array":{"dtype":"Float32","elements":786432,"f32_bits_le_sha256":"09886ce07086ef2cebf8921a8463dcca5b0077aa6c7b92a3af8b4bf8faf6cdbf","finite":true,"shape":[1,48,128,128]},"kind":"recurrent","layer":42},{"array":{"dtype":"Bfloat16","elements":538624,"f32_bits_le_sha256":"e2a2835df5c37d9c03e56a0f9b732e8b77506acdd7bed55717149ec29ecd1497","finite":true,"shape":[1,4,526,256]},"kind":"key","layer":43},{"array":{"dtype":"Bfloat16","elements":538624,"f32_bits_le_sha256":"0e0a871c9cb274d99cf62b057bf17ec8c953bd2f57f859bc4f69eea83263efae","finite":true,"shape":[1,4,526,256]},"kind":"value","layer":43},{"array":{"dtype":"Bfloat16","elements":30720,"f32_bits_le_sha256":"215eef62e7ef7d398607b5a8dcd3b6bb1d6bd19e9f03163beeaf4f2e16901135","finite":true,"shape":[1,3,10240]},"kind":"conv","layer":44},{"array":{"dtype":"Float32","elements":786432,"f32_bits_le_sha256":"b67e799e38d750a38e030c17f22d80963028dc7496cb6c802a0a08335b20823d","finite":true,"shape":[1,48,128,128]},"kind":"recurrent","layer":44},{"array":{"dtype":"Bfloat16","elements":30720,"f32_bits_le_sha256":"1ee6d0951b0233da22f83db42e2d86cbd4b0239df50cb818b243ca85a1825243","finite":true,"shape":[1,3,10240]},"kind":"conv","layer":45},{"array":{"dtype":"Float32","elements":786432,"f32_bits_le_sha256":"91ca451f7b10c0ccac2cbcf18d26819c970c8d0ba0b122cddb82a1bf26b77d17","finite":true,"shape":[1,48,128,128]},"kind":"recurrent","layer":45},{"array":{"dtype":"Bfloat16","elements":30720,"f32_bits_le_sha256":"b2e48a43252244e36f7dbb182dc5682d85016db0bffb59a3600d8bd08fc28f94","finite":true,"shape":[1,3,10240]},"kind":"conv","layer":46},{"array":{"dtype":"Float32","elements":786432,"f32_bits_le_sha256":"1985038ff7c5867377559a920bb6811a79845ab8887b8758bb1b263fc828dc4c","finite":true,"shape":[1,48,128,128]},"kind":"recurrent","layer":46},{"array":{"dtype":"Bfloat16","elements":538624,"f32_bits_le_sha256":"bb64f32dc57eedf9a985ae9b775a67887ae422a46ea84ca419e46b96e09044a5","finite":true,"shape":[1,4,526,256]},"kind":"key","layer":47},{"array":{"dtype":"Bfloat16","elements":538624,"f32_bits_le_sha256":"ef21f69ad9bc7f6861a374c013623cfc213f7bc471fdd61e2d1709bacc97b286","finite":true,"shape":[1,4,526,256]},"kind":"value","layer":47},{"array":{"dtype":"Bfloat16","elements":30720,"f32_bits_le_sha256":"2805d627f3fdec16306df5caa1d450901c00aef94ce6841835c682794799147c","finite":true,"shape":[1,3,10240]},"kind":"conv","layer":48},{"array":{"dtype":"Float32","elements":786432,"f32_bits_le_sha256":"0834fb6ea7f1c9443619e788348b2e0bca23eae14639afc5f73c1a9f0df18096","finite":true,"shape":[1,48,128,128]},"kind":"recurrent","layer":48},{"array":{"dtype":"Bfloat16","elements":30720,"f32_bits_le_sha256":"3213d05768418076b4955c0f2d3acfec7ad368be8c01ae48579895ff55d11141","finite":true,"shape":[1,3,10240]},"kind":"conv","layer":49},{"array":{"dtype":"Float32","elements":786432,"f32_bits_le_sha256":"ad1482479bf18f5ec7ed5c533cd368da7a59f2196a5dc7e682bc9fff37ea457f","finite":true,"shape":[1,48,128,128]},"kind":"recurrent","layer":49},{"array":{"dtype":"Bfloat16","elements":30720,"f32_bits_le_sha256":"e585d177772909fa27e149f5019cd0decd657331121c1295afee091d9a86f111","finite":true,"shape":[1,3,10240]},"kind":"conv","layer":50},{"array":{"dtype":"Float32","elements":786432,"f32_bits_le_sha256":"3ec678fd15b89221055ba6f0d95ca07d3baf2a9b81eb17f096356af1ab5deaf3","finite":true,"shape":[1,48,128,128]},"kind":"recurrent","layer":50},{"array":{"dtype":"Bfloat16","elements":538624,"f32_bits_le_sha256":"55c3cb32f652800263244c8b23a4f69d4979230d0e197ff7141fc2df6165a473","finite":true,"shape":[1,4,526,256]},"kind":"key","layer":51},{"array":{"dtype":"Bfloat16","elements":538624,"f32_bits_le_sha256":"b01162cdb85abb41b1b09af3420b3e4b300fd7af22a645b9edad6a2d1271ee49","finite":true,"shape":[1,4,526,256]},"kind":"value","layer":51},{"array":{"dtype":"Bfloat16","elements":30720,"f32_bits_le_sha256":"22ac92355449d3fae843e5d52d362644fca88595020761dd927d8c2fb943037e","finite":true,"shape":[1,3,10240]},"kind":"conv","layer":52},{"array":{"dtype":"Float32","elements":786432,"f32_bits_le_sha256":"d6234d520649cf33fcaa9b00e289272ca2d7533b31dba76c64de3c7587134597","finite":true,"shape":[1,48,128,128]},"kind":"recurrent","layer":52},{"array":{"dtype":"Bfloat16","elements":30720,"f32_bits_le_sha256":"a7d13926960c457c353be32d69fa23b2b419a638fd69969dc0862e22e1b109d5","finite":true,"shape":[1,3,10240]},"kind":"conv","layer":53},{"array":{"dtype":"Float32","elements":786432,"f32_bits_le_sha256":"45eb941a27b36f136fc98ffb6cee37547039ce7f21b0385bdcca3d56a01add4c","finite":true,"shape":[1,48,128,128]},"kind":"recurrent","layer":53},{"array":{"dtype":"Bfloat16","elements":30720,"f32_bits_le_sha256":"86c5c3656c43803cb44653240dac5466f00dba7a432225643a3e053094a4fb18","finite":true,"shape":[1,3,10240]},"kind":"conv","layer":54},{"array":{"dtype":"Float32","elements":786432,"f32_bits_le_sha256":"a6b2c8beb56e5e12cf1ebec45cd76ea0c0d0225d339d428259303aac5961a97e","finite":true,"shape":[1,48,128,128]},"kind":"recurrent","layer":54},{"array":{"dtype":"Bfloat16","elements":538624,"f32_bits_le_sha256":"ef11fd66125707be41632f5a65938f966e06e831fc0ccdec2a9d2d4fa9d6b51c","finite":true,"shape":[1,4,526,256]},"kind":"key","layer":55},{"array":{"dtype":"Bfloat16","elements":538624,"f32_bits_le_sha256":"cf7089c0ab89850f33c4c057f87b369a19361105e207ffcab487809bb25bd362","finite":true,"shape":[1,4,526,256]},"kind":"value","layer":55},{"array":{"dtype":"Bfloat16","elements":30720,"f32_bits_le_sha256":"595b7586aaffb327d2c69baf0053b47dd7d5f86b6f93c3136ec1b465aca1c99f","finite":true,"shape":[1,3,10240]},"kind":"conv","layer":56},{"array":{"dtype":"Float32","elements":786432,"f32_bits_le_sha256":"a2651306181ebcd9568930c01e4be692122e5400ee4ccb0719e67a053cda9fba","finite":true,"shape":[1,48,128,128]},"kind":"recurrent","layer":56},{"array":{"dtype":"Bfloat16","elements":30720,"f32_bits_le_sha256":"48a78aad4340281a7c55a404b78e14f874f8b81cf4e1ecbed5fd7897059ce4da","finite":true,"shape":[1,3,10240]},"kind":"conv","layer":57},{"array":{"dtype":"Float32","elements":786432,"f32_bits_le_sha256":"68cca64cdf389f3ddd4794bb91b8cdf6e7497f703954ccf33989391f5c3bd402","finite":true,"shape":[1,48,128,128]},"kind":"recurrent","layer":57},{"array":{"dtype":"Bfloat16","elements":30720,"f32_bits_le_sha256":"80e8ee6a0e3178fad7ff5a3f3deab455a2f3fab8b2c1668808fdd5e8e141257c","finite":true,"shape":[1,3,10240]},"kind":"conv","layer":58},{"array":{"dtype":"Float32","elements":786432,"f32_bits_le_sha256":"290c05e35b0d4c84bbe6d71dcdb7742a244dcc70ce7fe37abbdd8933dd1476af","finite":true,"shape":[1,48,128,128]},"kind":"recurrent","layer":58},{"array":{"dtype":"Bfloat16","elements":538624,"f32_bits_le_sha256":"02449831cb4c36c92cd39f1abfc2d5c8b5aad9551d5016bd1caa25c364eaf67c","finite":true,"shape":[1,4,526,256]},"kind":"key","layer":59},{"array":{"dtype":"Bfloat16","elements":538624,"f32_bits_le_sha256":"cf995d4805f66eeb024083a7357fd4e356e24aaa7145abe307b2e2831916b7be","finite":true,"shape":[1,4,526,256]},"kind":"value","layer":59},{"array":{"dtype":"Bfloat16","elements":30720,"f32_bits_le_sha256":"c1681e586bb05de47ef6272cfd45ade142a7624e1b3746859f4457471e5a294a","finite":true,"shape":[1,3,10240]},"kind":"conv","layer":60},{"array":{"dtype":"Float32","elements":786432,"f32_bits_le_sha256":"2087f4740a82d2935ec4776692526a2c74296047467f85d0bb89d538a024b0d0","finite":true,"shape":[1,48,128,128]},"kind":"recurrent","layer":60},{"array":{"dtype":"Bfloat16","elements":30720,"f32_bits_le_sha256":"b2aa239758c1405e61eeb17fc8406b1397cdd39de55500e6b2087a1205d7b23a","finite":true,"shape":[1,3,10240]},"kind":"conv","layer":61},{"array":{"dtype":"Float32","elements":786432,"f32_bits_le_sha256":"2ad469a31f24dbc14e014fa606a33a17bbd844d603248127393e663cac4a39aa","finite":true,"shape":[1,48,128,128]},"kind":"recurrent","layer":61},{"array":{"dtype":"Bfloat16","elements":30720,"f32_bits_le_sha256":"84d6d1b3a83245a1a6540148623dd1eaea9c44da26e65f9f483a32b4f9003d30","finite":true,"shape":[1,3,10240]},"kind":"conv","layer":62},{"array":{"dtype":"Float32","elements":786432,"f32_bits_le_sha256":"bb9db7d0d75416f36103b235b6a75d68ae6eb52449fc4d2dc52b1c3d5f3d14b2","finite":true,"shape":[1,48,128,128]},"kind":"recurrent","layer":62},{"array":{"dtype":"Bfloat16","elements":538624,"f32_bits_le_sha256":"52c0d80a6a65ada1c1cf8618b1e91ec2127617b9ea5aa6cf755a7a23c3f36a6e","finite":true,"shape":[1,4,526,256]},"kind":"key","layer":63},{"array":{"dtype":"Bfloat16","elements":538624,"f32_bits_le_sha256":"553e489c45bcafe008fbad6c1873d6d15d7f78e44d0d1ebb8ec8a9b14d14081c","finite":true,"shape":[1,4,526,256]},"kind":"value","layer":63}],"mrope_position_delta":0,"rope_offset":0,"seq_len":526},"snapshot":{"capacity_tokens":12288,"logical_arrays":[{"array":{"dtype":"Bfloat16","elements":30720,"f32_bits_le_sha256":"6ca9274993b703342a85a7b27330c01c23dc6c47a5c41a01d5ab1a43c4af3122","finite":true,"shape":[1,3,10240]},"kind":"conv","layer":0},{"array":{"dtype":"Float32","elements":786432,"f32_bits_le_sha256":"80ec9b367171cfc45eedb023b3807352e5df7aec3dd3044e7aa5cc70c58fe544","finite":true,"shape":[1,48,128,128]},"kind":"recurrent","layer":0},{"array":{"dtype":"Bfloat16","elements":30720,"f32_bits_le_sha256":"8ee0babeffa5a5088a9233c0971604126230d3df90218818267015154e1ae1b6","finite":true,"shape":[1,3,10240]},"kind":"conv","layer":1},{"array":{"dtype":"Float32","elements":786432,"f32_bits_le_sha256":"26d11f8220a028c510e08e7098ab23dad3841fa4a28ff28f79f31229226e0d1d","finite":true,"shape":[1,48,128,128]},"kind":"recurrent","layer":1},{"array":{"dtype":"Bfloat16","elements":30720,"f32_bits_le_sha256":"e65af804de4b8641c40e7ba6d49d5b1e759dd01026d971050188a43e87f8b38b","finite":true,"shape":[1,3,10240]},"kind":"conv","layer":2},{"array":{"dtype":"Float32","elements":786432,"f32_bits_le_sha256":"adbd99188c5da71bde3b096823b2cd863ddeec342f24ee12d7cc12de5eb54e78","finite":true,"shape":[1,48,128,128]},"kind":"recurrent","layer":2},{"array":{"dtype":"Bfloat16","elements":534528,"f32_bits_le_sha256":"019127f85702981944d105ca243070bc0fee1f4ea05a2c9f28e79900fd6058b7","finite":true,"shape":[1,4,522,256]},"kind":"key","layer":3},{"array":{"dtype":"Bfloat16","elements":534528,"f32_bits_le_sha256":"99d23a49646225c7f44c1b069f9abfa1015f68020a271d623e44f0625f320f37","finite":true,"shape":[1,4,522,256]},"kind":"value","layer":3},{"array":{"dtype":"Bfloat16","elements":30720,"f32_bits_le_sha256":"066b9c4b2dbf3a16ab40a2feca1820ababc19e95063c79e65676d4f6b506d5c0","finite":true,"shape":[1,3,10240]},"kind":"conv","layer":4},{"array":{"dtype":"Float32","elements":786432,"f32_bits_le_sha256":"862faf1e702a3c1124b96f69ac6fa6b474b08ef814d81f1a482b6f702c285f8f","finite":true,"shape":[1,48,128,128]},"kind":"recurrent","layer":4},{"array":{"dtype":"Bfloat16","elements":30720,"f32_bits_le_sha256":"32647b09d26208e9e4f00a4eb79c2ecbe9577457a9b3ddec826081557257f7db","finite":true,"shape":[1,3,10240]},"kind":"conv","layer":5},{"array":{"dtype":"Float32","elements":786432,"f32_bits_le_sha256":"469447c04aeef2391f2184bf7af71aaab1af47b2db9806f47f12499caf3bf7f1","finite":true,"shape":[1,48,128,128]},"kind":"recurrent","layer":5},{"array":{"dtype":"Bfloat16","elements":30720,"f32_bits_le_sha256":"2525fb89311cafe06bdcae25d236eda9d3f6af816db9b70c32c8a5de499fb722","finite":true,"shape":[1,3,10240]},"kind":"conv","layer":6},{"array":{"dtype":"Float32","elements":786432,"f32_bits_le_sha256":"513a89e7d3ec8f40444557743694e73fc35b8302a736a68f7baba9e5dc118616","finite":true,"shape":[1,48,128,128]},"kind":"recurrent","layer":6},{"array":{"dtype":"Bfloat16","elements":534528,"f32_bits_le_sha256":"9f0e43c7f164f99fedeaa0f421802f1556319eba39801252e40a1ebf51ae7a19","finite":true,"shape":[1,4,522,256]},"kind":"key","layer":7},{"array":{"dtype":"Bfloat16","elements":534528,"f32_bits_le_sha256":"2aed6d241a2a62cdf76ff127e3babba2911dfeaf59f61aa0f3232f0bf76eebe4","finite":true,"shape":[1,4,522,256]},"kind":"value","layer":7},{"array":{"dtype":"Bfloat16","elements":30720,"f32_bits_le_sha256":"f9d57ea87ba888e566fe9c170a06464dbf01631fdcd16fcea31337d044e37c71","finite":true,"shape":[1,3,10240]},"kind":"conv","layer":8},{"array":{"dtype":"Float32","elements":786432,"f32_bits_le_sha256":"737cc0017587a2d02e709885cd9b30c97342ae398249d8e8796b2452b4303947","finite":true,"shape":[1,48,128,128]},"kind":"recurrent","layer":8},{"array":{"dtype":"Bfloat16","elements":30720,"f32_bits_le_sha256":"cd1c8be45636d522a67c855b8410553b64053b4f88a6413275c722b10526f23e","finite":true,"shape":[1,3,10240]},"kind":"conv","layer":9},{"array":{"dtype":"Float32","elements":786432,"f32_bits_le_sha256":"5068ce3b13d7d0c75d420e7f766fd787e1edc792083fcb033b36442ae3f0db93","finite":true,"shape":[1,48,128,128]},"kind":"recurrent","layer":9},{"array":{"dtype":"Bfloat16","elements":30720,"f32_bits_le_sha256":"df582e3ca19f3df99d902d3fc2310c30178873986c1cb53ac5adf66a31291251","finite":true,"shape":[1,3,10240]},"kind":"conv","layer":10},{"array":{"dtype":"Float32","elements":786432,"f32_bits_le_sha256":"fe6d341d7c20a8ce2945a63dd383aeff438b1b14b74edb07c563b9b0b27c478c","finite":true,"shape":[1,48,128,128]},"kind":"recurrent","layer":10},{"array":{"dtype":"Bfloat16","elements":534528,"f32_bits_le_sha256":"197ddb50e2a4d21bb25c8e1d49b275486ba21c0f4fb2ac5d41d9df9a1e4e5001","finite":true,"shape":[1,4,522,256]},"kind":"key","layer":11},{"array":{"dtype":"Bfloat16","elements":534528,"f32_bits_le_sha256":"0a9fe0d9c48383336d09ecd8025c5b3cfdb8b3ddd51066f3ba9756dffe92a96e","finite":true,"shape":[1,4,522,256]},"kind":"value","layer":11},{"array":{"dtype":"Bfloat16","elements":30720,"f32_bits_le_sha256":"7106cc5b7d4b16283e28968226d796bb175d89eb257c04da79068dfb6d923254","finite":true,"shape":[1,3,10240]},"kind":"conv","layer":12},{"array":{"dtype":"Float32","elements":786432,"f32_bits_le_sha256":"d182cd0e2d8d103af088cd38098b67c4ec79a90612e75604a314500be258b7f8","finite":true,"shape":[1,48,128,128]},"kind":"recurrent","layer":12},{"array":{"dtype":"Bfloat16","elements":30720,"f32_bits_le_sha256":"41bd5a5dba01520fee911d2b67057af57524169687778946842e986f5c2141d1","finite":true,"shape":[1,3,10240]},"kind":"conv","layer":13},{"array":{"dtype":"Float32","elements":786432,"f32_bits_le_sha256":"c4fc4bdbe82413e86ec8c51b9043c6c1304df1fa6e2414d24308f6576db031d9","finite":true,"shape":[1,48,128,128]},"kind":"recurrent","layer":13},{"array":{"dtype":"Bfloat16","elements":30720,"f32_bits_le_sha256":"9043c1dbb52f5fd8c024649866d36b8c087eb47c35a7352d5b568aeebbdba935","finite":true,"shape":[1,3,10240]},"kind":"conv","layer":14},{"array":{"dtype":"Float32","elements":786432,"f32_bits_le_sha256":"242881404c29c5691b4c3995afd465ef16c8f2133d52aa1c97d4b53e1b626981","finite":true,"shape":[1,48,128,128]},"kind":"recurrent","layer":14},{"array":{"dtype":"Bfloat16","elements":534528,"f32_bits_le_sha256":"0ee66b8b50b4007b3815ce91b9406a986a0198fdd27e61f94a171e2b49fa264b","finite":true,"shape":[1,4,522,256]},"kind":"key","layer":15},{"array":{"dtype":"Bfloat16","elements":534528,"f32_bits_le_sha256":"c66d4b0877bdf72de01315c762eebd1ca8b2fc69048aa1551d495d950e887a7b","finite":true,"shape":[1,4,522,256]},"kind":"value","layer":15},{"array":{"dtype":"Bfloat16","elements":30720,"f32_bits_le_sha256":"677abefc099f3262d889c1e627e2fb9b96419c6fc58f75e738a8467660e758e5","finite":true,"shape":[1,3,10240]},"kind":"conv","layer":16},{"array":{"dtype":"Float32","elements":786432,"f32_bits_le_sha256":"19c50240dd63ddd7aea1c2cee4ed3a03b2df18469597b7c2247b7c91928bf423","finite":true,"shape":[1,48,128,128]},"kind":"recurrent","layer":16},{"array":{"dtype":"Bfloat16","elements":30720,"f32_bits_le_sha256":"69047535fe3fdcc0bc2dc177df4be4aa2da965cbac1522d90427bcee7d4f7d12","finite":true,"shape":[1,3,10240]},"kind":"conv","layer":17},{"array":{"dtype":"Float32","elements":786432,"f32_bits_le_sha256":"1aef1d21b6e5665505806b85ea365187f33951834da460573bdd5f78699bb2bd","finite":true,"shape":[1,48,128,128]},"kind":"recurrent","layer":17},{"array":{"dtype":"Bfloat16","elements":30720,"f32_bits_le_sha256":"bfe8171161146efe73b9ed391774cecc42986a12f475547c093ca3d9576ed10b","finite":true,"shape":[1,3,10240]},"kind":"conv","layer":18},{"array":{"dtype":"Float32","elements":786432,"f32_bits_le_sha256":"877df14cff1a318cabb6e75604c0ca1717f28bfdca4cfacdfd8d29b2b470301a","finite":true,"shape":[1,48,128,128]},"kind":"recurrent","layer":18},{"array":{"dtype":"Bfloat16","elements":534528,"f32_bits_le_sha256":"fccdc48ef52d27de4159f6670f2f103cfd23d8efbab13aec0ad36c30b839a7c1","finite":true,"shape":[1,4,522,256]},"kind":"key","layer":19},{"array":{"dtype":"Bfloat16","elements":534528,"f32_bits_le_sha256":"f3672e06bd04fbc14ba931bc599ec62b85e67593ef5f372de6b7f5fc75c47274","finite":true,"shape":[1,4,522,256]},"kind":"value","layer":19},{"array":{"dtype":"Bfloat16","elements":30720,"f32_bits_le_sha256":"86e7bce0e8cc8e766950ecad6e943fb98c9fec56d6ab5756644127e58dc0f47f","finite":true,"shape":[1,3,10240]},"kind":"conv","layer":20},{"array":{"dtype":"Float32","elements":786432,"f32_bits_le_sha256":"0b42b39296d72762fe04295cf9cd3fb813a0939997a7bdf7235f1bf708b782a3","finite":true,"shape":[1,48,128,128]},"kind":"recurrent","layer":20},{"array":{"dtype":"Bfloat16","elements":30720,"f32_bits_le_sha256":"6671974b73b9eb672c3cf74e90c1959802e490d6661d94c61d040ec164841666","finite":true,"shape":[1,3,10240]},"kind":"conv","layer":21},{"array":{"dtype":"Float32","elements":786432,"f32_bits_le_sha256":"e416f329b4340572fe933f76b3864733a6570a1d04ae1fdca5b6bd44732d1c5c","finite":true,"shape":[1,48,128,128]},"kind":"recurrent","layer":21},{"array":{"dtype":"Bfloat16","elements":30720,"f32_bits_le_sha256":"86561da7677dc141d1e2ba951112b9ae3f14d0f4ebe7ec4d3d6e47ca2d8e1583","finite":true,"shape":[1,3,10240]},"kind":"conv","layer":22},{"array":{"dtype":"Float32","elements":786432,"f32_bits_le_sha256":"418185adb8e5c3d3a5f80ea9d0382abff72670cb25fdd5b191593d87403a203b","finite":true,"shape":[1,48,128,128]},"kind":"recurrent","layer":22},{"array":{"dtype":"Bfloat16","elements":534528,"f32_bits_le_sha256":"870c250688a678635ba6334535ddd3117bfaba96d1ecffaa1949388a365e8f33","finite":true,"shape":[1,4,522,256]},"kind":"key","layer":23},{"array":{"dtype":"Bfloat16","elements":534528,"f32_bits_le_sha256":"aa52fbfa8d372a39c560a301ff12aae8c9c813e68d07bc0aef3066d6928f110f","finite":true,"shape":[1,4,522,256]},"kind":"value","layer":23},{"array":{"dtype":"Bfloat16","elements":30720,"f32_bits_le_sha256":"e45d714bd6658067b0c8e2f22f6002518958fc931308b47dd2a4b8f5e21599c3","finite":true,"shape":[1,3,10240]},"kind":"conv","layer":24},{"array":{"dtype":"Float32","elements":786432,"f32_bits_le_sha256":"08e9b7d1fc29b690756932901f2aed4edbb1683f56a7358a5309ef31a520d232","finite":true,"shape":[1,48,128,128]},"kind":"recurrent","layer":24},{"array":{"dtype":"Bfloat16","elements":30720,"f32_bits_le_sha256":"f91098e15fb2d174cd0a807c27fe006e466319258113d7556e297c37767b9f8e","finite":true,"shape":[1,3,10240]},"kind":"conv","layer":25},{"array":{"dtype":"Float32","elements":786432,"f32_bits_le_sha256":"0d37375a511ef4a6958c13ff7265fa2e96ca8e50048f9dbf55614f461d77c551","finite":true,"shape":[1,48,128,128]},"kind":"recurrent","layer":25},{"array":{"dtype":"Bfloat16","elements":30720,"f32_bits_le_sha256":"8416ec7c3e85fa541b9c870f18202eb0a24ff7707ba65056550a380f6ca9e7a6","finite":true,"shape":[1,3,10240]},"kind":"conv","layer":26},{"array":{"dtype":"Float32","elements":786432,"f32_bits_le_sha256":"a1c19a197fcb93f04e029b4a28ce4c3ca5ea047d2c56846a20125220a4722e9c","finite":true,"shape":[1,48,128,128]},"kind":"recurrent","layer":26},{"array":{"dtype":"Bfloat16","elements":534528,"f32_bits_le_sha256":"4e68e120edf909c26d661019ff87a515d6675ebbaa35a5d2519124ba919e6aea","finite":true,"shape":[1,4,522,256]},"kind":"key","layer":27},{"array":{"dtype":"Bfloat16","elements":534528,"f32_bits_le_sha256":"047e523acb8c4a12200c7cac2b4c91b4888d84c835d4d825721105e1f3d9f1f9","finite":true,"shape":[1,4,522,256]},"kind":"value","layer":27},{"array":{"dtype":"Bfloat16","elements":30720,"f32_bits_le_sha256":"ce8f7300af1eb17d291388d3222226420d66ef8b8b13d48cd0930b2198b19781","finite":true,"shape":[1,3,10240]},"kind":"conv","layer":28},{"array":{"dtype":"Float32","elements":786432,"f32_bits_le_sha256":"5b12367dd838f4e45b6e141d0beeaed591b1b53478af3037319dd0ddc4294302","finite":true,"shape":[1,48,128,128]},"kind":"recurrent","layer":28},{"array":{"dtype":"Bfloat16","elements":30720,"f32_bits_le_sha256":"5e88f757c7f3d4170bac9af562e171ac08f957be4893f161d1c8163a0fc3cad9","finite":true,"shape":[1,3,10240]},"kind":"conv","layer":29},{"array":{"dtype":"Float32","elements":786432,"f32_bits_le_sha256":"7e4369b6811bb368b8967c955303c9f5057bc7eaa64a2c3a3abe172f8858f50b","finite":true,"shape":[1,48,128,128]},"kind":"recurrent","layer":29},{"array":{"dtype":"Bfloat16","elements":30720,"f32_bits_le_sha256":"665caadda9692f3ba62deb5a9306d78f8612b2631e54585facb106e26b89bc2c","finite":true,"shape":[1,3,10240]},"kind":"conv","layer":30},{"array":{"dtype":"Float32","elements":786432,"f32_bits_le_sha256":"ceda642ae7cc5b60ef22609d1a3be03d1a06a59c5b0fac342252160e5a28be7f","finite":true,"shape":[1,48,128,128]},"kind":"recurrent","layer":30},{"array":{"dtype":"Bfloat16","elements":534528,"f32_bits_le_sha256":"599ba3337898ba8b337f0cfb00ef6fcdbbb22c5bc28627fe09e69dd53686c62c","finite":true,"shape":[1,4,522,256]},"kind":"key","layer":31},{"array":{"dtype":"Bfloat16","elements":534528,"f32_bits_le_sha256":"71abd251bed2571180323f8bd5f61ddd3e9a119fd755b24906190b64942f37b8","finite":true,"shape":[1,4,522,256]},"kind":"value","layer":31},{"array":{"dtype":"Bfloat16","elements":30720,"f32_bits_le_sha256":"97593d0d61cd6dbfb1abc7e24265d972f401efabe66f7d48a59c3f43ae174243","finite":true,"shape":[1,3,10240]},"kind":"conv","layer":32},{"array":{"dtype":"Float32","elements":786432,"f32_bits_le_sha256":"05d3320690fb9ff3c472db1b84ae1a428b29017fa7d4f4de637b7b7b5ec239b5","finite":true,"shape":[1,48,128,128]},"kind":"recurrent","layer":32},{"array":{"dtype":"Bfloat16","elements":30720,"f32_bits_le_sha256":"c4c1745909e93ed4284cf30302afb8798409611488991e0fd267c047dc69d07c","finite":true,"shape":[1,3,10240]},"kind":"conv","layer":33},{"array":{"dtype":"Float32","elements":786432,"f32_bits_le_sha256":"6fcb992dae808d62897103e8062407ae1ca2bf1581adf1ca280d744fa93053fd","finite":true,"shape":[1,48,128,128]},"kind":"recurrent","layer":33},{"array":{"dtype":"Bfloat16","elements":30720,"f32_bits_le_sha256":"3750e6921a0b296f20aab6b31d9f14d50367ce5560965227d02aff9d7389d713","finite":true,"shape":[1,3,10240]},"kind":"conv","layer":34},{"array":{"dtype":"Float32","elements":786432,"f32_bits_le_sha256":"da45948c6445350bb81be293ab7d954252cfa287ee4f59e1f0be79c230e4699b","finite":true,"shape":[1,48,128,128]},"kind":"recurrent","layer":34},{"array":{"dtype":"Bfloat16","elements":534528,"f32_bits_le_sha256":"f9a2ae931ca33c38fe02d3a93350c1986ee98f4b00891d519efc169c6929ff63","finite":true,"shape":[1,4,522,256]},"kind":"key","layer":35},{"array":{"dtype":"Bfloat16","elements":534528,"f32_bits_le_sha256":"2cf72758c948a69c4e48d4038ce0537b93d93434860ccb796dc42b7f21b703f4","finite":true,"shape":[1,4,522,256]},"kind":"value","layer":35},{"array":{"dtype":"Bfloat16","elements":30720,"f32_bits_le_sha256":"e1db84c052d0e1649793306dd6d586842c05e7d053a46de119e5fa81274dcd6a","finite":true,"shape":[1,3,10240]},"kind":"conv","layer":36},{"array":{"dtype":"Float32","elements":786432,"f32_bits_le_sha256":"f53f8dbd1ca8ab48ff2eff0080468d79528f5cf70f5df80150e5fb1f63617f7d","finite":true,"shape":[1,48,128,128]},"kind":"recurrent","layer":36},{"array":{"dtype":"Bfloat16","elements":30720,"f32_bits_le_sha256":"7128068d124e65ac425683f41946e5a212b5f911c73439bcc4ed3a403d69a928","finite":true,"shape":[1,3,10240]},"kind":"conv","layer":37},{"array":{"dtype":"Float32","elements":786432,"f32_bits_le_sha256":"b22119d80e4de23692c0cd0e8471487e177f7390d2069732387a414011a4cf6d","finite":true,"shape":[1,48,128,128]},"kind":"recurrent","layer":37},{"array":{"dtype":"Bfloat16","elements":30720,"f32_bits_le_sha256":"47dcc703843d447865583fafca53f40ea501659d41b905e159cb6478f1db944a","finite":true,"shape":[1,3,10240]},"kind":"conv","layer":38},{"array":{"dtype":"Float32","elements":786432,"f32_bits_le_sha256":"eac9b9b7fafb99e04aaf6612d5b570c88d568f9d26cb1dc0ddb89be4536e0fc9","finite":true,"shape":[1,48,128,128]},"kind":"recurrent","layer":38},{"array":{"dtype":"Bfloat16","elements":534528,"f32_bits_le_sha256":"9d2a88e05fa5f678fea9ef18225ac856d9887de4f4c9a7666c0a0836573c6045","finite":true,"shape":[1,4,522,256]},"kind":"key","layer":39},{"array":{"dtype":"Bfloat16","elements":534528,"f32_bits_le_sha256":"3ce17baa2695ab2dc8a2d22683cfb142096a43a1f7f7115e826158ca649247d5","finite":true,"shape":[1,4,522,256]},"kind":"value","layer":39},{"array":{"dtype":"Bfloat16","elements":30720,"f32_bits_le_sha256":"d97e00a2e92ad462a44cdb56a3b78f184c93ff41c2adb21f5c846cf66b789c76","finite":true,"shape":[1,3,10240]},"kind":"conv","layer":40},{"array":{"dtype":"Float32","elements":786432,"f32_bits_le_sha256":"32075c37a470d2385680a9546e5abc87204291ffd0cd65963ad7ef3ddf4a8441","finite":true,"shape":[1,48,128,128]},"kind":"recurrent","layer":40},{"array":{"dtype":"Bfloat16","elements":30720,"f32_bits_le_sha256":"47e5e017ad0b0343cf1d3e04f6a964a8a2fc0d632c3d61df75d609f49dfb50ba","finite":true,"shape":[1,3,10240]},"kind":"conv","layer":41},{"array":{"dtype":"Float32","elements":786432,"f32_bits_le_sha256":"33410a5fb6449463599721dd6e7ac85633b1a168041a54bd1ea57c772735bded","finite":true,"shape":[1,48,128,128]},"kind":"recurrent","layer":41},{"array":{"dtype":"Bfloat16","elements":30720,"f32_bits_le_sha256":"957a8413206d20ec99610e03fd33439c6be05b3d2ebf4c88e2df53d4cf5e1b37","finite":true,"shape":[1,3,10240]},"kind":"conv","layer":42},{"array":{"dtype":"Float32","elements":786432,"f32_bits_le_sha256":"0749869455fc4a31f8ce4b9486ddd4574c308104a3cae586d5bb813704322303","finite":true,"shape":[1,48,128,128]},"kind":"recurrent","layer":42},{"array":{"dtype":"Bfloat16","elements":534528,"f32_bits_le_sha256":"5af75bcb40699e4496f52672a3a85920853b87f513858e025d0a33c5e57e69f3","finite":true,"shape":[1,4,522,256]},"kind":"key","layer":43},{"array":{"dtype":"Bfloat16","elements":534528,"f32_bits_le_sha256":"c0fb6ce6f73468b53d35f04c4a047e91bffb35b7464330a8b97f03a18fdd9425","finite":true,"shape":[1,4,522,256]},"kind":"value","layer":43},{"array":{"dtype":"Bfloat16","elements":30720,"f32_bits_le_sha256":"b71ed28e9b3ead0a5fcd0c6f1c537a17646c69927ba50d4d769979a424ed19cc","finite":true,"shape":[1,3,10240]},"kind":"conv","layer":44},{"array":{"dtype":"Float32","elements":786432,"f32_bits_le_sha256":"7532a101bbf3a2b1c53eaab02340ea7af9d0756263fafb9e5ff26b2fa18b253a","finite":true,"shape":[1,48,128,128]},"kind":"recurrent","layer":44},{"array":{"dtype":"Bfloat16","elements":30720,"f32_bits_le_sha256":"5bd9a6027fc781600526d7de6489aaaf3b6f3f4814d5492ce767650c2bda7e23","finite":true,"shape":[1,3,10240]},"kind":"conv","layer":45},{"array":{"dtype":"Float32","elements":786432,"f32_bits_le_sha256":"b9d1a4d8a6541a3b2b83d624715dfd41c165d8785f57a10b01787d6beb69bb3e","finite":true,"shape":[1,48,128,128]},"kind":"recurrent","layer":45},{"array":{"dtype":"Bfloat16","elements":30720,"f32_bits_le_sha256":"be72d8a64a68e5db0ea4dc42c1172a2e74a44d7e453a485acad5e2a5edae3bf0","finite":true,"shape":[1,3,10240]},"kind":"conv","layer":46},{"array":{"dtype":"Float32","elements":786432,"f32_bits_le_sha256":"fe5c2e285749c6c1f316652d89be1c0fe40492ecf37e1db24b5c527d83f2d636","finite":true,"shape":[1,48,128,128]},"kind":"recurrent","layer":46},{"array":{"dtype":"Bfloat16","elements":534528,"f32_bits_le_sha256":"bdded5feb388cea92ad49684c369a7f1a5db06773862649f2a27103daeabcf45","finite":true,"shape":[1,4,522,256]},"kind":"key","layer":47},{"array":{"dtype":"Bfloat16","elements":534528,"f32_bits_le_sha256":"b471722ca8805a24b53755cdf304d18f4a37f757335e214fcbbd71b87220c267","finite":true,"shape":[1,4,522,256]},"kind":"value","layer":47},{"array":{"dtype":"Bfloat16","elements":30720,"f32_bits_le_sha256":"b279148a0c1652bb13bd284450a32c098428b6a20c93aa5211a8e15bf8ecc417","finite":true,"shape":[1,3,10240]},"kind":"conv","layer":48},{"array":{"dtype":"Float32","elements":786432,"f32_bits_le_sha256":"8b806d800b69c708d8f5e0478eb9c0bde99fd934269177d5e2c4d30f0f4a383b","finite":true,"shape":[1,48,128,128]},"kind":"recurrent","layer":48},{"array":{"dtype":"Bfloat16","elements":30720,"f32_bits_le_sha256":"9eb8b6b6ee0d98bc998f5182df5c30ddaa2a74cce535b238d5a18174651c6447","finite":true,"shape":[1,3,10240]},"kind":"conv","layer":49},{"array":{"dtype":"Float32","elements":786432,"f32_bits_le_sha256":"abd5c0a7e9b0d18d1b3cf4164307dcfb5c5568f02c7ebdd0a1db6e5f38aaa9db","finite":true,"shape":[1,48,128,128]},"kind":"recurrent","layer":49},{"array":{"dtype":"Bfloat16","elements":30720,"f32_bits_le_sha256":"67140e2f6ecc685bdd85d4d7e5218b848c404944e77190fba623a8dc5fd6ea24","finite":true,"shape":[1,3,10240]},"kind":"conv","layer":50},{"array":{"dtype":"Float32","elements":786432,"f32_bits_le_sha256":"bdbffb5ecdf777be8063f87ef9abdc1d31f3b308c581554cba62576208d87a62","finite":true,"shape":[1,48,128,128]},"kind":"recurrent","layer":50},{"array":{"dtype":"Bfloat16","elements":534528,"f32_bits_le_sha256":"2b1042b4aee07f1439cf3d9e40c22ac645aff1ddcc8495c96450053ab6fb86ee","finite":true,"shape":[1,4,522,256]},"kind":"key","layer":51},{"array":{"dtype":"Bfloat16","elements":534528,"f32_bits_le_sha256":"4b84eaf5fe29893a232d61e5dfa50e058fac8fe28de250a0671217435b57b8f8","finite":true,"shape":[1,4,522,256]},"kind":"value","layer":51},{"array":{"dtype":"Bfloat16","elements":30720,"f32_bits_le_sha256":"e168c29a6f0c3ca060c5d6fa711c5b102c10d6a4d1534e06a405c14cd2e409ec","finite":true,"shape":[1,3,10240]},"kind":"conv","layer":52},{"array":{"dtype":"Float32","elements":786432,"f32_bits_le_sha256":"2f104240d7339b84827aaa34065c1f03e3656ccea32657381e231320203eee82","finite":true,"shape":[1,48,128,128]},"kind":"recurrent","layer":52},{"array":{"dtype":"Bfloat16","elements":30720,"f32_bits_le_sha256":"159b9c1d1c4085ab997f375c9cdf5183905565ac5573a9284fadbd9127ca9e63","finite":true,"shape":[1,3,10240]},"kind":"conv","layer":53},{"array":{"dtype":"Float32","elements":786432,"f32_bits_le_sha256":"d71b6902985c4326baee3cde0ce51a19f9a55fa735c90a450a5a5f397530a70a","finite":true,"shape":[1,48,128,128]},"kind":"recurrent","layer":53},{"array":{"dtype":"Bfloat16","elements":30720,"f32_bits_le_sha256":"70170e9dccdf3d2e741182a5f5f370ed4273490ba2bd3c94d403a83a31b74e65","finite":true,"shape":[1,3,10240]},"kind":"conv","layer":54},{"array":{"dtype":"Float32","elements":786432,"f32_bits_le_sha256":"f42b307c286ec94b93f3e632aec0ab9751b0b3df29f302792276dcb4d4651aa4","finite":true,"shape":[1,48,128,128]},"kind":"recurrent","layer":54},{"array":{"dtype":"Bfloat16","elements":534528,"f32_bits_le_sha256":"041dc742e35376528d0d4d34adcdd670d55d3c78b23507891209191908292750","finite":true,"shape":[1,4,522,256]},"kind":"key","layer":55},{"array":{"dtype":"Bfloat16","elements":534528,"f32_bits_le_sha256":"8bc1e038d1e14acb606ba7417d17408dd4093b127c5cbdd772c574381af54328","finite":true,"shape":[1,4,522,256]},"kind":"value","layer":55},{"array":{"dtype":"Bfloat16","elements":30720,"f32_bits_le_sha256":"3cf70396fae8691c97c810a22731f639f6e80074ab10826766f7985cc8573409","finite":true,"shape":[1,3,10240]},"kind":"conv","layer":56},{"array":{"dtype":"Float32","elements":786432,"f32_bits_le_sha256":"350d0c2cb060921c695ef7b3a7eea469449f20082d79339a6fffba8094cf7126","finite":true,"shape":[1,48,128,128]},"kind":"recurrent","layer":56},{"array":{"dtype":"Bfloat16","elements":30720,"f32_bits_le_sha256":"1b945ce0b7960cd79a08dead67d52deefd7f1a19c04874655c6f2a204f88f2c5","finite":true,"shape":[1,3,10240]},"kind":"conv","layer":57},{"array":{"dtype":"Float32","elements":786432,"f32_bits_le_sha256":"32fc2690f307304248585b90a42cbf718ea31527028dc41168b4bf5062bcd6e3","finite":true,"shape":[1,48,128,128]},"kind":"recurrent","layer":57},{"array":{"dtype":"Bfloat16","elements":30720,"f32_bits_le_sha256":"56d09effb451d4a31560527f2188f9dfddb71b255928d379ea686b8862c3e476","finite":true,"shape":[1,3,10240]},"kind":"conv","layer":58},{"array":{"dtype":"Float32","elements":786432,"f32_bits_le_sha256":"d52e58e761791f4f47224d9b0d2fe4e3fb5cc370dfe417ad1f2cf5d63929de1e","finite":true,"shape":[1,48,128,128]},"kind":"recurrent","layer":58},{"array":{"dtype":"Bfloat16","elements":534528,"f32_bits_le_sha256":"a29f1e49857ca3f4bc234981f32451dfa43433e47b394552c6315fb0085311a0","finite":true,"shape":[1,4,522,256]},"kind":"key","layer":59},{"array":{"dtype":"Bfloat16","elements":534528,"f32_bits_le_sha256":"4ca9b3427063c290dfc4831c575f00532842ed191638c9c357cc265f15e8a162","finite":true,"shape":[1,4,522,256]},"kind":"value","layer":59},{"array":{"dtype":"Bfloat16","elements":30720,"f32_bits_le_sha256":"6efc9062d336402d0250aa78ae6d273e8e0035d895068ab087373ec9557d9b38","finite":true,"shape":[1,3,10240]},"kind":"conv","layer":60},{"array":{"dtype":"Float32","elements":786432,"f32_bits_le_sha256":"8e1e5690623ff164ed4f11a44750abb010b6ebac269de3d3539e3149f1b7d324","finite":true,"shape":[1,48,128,128]},"kind":"recurrent","layer":60},{"array":{"dtype":"Bfloat16","elements":30720,"f32_bits_le_sha256":"7a2d52e33ab5c0216d53ddf746a2b8444b20500a5f6c041a324f90a79389796e","finite":true,"shape":[1,3,10240]},"kind":"conv","layer":61},{"array":{"dtype":"Float32","elements":786432,"f32_bits_le_sha256":"a2ecdec17a12885c02d16d19099fbfa830559806919f672a2eedc878fb761872","finite":true,"shape":[1,48,128,128]},"kind":"recurrent","layer":61},{"array":{"dtype":"Bfloat16","elements":30720,"f32_bits_le_sha256":"fa4d166b5d4bb8893ebbf01b1c3db956a59b42d966db0a3e3663f50df70d14c5","finite":true,"shape":[1,3,10240]},"kind":"conv","layer":62},{"array":{"dtype":"Float32","elements":786432,"f32_bits_le_sha256":"f33ecf4a23898ef9ff3be00507467a4b69e24f3ea84812db32ae84cd1dc87922","finite":true,"shape":[1,48,128,128]},"kind":"recurrent","layer":62},{"array":{"dtype":"Bfloat16","elements":534528,"f32_bits_le_sha256":"62a54ca7b9d53726fdaef3235271eae4b8f1505f10d76b1a628ea4bf2f232489","finite":true,"shape":[1,4,522,256]},"kind":"key","layer":63},{"array":{"dtype":"Bfloat16","elements":534528,"f32_bits_le_sha256":"c0e6048ff0b0085d532703385ecc1f0f4d5abe4e2f34bde94a606f8ae23c2114","finite":true,"shape":[1,4,522,256]},"kind":"value","layer":63}],"mrope_position_delta":0,"rope_offset":0,"seq_len":522},"source":{"capacity_tokens":12288,"logical_arrays":[{"array":{"dtype":"Bfloat16","elements":30720,"f32_bits_le_sha256":"6ca9274993b703342a85a7b27330c01c23dc6c47a5c41a01d5ab1a43c4af3122","finite":true,"shape":[1,3,10240]},"kind":"conv","layer":0},{"array":{"dtype":"Float32","elements":786432,"f32_bits_le_sha256":"80ec9b367171cfc45eedb023b3807352e5df7aec3dd3044e7aa5cc70c58fe544","finite":true,"shape":[1,48,128,128]},"kind":"recurrent","layer":0},{"array":{"dtype":"Bfloat16","elements":30720,"f32_bits_le_sha256":"8ee0babeffa5a5088a9233c0971604126230d3df90218818267015154e1ae1b6","finite":true,"shape":[1,3,10240]},"kind":"conv","layer":1},{"array":{"dtype":"Float32","elements":786432,"f32_bits_le_sha256":"26d11f8220a028c510e08e7098ab23dad3841fa4a28ff28f79f31229226e0d1d","finite":true,"shape":[1,48,128,128]},"kind":"recurrent","layer":1},{"array":{"dtype":"Bfloat16","elements":30720,"f32_bits_le_sha256":"e65af804de4b8641c40e7ba6d49d5b1e759dd01026d971050188a43e87f8b38b","finite":true,"shape":[1,3,10240]},"kind":"conv","layer":2},{"array":{"dtype":"Float32","elements":786432,"f32_bits_le_sha256":"adbd99188c5da71bde3b096823b2cd863ddeec342f24ee12d7cc12de5eb54e78","finite":true,"shape":[1,48,128,128]},"kind":"recurrent","layer":2},{"array":{"dtype":"Bfloat16","elements":534528,"f32_bits_le_sha256":"019127f85702981944d105ca243070bc0fee1f4ea05a2c9f28e79900fd6058b7","finite":true,"shape":[1,4,522,256]},"kind":"key","layer":3},{"array":{"dtype":"Bfloat16","elements":534528,"f32_bits_le_sha256":"99d23a49646225c7f44c1b069f9abfa1015f68020a271d623e44f0625f320f37","finite":true,"shape":[1,4,522,256]},"kind":"value","layer":3},{"array":{"dtype":"Bfloat16","elements":30720,"f32_bits_le_sha256":"066b9c4b2dbf3a16ab40a2feca1820ababc19e95063c79e65676d4f6b506d5c0","finite":true,"shape":[1,3,10240]},"kind":"conv","layer":4},{"array":{"dtype":"Float32","elements":786432,"f32_bits_le_sha256":"862faf1e702a3c1124b96f69ac6fa6b474b08ef814d81f1a482b6f702c285f8f","finite":true,"shape":[1,48,128,128]},"kind":"recurrent","layer":4},{"array":{"dtype":"Bfloat16","elements":30720,"f32_bits_le_sha256":"32647b09d26208e9e4f00a4eb79c2ecbe9577457a9b3ddec826081557257f7db","finite":true,"shape":[1,3,10240]},"kind":"conv","layer":5},{"array":{"dtype":"Float32","elements":786432,"f32_bits_le_sha256":"469447c04aeef2391f2184bf7af71aaab1af47b2db9806f47f12499caf3bf7f1","finite":true,"shape":[1,48,128,128]},"kind":"recurrent","layer":5},{"array":{"dtype":"Bfloat16","elements":30720,"f32_bits_le_sha256":"2525fb89311cafe06bdcae25d236eda9d3f6af816db9b70c32c8a5de499fb722","finite":true,"shape":[1,3,10240]},"kind":"conv","layer":6},{"array":{"dtype":"Float32","elements":786432,"f32_bits_le_sha256":"513a89e7d3ec8f40444557743694e73fc35b8302a736a68f7baba9e5dc118616","finite":true,"shape":[1,48,128,128]},"kind":"recurrent","layer":6},{"array":{"dtype":"Bfloat16","elements":534528,"f32_bits_le_sha256":"9f0e43c7f164f99fedeaa0f421802f1556319eba39801252e40a1ebf51ae7a19","finite":true,"shape":[1,4,522,256]},"kind":"key","layer":7},{"array":{"dtype":"Bfloat16","elements":534528,"f32_bits_le_sha256":"2aed6d241a2a62cdf76ff127e3babba2911dfeaf59f61aa0f3232f0bf76eebe4","finite":true,"shape":[1,4,522,256]},"kind":"value","layer":7},{"array":{"dtype":"Bfloat16","elements":30720,"f32_bits_le_sha256":"f9d57ea87ba888e566fe9c170a06464dbf01631fdcd16fcea31337d044e37c71","finite":true,"shape":[1,3,10240]},"kind":"conv","layer":8},{"array":{"dtype":"Float32","elements":786432,"f32_bits_le_sha256":"737cc0017587a2d02e709885cd9b30c97342ae398249d8e8796b2452b4303947","finite":true,"shape":[1,48,128,128]},"kind":"recurrent","layer":8},{"array":{"dtype":"Bfloat16","elements":30720,"f32_bits_le_sha256":"cd1c8be45636d522a67c855b8410553b64053b4f88a6413275c722b10526f23e","finite":true,"shape":[1,3,10240]},"kind":"conv","layer":9},{"array":{"dtype":"Float32","elements":786432,"f32_bits_le_sha256":"5068ce3b13d7d0c75d420e7f766fd787e1edc792083fcb033b36442ae3f0db93","finite":true,"shape":[1,48,128,128]},"kind":"recurrent","layer":9},{"array":{"dtype":"Bfloat16","elements":30720,"f32_bits_le_sha256":"df582e3ca19f3df99d902d3fc2310c30178873986c1cb53ac5adf66a31291251","finite":true,"shape":[1,3,10240]},"kind":"conv","layer":10},{"array":{"dtype":"Float32","elements":786432,"f32_bits_le_sha256":"fe6d341d7c20a8ce2945a63dd383aeff438b1b14b74edb07c563b9b0b27c478c","finite":true,"shape":[1,48,128,128]},"kind":"recurrent","layer":10},{"array":{"dtype":"Bfloat16","elements":534528,"f32_bits_le_sha256":"197ddb50e2a4d21bb25c8e1d49b275486ba21c0f4fb2ac5d41d9df9a1e4e5001","finite":true,"shape":[1,4,522,256]},"kind":"key","layer":11},{"array":{"dtype":"Bfloat16","elements":534528,"f32_bits_le_sha256":"0a9fe0d9c48383336d09ecd8025c5b3cfdb8b3ddd51066f3ba9756dffe92a96e","finite":true,"shape":[1,4,522,256]},"kind":"value","layer":11},{"array":{"dtype":"Bfloat16","elements":30720,"f32_bits_le_sha256":"7106cc5b7d4b16283e28968226d796bb175d89eb257c04da79068dfb6d923254","finite":true,"shape":[1,3,10240]},"kind":"conv","layer":12},{"array":{"dtype":"Float32","elements":786432,"f32_bits_le_sha256":"d182cd0e2d8d103af088cd38098b67c4ec79a90612e75604a314500be258b7f8","finite":true,"shape":[1,48,128,128]},"kind":"recurrent","layer":12},{"array":{"dtype":"Bfloat16","elements":30720,"f32_bits_le_sha256":"41bd5a5dba01520fee911d2b67057af57524169687778946842e986f5c2141d1","finite":true,"shape":[1,3,10240]},"kind":"conv","layer":13},{"array":{"dtype":"Float32","elements":786432,"f32_bits_le_sha256":"c4fc4bdbe82413e86ec8c51b9043c6c1304df1fa6e2414d24308f6576db031d9","finite":true,"shape":[1,48,128,128]},"kind":"recurrent","layer":13},{"array":{"dtype":"Bfloat16","elements":30720,"f32_bits_le_sha256":"9043c1dbb52f5fd8c024649866d36b8c087eb47c35a7352d5b568aeebbdba935","finite":true,"shape":[1,3,10240]},"kind":"conv","layer":14},{"array":{"dtype":"Float32","elements":786432,"f32_bits_le_sha256":"242881404c29c5691b4c3995afd465ef16c8f2133d52aa1c97d4b53e1b626981","finite":true,"shape":[1,48,128,128]},"kind":"recurrent","layer":14},{"array":{"dtype":"Bfloat16","elements":534528,"f32_bits_le_sha256":"0ee66b8b50b4007b3815ce91b9406a986a0198fdd27e61f94a171e2b49fa264b","finite":true,"shape":[1,4,522,256]},"kind":"key","layer":15},{"array":{"dtype":"Bfloat16","elements":534528,"f32_bits_le_sha256":"c66d4b0877bdf72de01315c762eebd1ca8b2fc69048aa1551d495d950e887a7b","finite":true,"shape":[1,4,522,256]},"kind":"value","layer":15},{"array":{"dtype":"Bfloat16","elements":30720,"f32_bits_le_sha256":"677abefc099f3262d889c1e627e2fb9b96419c6fc58f75e738a8467660e758e5","finite":true,"shape":[1,3,10240]},"kind":"conv","layer":16},{"array":{"dtype":"Float32","elements":786432,"f32_bits_le_sha256":"19c50240dd63ddd7aea1c2cee4ed3a03b2df18469597b7c2247b7c91928bf423","finite":true,"shape":[1,48,128,128]},"kind":"recurrent","layer":16},{"array":{"dtype":"Bfloat16","elements":30720,"f32_bits_le_sha256":"69047535fe3fdcc0bc2dc177df4be4aa2da965cbac1522d90427bcee7d4f7d12","finite":true,"shape":[1,3,10240]},"kind":"conv","layer":17},{"array":{"dtype":"Float32","elements":786432,"f32_bits_le_sha256":"1aef1d21b6e5665505806b85ea365187f33951834da460573bdd5f78699bb2bd","finite":true,"shape":[1,48,128,128]},"kind":"recurrent","layer":17},{"array":{"dtype":"Bfloat16","elements":30720,"f32_bits_le_sha256":"bfe8171161146efe73b9ed391774cecc42986a12f475547c093ca3d9576ed10b","finite":true,"shape":[1,3,10240]},"kind":"conv","layer":18},{"array":{"dtype":"Float32","elements":786432,"f32_bits_le_sha256":"877df14cff1a318cabb6e75604c0ca1717f28bfdca4cfacdfd8d29b2b470301a","finite":true,"shape":[1,48,128,128]},"kind":"recurrent","layer":18},{"array":{"dtype":"Bfloat16","elements":534528,"f32_bits_le_sha256":"fccdc48ef52d27de4159f6670f2f103cfd23d8efbab13aec0ad36c30b839a7c1","finite":true,"shape":[1,4,522,256]},"kind":"key","layer":19},{"array":{"dtype":"Bfloat16","elements":534528,"f32_bits_le_sha256":"f3672e06bd04fbc14ba931bc599ec62b85e67593ef5f372de6b7f5fc75c47274","finite":true,"shape":[1,4,522,256]},"kind":"value","layer":19},{"array":{"dtype":"Bfloat16","elements":30720,"f32_bits_le_sha256":"86e7bce0e8cc8e766950ecad6e943fb98c9fec56d6ab5756644127e58dc0f47f","finite":true,"shape":[1,3,10240]},"kind":"conv","layer":20},{"array":{"dtype":"Float32","elements":786432,"f32_bits_le_sha256":"0b42b39296d72762fe04295cf9cd3fb813a0939997a7bdf7235f1bf708b782a3","finite":true,"shape":[1,48,128,128]},"kind":"recurrent","layer":20},{"array":{"dtype":"Bfloat16","elements":30720,"f32_bits_le_sha256":"6671974b73b9eb672c3cf74e90c1959802e490d6661d94c61d040ec164841666","finite":true,"shape":[1,3,10240]},"kind":"conv","layer":21},{"array":{"dtype":"Float32","elements":786432,"f32_bits_le_sha256":"e416f329b4340572fe933f76b3864733a6570a1d04ae1fdca5b6bd44732d1c5c","finite":true,"shape":[1,48,128,128]},"kind":"recurrent","layer":21},{"array":{"dtype":"Bfloat16","elements":30720,"f32_bits_le_sha256":"86561da7677dc141d1e2ba951112b9ae3f14d0f4ebe7ec4d3d6e47ca2d8e1583","finite":true,"shape":[1,3,10240]},"kind":"conv","layer":22},{"array":{"dtype":"Float32","elements":786432,"f32_bits_le_sha256":"418185adb8e5c3d3a5f80ea9d0382abff72670cb25fdd5b191593d87403a203b","finite":true,"shape":[1,48,128,128]},"kind":"recurrent","layer":22},{"array":{"dtype":"Bfloat16","elements":534528,"f32_bits_le_sha256":"870c250688a678635ba6334535ddd3117bfaba96d1ecffaa1949388a365e8f33","finite":true,"shape":[1,4,522,256]},"kind":"key","layer":23},{"array":{"dtype":"Bfloat16","elements":534528,"f32_bits_le_sha256":"aa52fbfa8d372a39c560a301ff12aae8c9c813e68d07bc0aef3066d6928f110f","finite":true,"shape":[1,4,522,256]},"kind":"value","layer":23},{"array":{"dtype":"Bfloat16","elements":30720,"f32_bits_le_sha256":"e45d714bd6658067b0c8e2f22f6002518958fc931308b47dd2a4b8f5e21599c3","finite":true,"shape":[1,3,10240]},"kind":"conv","layer":24},{"array":{"dtype":"Float32","elements":786432,"f32_bits_le_sha256":"08e9b7d1fc29b690756932901f2aed4edbb1683f56a7358a5309ef31a520d232","finite":true,"shape":[1,48,128,128]},"kind":"recurrent","layer":24},{"array":{"dtype":"Bfloat16","elements":30720,"f32_bits_le_sha256":"f91098e15fb2d174cd0a807c27fe006e466319258113d7556e297c37767b9f8e","finite":true,"shape":[1,3,10240]},"kind":"conv","layer":25},{"array":{"dtype":"Float32","elements":786432,"f32_bits_le_sha256":"0d37375a511ef4a6958c13ff7265fa2e96ca8e50048f9dbf55614f461d77c551","finite":true,"shape":[1,48,128,128]},"kind":"recurrent","layer":25},{"array":{"dtype":"Bfloat16","elements":30720,"f32_bits_le_sha256":"8416ec7c3e85fa541b9c870f18202eb0a24ff7707ba65056550a380f6ca9e7a6","finite":true,"shape":[1,3,10240]},"kind":"conv","layer":26},{"array":{"dtype":"Float32","elements":786432,"f32_bits_le_sha256":"a1c19a197fcb93f04e029b4a28ce4c3ca5ea047d2c56846a20125220a4722e9c","finite":true,"shape":[1,48,128,128]},"kind":"recurrent","layer":26},{"array":{"dtype":"Bfloat16","elements":534528,"f32_bits_le_sha256":"4e68e120edf909c26d661019ff87a515d6675ebbaa35a5d2519124ba919e6aea","finite":true,"shape":[1,4,522,256]},"kind":"key","layer":27},{"array":{"dtype":"Bfloat16","elements":534528,"f32_bits_le_sha256":"047e523acb8c4a12200c7cac2b4c91b4888d84c835d4d825721105e1f3d9f1f9","finite":true,"shape":[1,4,522,256]},"kind":"value","layer":27},{"array":{"dtype":"Bfloat16","elements":30720,"f32_bits_le_sha256":"ce8f7300af1eb17d291388d3222226420d66ef8b8b13d48cd0930b2198b19781","finite":true,"shape":[1,3,10240]},"kind":"conv","layer":28},{"array":{"dtype":"Float32","elements":786432,"f32_bits_le_sha256":"5b12367dd838f4e45b6e141d0beeaed591b1b53478af3037319dd0ddc4294302","finite":true,"shape":[1,48,128,128]},"kind":"recurrent","layer":28},{"array":{"dtype":"Bfloat16","elements":30720,"f32_bits_le_sha256":"5e88f757c7f3d4170bac9af562e171ac08f957be4893f161d1c8163a0fc3cad9","finite":true,"shape":[1,3,10240]},"kind":"conv","layer":29},{"array":{"dtype":"Float32","elements":786432,"f32_bits_le_sha256":"7e4369b6811bb368b8967c955303c9f5057bc7eaa64a2c3a3abe172f8858f50b","finite":true,"shape":[1,48,128,128]},"kind":"recurrent","layer":29},{"array":{"dtype":"Bfloat16","elements":30720,"f32_bits_le_sha256":"665caadda9692f3ba62deb5a9306d78f8612b2631e54585facb106e26b89bc2c","finite":true,"shape":[1,3,10240]},"kind":"conv","layer":30},{"array":{"dtype":"Float32","elements":786432,"f32_bits_le_sha256":"ceda642ae7cc5b60ef22609d1a3be03d1a06a59c5b0fac342252160e5a28be7f","finite":true,"shape":[1,48,128,128]},"kind":"recurrent","layer":30},{"array":{"dtype":"Bfloat16","elements":534528,"f32_bits_le_sha256":"599ba3337898ba8b337f0cfb00ef6fcdbbb22c5bc28627fe09e69dd53686c62c","finite":true,"shape":[1,4,522,256]},"kind":"key","layer":31},{"array":{"dtype":"Bfloat16","elements":534528,"f32_bits_le_sha256":"71abd251bed2571180323f8bd5f61ddd3e9a119fd755b24906190b64942f37b8","finite":true,"shape":[1,4,522,256]},"kind":"value","layer":31},{"array":{"dtype":"Bfloat16","elements":30720,"f32_bits_le_sha256":"97593d0d61cd6dbfb1abc7e24265d972f401efabe66f7d48a59c3f43ae174243","finite":true,"shape":[1,3,10240]},"kind":"conv","layer":32},{"array":{"dtype":"Float32","elements":786432,"f32_bits_le_sha256":"05d3320690fb9ff3c472db1b84ae1a428b29017fa7d4f4de637b7b7b5ec239b5","finite":true,"shape":[1,48,128,128]},"kind":"recurrent","layer":32},{"array":{"dtype":"Bfloat16","elements":30720,"f32_bits_le_sha256":"c4c1745909e93ed4284cf30302afb8798409611488991e0fd267c047dc69d07c","finite":true,"shape":[1,3,10240]},"kind":"conv","layer":33},{"array":{"dtype":"Float32","elements":786432,"f32_bits_le_sha256":"6fcb992dae808d62897103e8062407ae1ca2bf1581adf1ca280d744fa93053fd","finite":true,"shape":[1,48,128,128]},"kind":"recurrent","layer":33},{"array":{"dtype":"Bfloat16","elements":30720,"f32_bits_le_sha256":"3750e6921a0b296f20aab6b31d9f14d50367ce5560965227d02aff9d7389d713","finite":true,"shape":[1,3,10240]},"kind":"conv","layer":34},{"array":{"dtype":"Float32","elements":786432,"f32_bits_le_sha256":"da45948c6445350bb81be293ab7d954252cfa287ee4f59e1f0be79c230e4699b","finite":true,"shape":[1,48,128,128]},"kind":"recurrent","layer":34},{"array":{"dtype":"Bfloat16","elements":534528,"f32_bits_le_sha256":"f9a2ae931ca33c38fe02d3a93350c1986ee98f4b00891d519efc169c6929ff63","finite":true,"shape":[1,4,522,256]},"kind":"key","layer":35},{"array":{"dtype":"Bfloat16","elements":534528,"f32_bits_le_sha256":"2cf72758c948a69c4e48d4038ce0537b93d93434860ccb796dc42b7f21b703f4","finite":true,"shape":[1,4,522,256]},"kind":"value","layer":35},{"array":{"dtype":"Bfloat16","elements":30720,"f32_bits_le_sha256":"e1db84c052d0e1649793306dd6d586842c05e7d053a46de119e5fa81274dcd6a","finite":true,"shape":[1,3,10240]},"kind":"conv","layer":36},{"array":{"dtype":"Float32","elements":786432,"f32_bits_le_sha256":"f53f8dbd1ca8ab48ff2eff0080468d79528f5cf70f5df80150e5fb1f63617f7d","finite":true,"shape":[1,48,128,128]},"kind":"recurrent","layer":36},{"array":{"dtype":"Bfloat16","elements":30720,"f32_bits_le_sha256":"7128068d124e65ac425683f41946e5a212b5f911c73439bcc4ed3a403d69a928","finite":true,"shape":[1,3,10240]},"kind":"conv","layer":37},{"array":{"dtype":"Float32","elements":786432,"f32_bits_le_sha256":"b22119d80e4de23692c0cd0e8471487e177f7390d2069732387a414011a4cf6d","finite":true,"shape":[1,48,128,128]},"kind":"recurrent","layer":37},{"array":{"dtype":"Bfloat16","elements":30720,"f32_bits_le_sha256":"47dcc703843d447865583fafca53f40ea501659d41b905e159cb6478f1db944a","finite":true,"shape":[1,3,10240]},"kind":"conv","layer":38},{"array":{"dtype":"Float32","elements":786432,"f32_bits_le_sha256":"eac9b9b7fafb99e04aaf6612d5b570c88d568f9d26cb1dc0ddb89be4536e0fc9","finite":true,"shape":[1,48,128,128]},"kind":"recurrent","layer":38},{"array":{"dtype":"Bfloat16","elements":534528,"f32_bits_le_sha256":"9d2a88e05fa5f678fea9ef18225ac856d9887de4f4c9a7666c0a0836573c6045","finite":true,"shape":[1,4,522,256]},"kind":"key","layer":39},{"array":{"dtype":"Bfloat16","elements":534528,"f32_bits_le_sha256":"3ce17baa2695ab2dc8a2d22683cfb142096a43a1f7f7115e826158ca649247d5","finite":true,"shape":[1,4,522,256]},"kind":"value","layer":39},{"array":{"dtype":"Bfloat16","elements":30720,"f32_bits_le_sha256":"d97e00a2e92ad462a44cdb56a3b78f184c93ff41c2adb21f5c846cf66b789c76","finite":true,"shape":[1,3,10240]},"kind":"conv","layer":40},{"array":{"dtype":"Float32","elements":786432,"f32_bits_le_sha256":"32075c37a470d2385680a9546e5abc87204291ffd0cd65963ad7ef3ddf4a8441","finite":true,"shape":[1,48,128,128]},"kind":"recurrent","layer":40},{"array":{"dtype":"Bfloat16","elements":30720,"f32_bits_le_sha256":"47e5e017ad0b0343cf1d3e04f6a964a8a2fc0d632c3d61df75d609f49dfb50ba","finite":true,"shape":[1,3,10240]},"kind":"conv","layer":41},{"array":{"dtype":"Float32","elements":786432,"f32_bits_le_sha256":"33410a5fb6449463599721dd6e7ac85633b1a168041a54bd1ea57c772735bded","finite":true,"shape":[1,48,128,128]},"kind":"recurrent","layer":41},{"array":{"dtype":"Bfloat16","elements":30720,"f32_bits_le_sha256":"957a8413206d20ec99610e03fd33439c6be05b3d2ebf4c88e2df53d4cf5e1b37","finite":true,"shape":[1,3,10240]},"kind":"conv","layer":42},{"array":{"dtype":"Float32","elements":786432,"f32_bits_le_sha256":"0749869455fc4a31f8ce4b9486ddd4574c308104a3cae586d5bb813704322303","finite":true,"shape":[1,48,128,128]},"kind":"recurrent","layer":42},{"array":{"dtype":"Bfloat16","elements":534528,"f32_bits_le_sha256":"5af75bcb40699e4496f52672a3a85920853b87f513858e025d0a33c5e57e69f3","finite":true,"shape":[1,4,522,256]},"kind":"key","layer":43},{"array":{"dtype":"Bfloat16","elements":534528,"f32_bits_le_sha256":"c0fb6ce6f73468b53d35f04c4a047e91bffb35b7464330a8b97f03a18fdd9425","finite":true,"shape":[1,4,522,256]},"kind":"value","layer":43},{"array":{"dtype":"Bfloat16","elements":30720,"f32_bits_le_sha256":"b71ed28e9b3ead0a5fcd0c6f1c537a17646c69927ba50d4d769979a424ed19cc","finite":true,"shape":[1,3,10240]},"kind":"conv","layer":44},{"array":{"dtype":"Float32","elements":786432,"f32_bits_le_sha256":"7532a101bbf3a2b1c53eaab02340ea7af9d0756263fafb9e5ff26b2fa18b253a","finite":true,"shape":[1,48,128,128]},"kind":"recurrent","layer":44},{"array":{"dtype":"Bfloat16","elements":30720,"f32_bits_le_sha256":"5bd9a6027fc781600526d7de6489aaaf3b6f3f4814d5492ce767650c2bda7e23","finite":true,"shape":[1,3,10240]},"kind":"conv","layer":45},{"array":{"dtype":"Float32","elements":786432,"f32_bits_le_sha256":"b9d1a4d8a6541a3b2b83d624715dfd41c165d8785f57a10b01787d6beb69bb3e","finite":true,"shape":[1,48,128,128]},"kind":"recurrent","layer":45},{"array":{"dtype":"Bfloat16","elements":30720,"f32_bits_le_sha256":"be72d8a64a68e5db0ea4dc42c1172a2e74a44d7e453a485acad5e2a5edae3bf0","finite":true,"shape":[1,3,10240]},"kind":"conv","layer":46},{"array":{"dtype":"Float32","elements":786432,"f32_bits_le_sha256":"fe5c2e285749c6c1f316652d89be1c0fe40492ecf37e1db24b5c527d83f2d636","finite":true,"shape":[1,48,128,128]},"kind":"recurrent","layer":46},{"array":{"dtype":"Bfloat16","elements":534528,"f32_bits_le_sha256":"bdded5feb388cea92ad49684c369a7f1a5db06773862649f2a27103daeabcf45","finite":true,"shape":[1,4,522,256]},"kind":"key","layer":47},{"array":{"dtype":"Bfloat16","elements":534528,"f32_bits_le_sha256":"b471722ca8805a24b53755cdf304d18f4a37f757335e214fcbbd71b87220c267","finite":true,"shape":[1,4,522,256]},"kind":"value","layer":47},{"array":{"dtype":"Bfloat16","elements":30720,"f32_bits_le_sha256":"b279148a0c1652bb13bd284450a32c098428b6a20c93aa5211a8e15bf8ecc417","finite":true,"shape":[1,3,10240]},"kind":"conv","layer":48},{"array":{"dtype":"Float32","elements":786432,"f32_bits_le_sha256":"8b806d800b69c708d8f5e0478eb9c0bde99fd934269177d5e2c4d30f0f4a383b","finite":true,"shape":[1,48,128,128]},"kind":"recurrent","layer":48},{"array":{"dtype":"Bfloat16","elements":30720,"f32_bits_le_sha256":"9eb8b6b6ee0d98bc998f5182df5c30ddaa2a74cce535b238d5a18174651c6447","finite":true,"shape":[1,3,10240]},"kind":"conv","layer":49},{"array":{"dtype":"Float32","elements":786432,"f32_bits_le_sha256":"abd5c0a7e9b0d18d1b3cf4164307dcfb5c5568f02c7ebdd0a1db6e5f38aaa9db","finite":true,"shape":[1,48,128,128]},"kind":"recurrent","layer":49},{"array":{"dtype":"Bfloat16","elements":30720,"f32_bits_le_sha256":"67140e2f6ecc685bdd85d4d7e5218b848c404944e77190fba623a8dc5fd6ea24","finite":true,"shape":[1,3,10240]},"kind":"conv","layer":50},{"array":{"dtype":"Float32","elements":786432,"f32_bits_le_sha256":"bdbffb5ecdf777be8063f87ef9abdc1d31f3b308c581554cba62576208d87a62","finite":true,"shape":[1,48,128,128]},"kind":"recurrent","layer":50},{"array":{"dtype":"Bfloat16","elements":534528,"f32_bits_le_sha256":"2b1042b4aee07f1439cf3d9e40c22ac645aff1ddcc8495c96450053ab6fb86ee","finite":true,"shape":[1,4,522,256]},"kind":"key","layer":51},{"array":{"dtype":"Bfloat16","elements":534528,"f32_bits_le_sha256":"4b84eaf5fe29893a232d61e5dfa50e058fac8fe28de250a0671217435b57b8f8","finite":true,"shape":[1,4,522,256]},"kind":"value","layer":51},{"array":{"dtype":"Bfloat16","elements":30720,"f32_bits_le_sha256":"e168c29a6f0c3ca060c5d6fa711c5b102c10d6a4d1534e06a405c14cd2e409ec","finite":true,"shape":[1,3,10240]},"kind":"conv","layer":52},{"array":{"dtype":"Float32","elements":786432,"f32_bits_le_sha256":"2f104240d7339b84827aaa34065c1f03e3656ccea32657381e231320203eee82","finite":true,"shape":[1,48,128,128]},"kind":"recurrent","layer":52},{"array":{"dtype":"Bfloat16","elements":30720,"f32_bits_le_sha256":"159b9c1d1c4085ab997f375c9cdf5183905565ac5573a9284fadbd9127ca9e63","finite":true,"shape":[1,3,10240]},"kind":"conv","layer":53},{"array":{"dtype":"Float32","elements":786432,"f32_bits_le_sha256":"d71b6902985c4326baee3cde0ce51a19f9a55fa735c90a450a5a5f397530a70a","finite":true,"shape":[1,48,128,128]},"kind":"recurrent","layer":53},{"array":{"dtype":"Bfloat16","elements":30720,"f32_bits_le_sha256":"70170e9dccdf3d2e741182a5f5f370ed4273490ba2bd3c94d403a83a31b74e65","finite":true,"shape":[1,3,10240]},"kind":"conv","layer":54},{"array":{"dtype":"Float32","elements":786432,"f32_bits_le_sha256":"f42b307c286ec94b93f3e632aec0ab9751b0b3df29f302792276dcb4d4651aa4","finite":true,"shape":[1,48,128,128]},"kind":"recurrent","layer":54},{"array":{"dtype":"Bfloat16","elements":534528,"f32_bits_le_sha256":"041dc742e35376528d0d4d34adcdd670d55d3c78b23507891209191908292750","finite":true,"shape":[1,4,522,256]},"kind":"key","layer":55},{"array":{"dtype":"Bfloat16","elements":534528,"f32_bits_le_sha256":"8bc1e038d1e14acb606ba7417d17408dd4093b127c5cbdd772c574381af54328","finite":true,"shape":[1,4,522,256]},"kind":"value","layer":55},{"array":{"dtype":"Bfloat16","elements":30720,"f32_bits_le_sha256":"3cf70396fae8691c97c810a22731f639f6e80074ab10826766f7985cc8573409","finite":true,"shape":[1,3,10240]},"kind":"conv","layer":56},{"array":{"dtype":"Float32","elements":786432,"f32_bits_le_sha256":"350d0c2cb060921c695ef7b3a7eea469449f20082d79339a6fffba8094cf7126","finite":true,"shape":[1,48,128,128]},"kind":"recurrent","layer":56},{"array":{"dtype":"Bfloat16","elements":30720,"f32_bits_le_sha256":"1b945ce0b7960cd79a08dead67d52deefd7f1a19c04874655c6f2a204f88f2c5","finite":true,"shape":[1,3,10240]},"kind":"conv","layer":57},{"array":{"dtype":"Float32","elements":786432,"f32_bits_le_sha256":"32fc2690f307304248585b90a42cbf718ea31527028dc41168b4bf5062bcd6e3","finite":true,"shape":[1,48,128,128]},"kind":"recurrent","layer":57},{"array":{"dtype":"Bfloat16","elements":30720,"f32_bits_le_sha256":"56d09effb451d4a31560527f2188f9dfddb71b255928d379ea686b8862c3e476","finite":true,"shape":[1,3,10240]},"kind":"conv","layer":58},{"array":{"dtype":"Float32","elements":786432,"f32_bits_le_sha256":"d52e58e761791f4f47224d9b0d2fe4e3fb5cc370dfe417ad1f2cf5d63929de1e","finite":true,"shape":[1,48,128,128]},"kind":"recurrent","layer":58},{"array":{"dtype":"Bfloat16","elements":534528,"f32_bits_le_sha256":"a29f1e49857ca3f4bc234981f32451dfa43433e47b394552c6315fb0085311a0","finite":true,"shape":[1,4,522,256]},"kind":"key","layer":59},{"array":{"dtype":"Bfloat16","elements":534528,"f32_bits_le_sha256":"4ca9b3427063c290dfc4831c575f00532842ed191638c9c357cc265f15e8a162","finite":true,"shape":[1,4,522,256]},"kind":"value","layer":59},{"array":{"dtype":"Bfloat16","elements":30720,"f32_bits_le_sha256":"6efc9062d336402d0250aa78ae6d273e8e0035d895068ab087373ec9557d9b38","finite":true,"shape":[1,3,10240]},"kind":"conv","layer":60},{"array":{"dtype":"Float32","elements":786432,"f32_bits_le_sha256":"8e1e5690623ff164ed4f11a44750abb010b6ebac269de3d3539e3149f1b7d324","finite":true,"shape":[1,48,128,128]},"kind":"recurrent","layer":60},{"array":{"dtype":"Bfloat16","elements":30720,"f32_bits_le_sha256":"7a2d52e33ab5c0216d53ddf746a2b8444b20500a5f6c041a324f90a79389796e","finite":true,"shape":[1,3,10240]},"kind":"conv","layer":61},{"array":{"dtype":"Float32","elements":786432,"f32_bits_le_sha256":"a2ecdec17a12885c02d16d19099fbfa830559806919f672a2eedc878fb761872","finite":true,"shape":[1,48,128,128]},"kind":"recurrent","layer":61},{"array":{"dtype":"Bfloat16","elements":30720,"f32_bits_le_sha256":"fa4d166b5d4bb8893ebbf01b1c3db956a59b42d966db0a3e3663f50df70d14c5","finite":true,"shape":[1,3,10240]},"kind":"conv","layer":62},{"array":{"dtype":"Float32","elements":786432,"f32_bits_le_sha256":"f33ecf4a23898ef9ff3be00507467a4b69e24f3ea84812db32ae84cd1dc87922","finite":true,"shape":[1,48,128,128]},"kind":"recurrent","layer":62},{"array":{"dtype":"Bfloat16","elements":534528,"f32_bits_le_sha256":"62a54ca7b9d53726fdaef3235271eae4b8f1505f10d76b1a628ea4bf2f232489","finite":true,"shape":[1,4,522,256]},"kind":"key","layer":63},{"array":{"dtype":"Bfloat16","elements":534528,"f32_bits_le_sha256":"c0e6048ff0b0085d532703385ecc1f0f4d5abe4e2f34bde94a606f8ae23c2114","finite":true,"shape":[1,4,522,256]},"kind":"value","layer":63}],"mrope_position_delta":0,"rope_offset":0,"seq_len":522}}
first_split_probe {"event":"array","label":"same_scope_target_replay","metadata":{"dtype":"Float32","elements":993280,"f32_bits_le_sha256":"d91438ab14747685073c87421f0fe219ba63f3cd773c72ae218209993eb8ce0a","finite":true,"shape":[4,248320]},"whole_compiled":false}
first_split_probe {"elements":993280,"event":"logit_comparison","label":"live_vs_same_scope_full_logits","max_abs":0.0,"unequal":0}
first_split_probe {"direct_token":{"logit":21.75,"token":279},"elements":248320,"event":"row","finite":true,"label":"same_scope_target_replay","mtp_token":{"logit":21.875,"token":6397},"top8":[[6397,21.875],[279,21.75],[2849,21.75],[55112,21.625],[40278,20.125],[1375,18.5],[8163,18.0],[1439,17.375]]}
first_split_probe {"event":"same_scope_replay_valid","full_logits_exact":true}
first_split_probe {"entry":"forward_all_positions: stock full-batch LM head, not live verifier head helper","event":"array","exact":false,"label":"ordinary_batch","metadata":{"dtype":"Float32","elements":993280,"f32_bits_le_sha256":"e69781534a73e954124146408d2f175f8218b767b3db77578c9db47d4cfa4a16","finite":true,"shape":[4,248320]},"qmm_guard":false,"relaxed":false,"target":false,"whole_trace":false}
first_split_probe {"direct_token":{"logit":21.75,"token":279},"elements":248320,"event":"row","finite":true,"label":"ordinary_batch","mtp_token":{"logit":21.875,"token":6397},"top8":[[6397,21.875],[279,21.75],[2849,21.75],[55112,21.625],[40278,20.125],[1375,18.5],[8163,18.0],[1439,17.25]]}
first_split_probe {"elements":993280,"event":"logit_comparison","label":"live_vs_ordinary_batch_full_logits","max_abs":0.125,"unequal":716051}
first_split_probe {"ending_cache_seq_len":525,"event":"array","input_count":3,"label":"ordinary_singleton","metadata":{"dtype":"Bfloat16","elements":248320,"f32_bits_le_sha256":"30e01b1afeb5cda4b630313b5e8febaf8bf7ae1fdd956254c0f87cfe3b56edb3","finite":true,"shape":[248320]}}
first_split_probe {"direct_token":{"logit":21.75,"token":279},"elements":248320,"event":"row","finite":true,"label":"ordinary_singleton","mtp_token":{"logit":21.75,"token":6397},"top8":[[279,21.75],[2849,21.75],[6397,21.75],[55112,21.625],[40278,20.125],[1375,18.5],[8163,18.0],[1439,17.25]]}
first_split_probe {"elements":248320,"event":"logit_comparison","label":"live_vs_singleton_selected_row","max_abs":0.125,"unequal":185298}
first_split_probe {"elements":248320,"event":"logit_comparison","label":"ordinary_batch_vs_singleton_selected_row","max_abs":0.125,"unequal":186795}
first_split_probe {"event":"cache_after","live_verify":{"capacity_tokens":12288,"logical_arrays":[{"array":{"dtype":"Bfloat16","elements":30720,"f32_bits_le_sha256":"04c9d50030412e700d2b326a7620dc1232055562d0df6b0209003eb97d58159e","finite":true,"shape":[1,3,10240]},"kind":"conv","layer":0},{"array":{"dtype":"Float32","elements":786432,"f32_bits_le_sha256":"d82e7b050525eba74dcd55bca45c37f427801e31bf70dae0905b2703d2b48c50","finite":true,"shape":[1,48,128,128]},"kind":"recurrent","layer":0},{"array":{"dtype":"Bfloat16","elements":30720,"f32_bits_le_sha256":"64e60121dec09880997d6c910e8b3f4b76055b9971f7a336ca227b6e3b15561c","finite":true,"shape":[1,3,10240]},"kind":"conv","layer":1},{"array":{"dtype":"Float32","elements":786432,"f32_bits_le_sha256":"d9ae11edcd8ec2cb3db9e42051c26bc4c4271b9812cb0af0b8f45e25f686f1a1","finite":true,"shape":[1,48,128,128]},"kind":"recurrent","layer":1},{"array":{"dtype":"Bfloat16","elements":30720,"f32_bits_le_sha256":"6f74d99138ff7624a21f21c16c1416ca87d591dd5a97fb05833328e16a6eb6a9","finite":true,"shape":[1,3,10240]},"kind":"conv","layer":2},{"array":{"dtype":"Float32","elements":786432,"f32_bits_le_sha256":"fb371ee7c8e9e7ac955a1b439c2ef6c1ed97183dbd227d46cb62318548ca3158","finite":true,"shape":[1,48,128,128]},"kind":"recurrent","layer":2},{"array":{"dtype":"Bfloat16","elements":538624,"f32_bits_le_sha256":"6eaddfddd4ba051801fd2c122aa97fcb35a2a5c7c22e58a702315570b0c11c29","finite":true,"shape":[1,4,526,256]},"kind":"key","layer":3},{"array":{"dtype":"Bfloat16","elements":538624,"f32_bits_le_sha256":"c6fd9f075f033a13440cb1521b5eb9aea97de1e4a5063b4c15b0eda04b79e48f","finite":true,"shape":[1,4,526,256]},"kind":"value","layer":3},{"array":{"dtype":"Bfloat16","elements":30720,"f32_bits_le_sha256":"aebe9ba173e1907101ab3a644afbaa464e1f0adef1146ac2696f0d77a461c02c","finite":true,"shape":[1,3,10240]},"kind":"conv","layer":4},{"array":{"dtype":"Float32","elements":786432,"f32_bits_le_sha256":"35cd0f7116ba15f1943fca23e8b3598f6c1e6b17081ee010a313bb202e085f2d","finite":true,"shape":[1,48,128,128]},"kind":"recurrent","layer":4},{"array":{"dtype":"Bfloat16","elements":30720,"f32_bits_le_sha256":"3d5b4c1c9715877acb83456c05f75603ae3ed6b2e0f9048c37a6e44ec7790e77","finite":true,"shape":[1,3,10240]},"kind":"conv","layer":5},{"array":{"dtype":"Float32","elements":786432,"f32_bits_le_sha256":"6cb21ffd692ba2daf45353d8d96c88e717460b2c06e6640014d9f0d16b09b7f0","finite":true,"shape":[1,48,128,128]},"kind":"recurrent","layer":5},{"array":{"dtype":"Bfloat16","elements":30720,"f32_bits_le_sha256":"15c7f1e2fda4b0654165e8604030e93ba5b57fccb4a50f3f6f12b263c4b87b70","finite":true,"shape":[1,3,10240]},"kind":"conv","layer":6},{"array":{"dtype":"Float32","elements":786432,"f32_bits_le_sha256":"08583847563e980caf13c1f3842de128bb57bf55f6537388f3d9c2a5325dffd8","finite":true,"shape":[1,48,128,128]},"kind":"recurrent","layer":6},{"array":{"dtype":"Bfloat16","elements":538624,"f32_bits_le_sha256":"ea4c7dc3396cb3336220e4da57df6251755d9665d96f45f518147a32934b8b2b","finite":true,"shape":[1,4,526,256]},"kind":"key","layer":7},{"array":{"dtype":"Bfloat16","elements":538624,"f32_bits_le_sha256":"ae9b32e52f845a47678b933177d649805018dc9892074adf83f2cf217fd0810e","finite":true,"shape":[1,4,526,256]},"kind":"value","layer":7},{"array":{"dtype":"Bfloat16","elements":30720,"f32_bits_le_sha256":"664e34d378f2c7d137d62433950883e69316343da7b5e764b8b117f9cb40d95c","finite":true,"shape":[1,3,10240]},"kind":"conv","layer":8},{"array":{"dtype":"Float32","elements":786432,"f32_bits_le_sha256":"378d4d6c847bf7d88a743a960979cf8d333540895cb0dc39fc9076831fbbf51b","finite":true,"shape":[1,48,128,128]},"kind":"recurrent","layer":8},{"array":{"dtype":"Bfloat16","elements":30720,"f32_bits_le_sha256":"91362f56fca012d38606a1208f673225fd746c8d291501a6551b6c56f6ab5464","finite":true,"shape":[1,3,10240]},"kind":"conv","layer":9},{"array":{"dtype":"Float32","elements":786432,"f32_bits_le_sha256":"638b1af34893e6567956078adf85186900e265b187f58d49b549774f831b4278","finite":true,"shape":[1,48,128,128]},"kind":"recurrent","layer":9},{"array":{"dtype":"Bfloat16","elements":30720,"f32_bits_le_sha256":"3481e9ff8a2af8631aa1d74ead591b2197b98be7ba6bcb5c679ad36df24a7977","finite":true,"shape":[1,3,10240]},"kind":"conv","layer":10},{"array":{"dtype":"Float32","elements":786432,"f32_bits_le_sha256":"a9c9179d77bdd0f1f637a6957c8cbdc1b335374b779a3dba067d31784f3933c3","finite":true,"shape":[1,48,128,128]},"kind":"recurrent","layer":10},{"array":{"dtype":"Bfloat16","elements":538624,"f32_bits_le_sha256":"837111ff9ff0d29b921513d552800ae299a349f37441fc07a39c979e618d1238","finite":true,"shape":[1,4,526,256]},"kind":"key","layer":11},{"array":{"dtype":"Bfloat16","elements":538624,"f32_bits_le_sha256":"f6a8de641f08300ffd8fd21080e0f0af043f74c708b21aa58ec082bbf8d2db21","finite":true,"shape":[1,4,526,256]},"kind":"value","layer":11},{"array":{"dtype":"Bfloat16","elements":30720,"f32_bits_le_sha256":"7ed006023c88bb6cf1cc50afcd1b96814eade5d0962de971c3174f05b2d1d6a1","finite":true,"shape":[1,3,10240]},"kind":"conv","layer":12},{"array":{"dtype":"Float32","elements":786432,"f32_bits_le_sha256":"5b5fbab8fe3c14e2de161b5ae14b79b2ba9d9068c9403bdd2199eba61fe9c463","finite":true,"shape":[1,48,128,128]},"kind":"recurrent","layer":12},{"array":{"dtype":"Bfloat16","elements":30720,"f32_bits_le_sha256":"9fd50029b646c812ddcbed3303da15bbf42aa705dd37ca8f5b4bcdfdd4473aaf","finite":true,"shape":[1,3,10240]},"kind":"conv","layer":13},{"array":{"dtype":"Float32","elements":786432,"f32_bits_le_sha256":"e77504e6bbc2c61f2406172675b3616aaadbd64a17238f07a7c2f0484d339992","finite":true,"shape":[1,48,128,128]},"kind":"recurrent","layer":13},{"array":{"dtype":"Bfloat16","elements":30720,"f32_bits_le_sha256":"e92429e3ff13348ecee11004fa5e40624e61bc441973efbf938b40e58a477d46","finite":true,"shape":[1,3,10240]},"kind":"conv","layer":14},{"array":{"dtype":"Float32","elements":786432,"f32_bits_le_sha256":"9e894507da38604c7ea1205e2257d1fc77d9873b8a076ba074973874bfd92d37","finite":true,"shape":[1,48,128,128]},"kind":"recurrent","layer":14},{"array":{"dtype":"Bfloat16","elements":538624,"f32_bits_le_sha256":"34d9ddc9df8506c3ca40cf3b84e56de01aa90503e8f4abc52622be084501c466","finite":true,"shape":[1,4,526,256]},"kind":"key","layer":15},{"array":{"dtype":"Bfloat16","elements":538624,"f32_bits_le_sha256":"cea799da3d323c3e6528684c181ff610721ab4b7050ebbda7af8ada5870dbae3","finite":true,"shape":[1,4,526,256]},"kind":"value","layer":15},{"array":{"dtype":"Bfloat16","elements":30720,"f32_bits_le_sha256":"4f45c26c3deef03782605b5250e6d866d9e5555e97a15c13d063e6791f6406d0","finite":true,"shape":[1,3,10240]},"kind":"conv","layer":16},{"array":{"dtype":"Float32","elements":786432,"f32_bits_le_sha256":"c7196b52dd1564bd096c5669470e01ac7d8c17939c3a0d21401aedfe97c203f6","finite":true,"shape":[1,48,128,128]},"kind":"recurrent","layer":16},{"array":{"dtype":"Bfloat16","elements":30720,"f32_bits_le_sha256":"d34ca2a0bed4e93fce2d3bc5c891bc5f19b73b01db0091a9d10d8d8545601fb1","finite":true,"shape":[1,3,10240]},"kind":"conv","layer":17},{"array":{"dtype":"Float32","elements":786432,"f32_bits_le_sha256":"59c6c2966ec87cc4d8b1af2ecac3c75010edb4d3f8f2f4be0b1118a843a38949","finite":true,"shape":[1,48,128,128]},"kind":"recurrent","layer":17},{"array":{"dtype":"Bfloat16","elements":30720,"f32_bits_le_sha256":"8617441b3e7cd86944e00c4118198cc94d6e3c5ae847b45cb8166c16aac0f01b","finite":true,"shape":[1,3,10240]},"kind":"conv","layer":18},{"array":{"dtype":"Float32","elements":786432,"f32_bits_le_sha256":"3a123385355a9a960fe687bc3f6152b9f266a043835add852c730d1deb8c49be","finite":true,"shape":[1,48,128,128]},"kind":"recurrent","layer":18},{"array":{"dtype":"Bfloat16","elements":538624,"f32_bits_le_sha256":"682aabada7e9825e44cd5d11f15c945d966be81f0847d8736f30aa51390b2eaa","finite":true,"shape":[1,4,526,256]},"kind":"key","layer":19},{"array":{"dtype":"Bfloat16","elements":538624,"f32_bits_le_sha256":"c33b41cc8343054dec49935673b21af1140d214036ad9b741d7faa60c7db8eb5","finite":true,"shape":[1,4,526,256]},"kind":"value","layer":19},{"array":{"dtype":"Bfloat16","elements":30720,"f32_bits_le_sha256":"0fa5fbccba204b1d17ba096267ba3794c96088508f00eae96b8b6ba579a31634","finite":true,"shape":[1,3,10240]},"kind":"conv","layer":20},{"array":{"dtype":"Float32","elements":786432,"f32_bits_le_sha256":"613265980be1c7cebb246f6eafc480748e9534721d65e9af1e459a0564330432","finite":true,"shape":[1,48,128,128]},"kind":"recurrent","layer":20},{"array":{"dtype":"Bfloat16","elements":30720,"f32_bits_le_sha256":"0b2f85ba19c1b663c1d0a35cc5f40a38c12c989c7ee28e196112168051fff7da","finite":true,"shape":[1,3,10240]},"kind":"conv","layer":21},{"array":{"dtype":"Float32","elements":786432,"f32_bits_le_sha256":"3df4bbce56894e0dd1b6c807c97525249604f17f69f402e3f5cbe54d186f319b","finite":true,"shape":[1,48,128,128]},"kind":"recurrent","layer":21},{"array":{"dtype":"Bfloat16","elements":30720,"f32_bits_le_sha256":"0bd733afadf09e3322a600e6c3287e66d828fb281809e112a9fbde368cf33231","finite":true,"shape":[1,3,10240]},"kind":"conv","layer":22},{"array":{"dtype":"Float32","elements":786432,"f32_bits_le_sha256":"5cf56f8b7a8dac7ae5277afbf1cea6c2dfce6da94b94dfeeae38bddfa8fe65fc","finite":true,"shape":[1,48,128,128]},"kind":"recurrent","layer":22},{"array":{"dtype":"Bfloat16","elements":538624,"f32_bits_le_sha256":"da7a1221ae201e493ba34688d5f6640dd49e45e350935b5a34b730014810a861","finite":true,"shape":[1,4,526,256]},"kind":"key","layer":23},{"array":{"dtype":"Bfloat16","elements":538624,"f32_bits_le_sha256":"40aca3b7499550297e18584fc163106146ced7ccbe8e74115d28a4991fd1c76d","finite":true,"shape":[1,4,526,256]},"kind":"value","layer":23},{"array":{"dtype":"Bfloat16","elements":30720,"f32_bits_le_sha256":"dc74676f8a8f77a5627ccd9272c97c8e8170fa26f6fe925746f56e4b1607dafb","finite":true,"shape":[1,3,10240]},"kind":"conv","layer":24},{"array":{"dtype":"Float32","elements":786432,"f32_bits_le_sha256":"9d61cd66c6959cf7fa6ec5cc81dbf269b45cf2332e0cc7d71362b7fe4219d494","finite":true,"shape":[1,48,128,128]},"kind":"recurrent","layer":24},{"array":{"dtype":"Bfloat16","elements":30720,"f32_bits_le_sha256":"7b98fbc4c7880e6eabc272cb00d2e926bc6f8c97962504277e4f45b3499023af","finite":true,"shape":[1,3,10240]},"kind":"conv","layer":25},{"array":{"dtype":"Float32","elements":786432,"f32_bits_le_sha256":"684dc7070e069e6268541a27349afcb40c69eb78fa693c215b2afee9ec813794","finite":true,"shape":[1,48,128,128]},"kind":"recurrent","layer":25},{"array":{"dtype":"Bfloat16","elements":30720,"f32_bits_le_sha256":"4f7036e8aaad5436b663813158ed67ed457fcacfc0ce7fe69e52152c6f0865aa","finite":true,"shape":[1,3,10240]},"kind":"conv","layer":26},{"array":{"dtype":"Float32","elements":786432,"f32_bits_le_sha256":"471ada9a641fa27ec284610bd4eb6d46b4fb5ee96ea51bfd546b95c081454d59","finite":true,"shape":[1,48,128,128]},"kind":"recurrent","layer":26},{"array":{"dtype":"Bfloat16","elements":538624,"f32_bits_le_sha256":"cc291cfff04d40e7d40ae0d7a2a261283637c93104be153f3579088a9b5fccd9","finite":true,"shape":[1,4,526,256]},"kind":"key","layer":27},{"array":{"dtype":"Bfloat16","elements":538624,"f32_bits_le_sha256":"fab2a51ad14f4e43cec09db7528415e222c14de8f7f6b53129268fede3e74061","finite":true,"shape":[1,4,526,256]},"kind":"value","layer":27},{"array":{"dtype":"Bfloat16","elements":30720,"f32_bits_le_sha256":"daaefe7ae714542823fc88ce8a72961a1f1f900e5d8688546fcb1fcc0ae14ec8","finite":true,"shape":[1,3,10240]},"kind":"conv","layer":28},{"array":{"dtype":"Float32","elements":786432,"f32_bits_le_sha256":"823df7e2cd5e749cd76b557ba7cd312f960f944fd2f14e48d23c0f567f5c5efb","finite":true,"shape":[1,48,128,128]},"kind":"recurrent","layer":28},{"array":{"dtype":"Bfloat16","elements":30720,"f32_bits_le_sha256":"702f079ecb82f7e1d520869f646b9f64d33179371efdcb4677420525f0443f6d","finite":true,"shape":[1,3,10240]},"kind":"conv","layer":29},{"array":{"dtype":"Float32","elements":786432,"f32_bits_le_sha256":"9d41c9e9c086bd2dbb80062ce62d76f4b11e5dff46dad24f8c7a85023c6f1c67","finite":true,"shape":[1,48,128,128]},"kind":"recurrent","layer":29},{"array":{"dtype":"Bfloat16","elements":30720,"f32_bits_le_sha256":"89f26ff48563f85f2000f00a72246dccfb710d1e8fad197510f8ccd40c7ffa8f","finite":true,"shape":[1,3,10240]},"kind":"conv","layer":30},{"array":{"dtype":"Float32","elements":786432,"f32_bits_le_sha256":"a8e717fe75c128af10144ceb2aa865d7d4dd97a662756fbe27caafce91a60835","finite":true,"shape":[1,48,128,128]},"kind":"recurrent","layer":30},{"array":{"dtype":"Bfloat16","elements":538624,"f32_bits_le_sha256":"0a7518371112ca3e94409d79719e739a565d32776ab7489392cb17c3c684de5b","finite":true,"shape":[1,4,526,256]},"kind":"key","layer":31},{"array":{"dtype":"Bfloat16","elements":538624,"f32_bits_le_sha256":"8278730bc8a8d320ffc52b3cae660ab244bd283c6c4a21c5012e41608453b9b1","finite":true,"shape":[1,4,526,256]},"kind":"value","layer":31},{"array":{"dtype":"Bfloat16","elements":30720,"f32_bits_le_sha256":"03af2bbd12ae098a51262bc96daba8ee900bae78082ceb906c2a8194a96e1a38","finite":true,"shape":[1,3,10240]},"kind":"conv","layer":32},{"array":{"dtype":"Float32","elements":786432,"f32_bits_le_sha256":"751638fc7966016bbbeb38447cb6b405fe2db5e1e2ade95b47af7a1dde4da2a8","finite":true,"shape":[1,48,128,128]},"kind":"recurrent","layer":32},{"array":{"dtype":"Bfloat16","elements":30720,"f32_bits_le_sha256":"cda8394fd579228e7ef53d2052b7830ece912ef1d062817ec0c0d26e6f9c9dc7","finite":true,"shape":[1,3,10240]},"kind":"conv","layer":33},{"array":{"dtype":"Float32","elements":786432,"f32_bits_le_sha256":"df5c246a49f119621b42f09764aa670f6ae1c308a22c4f84bd79a07a800aca4d","finite":true,"shape":[1,48,128,128]},"kind":"recurrent","layer":33},{"array":{"dtype":"Bfloat16","elements":30720,"f32_bits_le_sha256":"17f4e3425295863be8e85c468df58c4b5c2a91306272d3a89a7207a6b3f20e3a","finite":true,"shape":[1,3,10240]},"kind":"conv","layer":34},{"array":{"dtype":"Float32","elements":786432,"f32_bits_le_sha256":"9b876cd8c7f04ec5fb97eeffa35ddd4a5f99472ddb151262c04164648652f632","finite":true,"shape":[1,48,128,128]},"kind":"recurrent","layer":34},{"array":{"dtype":"Bfloat16","elements":538624,"f32_bits_le_sha256":"a56e6e6dc83e6e86d39bf5872edb0d102d4951982c3455256f7efd63a89c6e0f","finite":true,"shape":[1,4,526,256]},"kind":"key","layer":35},{"array":{"dtype":"Bfloat16","elements":538624,"f32_bits_le_sha256":"f1e9ca7a9e9ebdc186485a061976b3b43da6bb401c2c8df18ed283682b208574","finite":true,"shape":[1,4,526,256]},"kind":"value","layer":35},{"array":{"dtype":"Bfloat16","elements":30720,"f32_bits_le_sha256":"ed5a304521239fdff91e63c19ed402aed1d9c29f5a22485da1825d059af14d8e","finite":true,"shape":[1,3,10240]},"kind":"conv","layer":36},{"array":{"dtype":"Float32","elements":786432,"f32_bits_le_sha256":"1863f03fba04172000b952401a54eddc2ad7a832ef6adc78d9ad3fb79e600960","finite":true,"shape":[1,48,128,128]},"kind":"recurrent","layer":36},{"array":{"dtype":"Bfloat16","elements":30720,"f32_bits_le_sha256":"c5a22ced74ccbe9c0557fff0ed86ecc00ae04108ac59db0acb6a77a04e38b490","finite":true,"shape":[1,3,10240]},"kind":"conv","layer":37},{"array":{"dtype":"Float32","elements":786432,"f32_bits_le_sha256":"72a93f80e6c2493b892a1623c3951a4254d264ce8edc1c27c18ce110b1ffc91a","finite":true,"shape":[1,48,128,128]},"kind":"recurrent","layer":37},{"array":{"dtype":"Bfloat16","elements":30720,"f32_bits_le_sha256":"47b102cf0741d33566176c0676bd58edfb57c6bb1e07eee0653aad0f2237b5d6","finite":true,"shape":[1,3,10240]},"kind":"conv","layer":38},{"array":{"dtype":"Float32","elements":786432,"f32_bits_le_sha256":"b8f6b826e8835dce61f9bfe48ceeed711445e6af626ed743b0354fe043d2cfdf","finite":true,"shape":[1,48,128,128]},"kind":"recurrent","layer":38},{"array":{"dtype":"Bfloat16","elements":538624,"f32_bits_le_sha256":"9aa5bd418200ae511e505bf2bd5f4b65166f71dadb25324775cf87c4133d95d3","finite":true,"shape":[1,4,526,256]},"kind":"key","layer":39},{"array":{"dtype":"Bfloat16","elements":538624,"f32_bits_le_sha256":"1f7b42e72230f47236e5548afb3d43bec4c2638ca4ce2ff19e6ee9a1ae5d98ed","finite":true,"shape":[1,4,526,256]},"kind":"value","layer":39},{"array":{"dtype":"Bfloat16","elements":30720,"f32_bits_le_sha256":"cf4ba0d581669653ac55cf93bde4a0047edcde2ca2281ea7856349f9f98b8fa0","finite":true,"shape":[1,3,10240]},"kind":"conv","layer":40},{"array":{"dtype":"Float32","elements":786432,"f32_bits_le_sha256":"b42f4116c53073a6e7911b9c54f07b5ea21b0336c0271fc3e0b9b142d6cb42d1","finite":true,"shape":[1,48,128,128]},"kind":"recurrent","layer":40},{"array":{"dtype":"Bfloat16","elements":30720,"f32_bits_le_sha256":"e4be476fa9b8acf32e7fcfe7d54e21ef3f0f5b4fdc552a53bcd5113d20c527e9","finite":true,"shape":[1,3,10240]},"kind":"conv","layer":41},{"array":{"dtype":"Float32","elements":786432,"f32_bits_le_sha256":"7b2668b36b09d351c8d55863e7dd0be93f63ae56fdc6731fe8dc4ab7f159588f","finite":true,"shape":[1,48,128,128]},"kind":"recurrent","layer":41},{"array":{"dtype":"Bfloat16","elements":30720,"f32_bits_le_sha256":"7df235776b5627d11bfb9a3a403097757b9806953411b26428e60c804a42aac2","finite":true,"shape":[1,3,10240]},"kind":"conv","layer":42},{"array":{"dtype":"Float32","elements":786432,"f32_bits_le_sha256":"09886ce07086ef2cebf8921a8463dcca5b0077aa6c7b92a3af8b4bf8faf6cdbf","finite":true,"shape":[1,48,128,128]},"kind":"recurrent","layer":42},{"array":{"dtype":"Bfloat16","elements":538624,"f32_bits_le_sha256":"e2a2835df5c37d9c03e56a0f9b732e8b77506acdd7bed55717149ec29ecd1497","finite":true,"shape":[1,4,526,256]},"kind":"key","layer":43},{"array":{"dtype":"Bfloat16","elements":538624,"f32_bits_le_sha256":"0e0a871c9cb274d99cf62b057bf17ec8c953bd2f57f859bc4f69eea83263efae","finite":true,"shape":[1,4,526,256]},"kind":"value","layer":43},{"array":{"dtype":"Bfloat16","elements":30720,"f32_bits_le_sha256":"215eef62e7ef7d398607b5a8dcd3b6bb1d6bd19e9f03163beeaf4f2e16901135","finite":true,"shape":[1,3,10240]},"kind":"conv","layer":44},{"array":{"dtype":"Float32","elements":786432,"f32_bits_le_sha256":"b67e799e38d750a38e030c17f22d80963028dc7496cb6c802a0a08335b20823d","finite":true,"shape":[1,48,128,128]},"kind":"recurrent","layer":44},{"array":{"dtype":"Bfloat16","elements":30720,"f32_bits_le_sha256":"1ee6d0951b0233da22f83db42e2d86cbd4b0239df50cb818b243ca85a1825243","finite":true,"shape":[1,3,10240]},"kind":"conv","layer":45},{"array":{"dtype":"Float32","elements":786432,"f32_bits_le_sha256":"91ca451f7b10c0ccac2cbcf18d26819c970c8d0ba0b122cddb82a1bf26b77d17","finite":true,"shape":[1,48,128,128]},"kind":"recurrent","layer":45},{"array":{"dtype":"Bfloat16","elements":30720,"f32_bits_le_sha256":"b2e48a43252244e36f7dbb182dc5682d85016db0bffb59a3600d8bd08fc28f94","finite":true,"shape":[1,3,10240]},"kind":"conv","layer":46},{"array":{"dtype":"Float32","elements":786432,"f32_bits_le_sha256":"1985038ff7c5867377559a920bb6811a79845ab8887b8758bb1b263fc828dc4c","finite":true,"shape":[1,48,128,128]},"kind":"recurrent","layer":46},{"array":{"dtype":"Bfloat16","elements":538624,"f32_bits_le_sha256":"bb64f32dc57eedf9a985ae9b775a67887ae422a46ea84ca419e46b96e09044a5","finite":true,"shape":[1,4,526,256]},"kind":"key","layer":47},{"array":{"dtype":"Bfloat16","elements":538624,"f32_bits_le_sha256":"ef21f69ad9bc7f6861a374c013623cfc213f7bc471fdd61e2d1709bacc97b286","finite":true,"shape":[1,4,526,256]},"kind":"value","layer":47},{"array":{"dtype":"Bfloat16","elements":30720,"f32_bits_le_sha256":"2805d627f3fdec16306df5caa1d450901c00aef94ce6841835c682794799147c","finite":true,"shape":[1,3,10240]},"kind":"conv","layer":48},{"array":{"dtype":"Float32","elements":786432,"f32_bits_le_sha256":"0834fb6ea7f1c9443619e788348b2e0bca23eae14639afc5f73c1a9f0df18096","finite":true,"shape":[1,48,128,128]},"kind":"recurrent","layer":48},{"array":{"dtype":"Bfloat16","elements":30720,"f32_bits_le_sha256":"3213d05768418076b4955c0f2d3acfec7ad368be8c01ae48579895ff55d11141","finite":true,"shape":[1,3,10240]},"kind":"conv","layer":49},{"array":{"dtype":"Float32","elements":786432,"f32_bits_le_sha256":"ad1482479bf18f5ec7ed5c533cd368da7a59f2196a5dc7e682bc9fff37ea457f","finite":true,"shape":[1,48,128,128]},"kind":"recurrent","layer":49},{"array":{"dtype":"Bfloat16","elements":30720,"f32_bits_le_sha256":"e585d177772909fa27e149f5019cd0decd657331121c1295afee091d9a86f111","finite":true,"shape":[1,3,10240]},"kind":"conv","layer":50},{"array":{"dtype":"Float32","elements":786432,"f32_bits_le_sha256":"3ec678fd15b89221055ba6f0d95ca07d3baf2a9b81eb17f096356af1ab5deaf3","finite":true,"shape":[1,48,128,128]},"kind":"recurrent","layer":50},{"array":{"dtype":"Bfloat16","elements":538624,"f32_bits_le_sha256":"55c3cb32f652800263244c8b23a4f69d4979230d0e197ff7141fc2df6165a473","finite":true,"shape":[1,4,526,256]},"kind":"key","layer":51},{"array":{"dtype":"Bfloat16","elements":538624,"f32_bits_le_sha256":"b01162cdb85abb41b1b09af3420b3e4b300fd7af22a645b9edad6a2d1271ee49","finite":true,"shape":[1,4,526,256]},"kind":"value","layer":51},{"array":{"dtype":"Bfloat16","elements":30720,"f32_bits_le_sha256":"22ac92355449d3fae843e5d52d362644fca88595020761dd927d8c2fb943037e","finite":true,"shape":[1,3,10240]},"kind":"conv","layer":52},{"array":{"dtype":"Float32","elements":786432,"f32_bits_le_sha256":"d6234d520649cf33fcaa9b00e289272ca2d7533b31dba76c64de3c7587134597","finite":true,"shape":[1,48,128,128]},"kind":"recurrent","layer":52},{"array":{"dtype":"Bfloat16","elements":30720,"f32_bits_le_sha256":"a7d13926960c457c353be32d69fa23b2b419a638fd69969dc0862e22e1b109d5","finite":true,"shape":[1,3,10240]},"kind":"conv","layer":53},{"array":{"dtype":"Float32","elements":786432,"f32_bits_le_sha256":"45eb941a27b36f136fc98ffb6cee37547039ce7f21b0385bdcca3d56a01add4c","finite":true,"shape":[1,48,128,128]},"kind":"recurrent","layer":53},{"array":{"dtype":"Bfloat16","elements":30720,"f32_bits_le_sha256":"86c5c3656c43803cb44653240dac5466f00dba7a432225643a3e053094a4fb18","finite":true,"shape":[1,3,10240]},"kind":"conv","layer":54},{"array":{"dtype":"Float32","elements":786432,"f32_bits_le_sha256":"a6b2c8beb56e5e12cf1ebec45cd76ea0c0d0225d339d428259303aac5961a97e","finite":true,"shape":[1,48,128,128]},"kind":"recurrent","layer":54},{"array":{"dtype":"Bfloat16","elements":538624,"f32_bits_le_sha256":"ef11fd66125707be41632f5a65938f966e06e831fc0ccdec2a9d2d4fa9d6b51c","finite":true,"shape":[1,4,526,256]},"kind":"key","layer":55},{"array":{"dtype":"Bfloat16","elements":538624,"f32_bits_le_sha256":"cf7089c0ab89850f33c4c057f87b369a19361105e207ffcab487809bb25bd362","finite":true,"shape":[1,4,526,256]},"kind":"value","layer":55},{"array":{"dtype":"Bfloat16","elements":30720,"f32_bits_le_sha256":"595b7586aaffb327d2c69baf0053b47dd7d5f86b6f93c3136ec1b465aca1c99f","finite":true,"shape":[1,3,10240]},"kind":"conv","layer":56},{"array":{"dtype":"Float32","elements":786432,"f32_bits_le_sha256":"a2651306181ebcd9568930c01e4be692122e5400ee4ccb0719e67a053cda9fba","finite":true,"shape":[1,48,128,128]},"kind":"recurrent","layer":56},{"array":{"dtype":"Bfloat16","elements":30720,"f32_bits_le_sha256":"48a78aad4340281a7c55a404b78e14f874f8b81cf4e1ecbed5fd7897059ce4da","finite":true,"shape":[1,3,10240]},"kind":"conv","layer":57},{"array":{"dtype":"Float32","elements":786432,"f32_bits_le_sha256":"68cca64cdf389f3ddd4794bb91b8cdf6e7497f703954ccf33989391f5c3bd402","finite":true,"shape":[1,48,128,128]},"kind":"recurrent","layer":57},{"array":{"dtype":"Bfloat16","elements":30720,"f32_bits_le_sha256":"80e8ee6a0e3178fad7ff5a3f3deab455a2f3fab8b2c1668808fdd5e8e141257c","finite":true,"shape":[1,3,10240]},"kind":"conv","layer":58},{"array":{"dtype":"Float32","elements":786432,"f32_bits_le_sha256":"290c05e35b0d4c84bbe6d71dcdb7742a244dcc70ce7fe37abbdd8933dd1476af","finite":true,"shape":[1,48,128,128]},"kind":"recurrent","layer":58},{"array":{"dtype":"Bfloat16","elements":538624,"f32_bits_le_sha256":"02449831cb4c36c92cd39f1abfc2d5c8b5aad9551d5016bd1caa25c364eaf67c","finite":true,"shape":[1,4,526,256]},"kind":"key","layer":59},{"array":{"dtype":"Bfloat16","elements":538624,"f32_bits_le_sha256":"cf995d4805f66eeb024083a7357fd4e356e24aaa7145abe307b2e2831916b7be","finite":true,"shape":[1,4,526,256]},"kind":"value","layer":59},{"array":{"dtype":"Bfloat16","elements":30720,"f32_bits_le_sha256":"c1681e586bb05de47ef6272cfd45ade142a7624e1b3746859f4457471e5a294a","finite":true,"shape":[1,3,10240]},"kind":"conv","layer":60},{"array":{"dtype":"Float32","elements":786432,"f32_bits_le_sha256":"2087f4740a82d2935ec4776692526a2c74296047467f85d0bb89d538a024b0d0","finite":true,"shape":[1,48,128,128]},"kind":"recurrent","layer":60},{"array":{"dtype":"Bfloat16","elements":30720,"f32_bits_le_sha256":"b2aa239758c1405e61eeb17fc8406b1397cdd39de55500e6b2087a1205d7b23a","finite":true,"shape":[1,3,10240]},"kind":"conv","layer":61},{"array":{"dtype":"Float32","elements":786432,"f32_bits_le_sha256":"2ad469a31f24dbc14e014fa606a33a17bbd844d603248127393e663cac4a39aa","finite":true,"shape":[1,48,128,128]},"kind":"recurrent","layer":61},{"array":{"dtype":"Bfloat16","elements":30720,"f32_bits_le_sha256":"84d6d1b3a83245a1a6540148623dd1eaea9c44da26e65f9f483a32b4f9003d30","finite":true,"shape":[1,3,10240]},"kind":"conv","layer":62},{"array":{"dtype":"Float32","elements":786432,"f32_bits_le_sha256":"bb9db7d0d75416f36103b235b6a75d68ae6eb52449fc4d2dc52b1c3d5f3d14b2","finite":true,"shape":[1,48,128,128]},"kind":"recurrent","layer":62},{"array":{"dtype":"Bfloat16","elements":538624,"f32_bits_le_sha256":"52c0d80a6a65ada1c1cf8618b1e91ec2127617b9ea5aa6cf755a7a23c3f36a6e","finite":true,"shape":[1,4,526,256]},"kind":"key","layer":63},{"array":{"dtype":"Bfloat16","elements":538624,"f32_bits_le_sha256":"553e489c45bcafe008fbad6c1873d6d15d7f78e44d0d1ebb8ec8a9b14d14081c","finite":true,"shape":[1,4,526,256]},"kind":"value","layer":63}],"mrope_position_delta":0,"rope_offset":0,"seq_len":526},"snapshot":{"capacity_tokens":12288,"logical_arrays":[{"array":{"dtype":"Bfloat16","elements":30720,"f32_bits_le_sha256":"6ca9274993b703342a85a7b27330c01c23dc6c47a5c41a01d5ab1a43c4af3122","finite":true,"shape":[1,3,10240]},"kind":"conv","layer":0},{"array":{"dtype":"Float32","elements":786432,"f32_bits_le_sha256":"80ec9b367171cfc45eedb023b3807352e5df7aec3dd3044e7aa5cc70c58fe544","finite":true,"shape":[1,48,128,128]},"kind":"recurrent","layer":0},{"array":{"dtype":"Bfloat16","elements":30720,"f32_bits_le_sha256":"8ee0babeffa5a5088a9233c0971604126230d3df90218818267015154e1ae1b6","finite":true,"shape":[1,3,10240]},"kind":"conv","layer":1},{"array":{"dtype":"Float32","elements":786432,"f32_bits_le_sha256":"26d11f8220a028c510e08e7098ab23dad3841fa4a28ff28f79f31229226e0d1d","finite":true,"shape":[1,48,128,128]},"kind":"recurrent","layer":1},{"array":{"dtype":"Bfloat16","elements":30720,"f32_bits_le_sha256":"e65af804de4b8641c40e7ba6d49d5b1e759dd01026d971050188a43e87f8b38b","finite":true,"shape":[1,3,10240]},"kind":"conv","layer":2},{"array":{"dtype":"Float32","elements":786432,"f32_bits_le_sha256":"adbd99188c5da71bde3b096823b2cd863ddeec342f24ee12d7cc12de5eb54e78","finite":true,"shape":[1,48,128,128]},"kind":"recurrent","layer":2},{"array":{"dtype":"Bfloat16","elements":534528,"f32_bits_le_sha256":"019127f85702981944d105ca243070bc0fee1f4ea05a2c9f28e79900fd6058b7","finite":true,"shape":[1,4,522,256]},"kind":"key","layer":3},{"array":{"dtype":"Bfloat16","elements":534528,"f32_bits_le_sha256":"99d23a49646225c7f44c1b069f9abfa1015f68020a271d623e44f0625f320f37","finite":true,"shape":[1,4,522,256]},"kind":"value","layer":3},{"array":{"dtype":"Bfloat16","elements":30720,"f32_bits_le_sha256":"066b9c4b2dbf3a16ab40a2feca1820ababc19e95063c79e65676d4f6b506d5c0","finite":true,"shape":[1,3,10240]},"kind":"conv","layer":4},{"array":{"dtype":"Float32","elements":786432,"f32_bits_le_sha256":"862faf1e702a3c1124b96f69ac6fa6b474b08ef814d81f1a482b6f702c285f8f","finite":true,"shape":[1,48,128,128]},"kind":"recurrent","layer":4},{"array":{"dtype":"Bfloat16","elements":30720,"f32_bits_le_sha256":"32647b09d26208e9e4f00a4eb79c2ecbe9577457a9b3ddec826081557257f7db","finite":true,"shape":[1,3,10240]},"kind":"conv","layer":5},{"array":{"dtype":"Float32","elements":786432,"f32_bits_le_sha256":"469447c04aeef2391f2184bf7af71aaab1af47b2db9806f47f12499caf3bf7f1","finite":true,"shape":[1,48,128,128]},"kind":"recurrent","layer":5},{"array":{"dtype":"Bfloat16","elements":30720,"f32_bits_le_sha256":"2525fb89311cafe06bdcae25d236eda9d3f6af816db9b70c32c8a5de499fb722","finite":true,"shape":[1,3,10240]},"kind":"conv","layer":6},{"array":{"dtype":"Float32","elements":786432,"f32_bits_le_sha256":"513a89e7d3ec8f40444557743694e73fc35b8302a736a68f7baba9e5dc118616","finite":true,"shape":[1,48,128,128]},"kind":"recurrent","layer":6},{"array":{"dtype":"Bfloat16","elements":534528,"f32_bits_le_sha256":"9f0e43c7f164f99fedeaa0f421802f1556319eba39801252e40a1ebf51ae7a19","finite":true,"shape":[1,4,522,256]},"kind":"key","layer":7},{"array":{"dtype":"Bfloat16","elements":534528,"f32_bits_le_sha256":"2aed6d241a2a62cdf76ff127e3babba2911dfeaf59f61aa0f3232f0bf76eebe4","finite":true,"shape":[1,4,522,256]},"kind":"value","layer":7},{"array":{"dtype":"Bfloat16","elements":30720,"f32_bits_le_sha256":"f9d57ea87ba888e566fe9c170a06464dbf01631fdcd16fcea31337d044e37c71","finite":true,"shape":[1,3,10240]},"kind":"conv","layer":8},{"array":{"dtype":"Float32","elements":786432,"f32_bits_le_sha256":"737cc0017587a2d02e709885cd9b30c97342ae398249d8e8796b2452b4303947","finite":true,"shape":[1,48,128,128]},"kind":"recurrent","layer":8},{"array":{"dtype":"Bfloat16","elements":30720,"f32_bits_le_sha256":"cd1c8be45636d522a67c855b8410553b64053b4f88a6413275c722b10526f23e","finite":true,"shape":[1,3,10240]},"kind":"conv","layer":9},{"array":{"dtype":"Float32","elements":786432,"f32_bits_le_sha256":"5068ce3b13d7d0c75d420e7f766fd787e1edc792083fcb033b36442ae3f0db93","finite":true,"shape":[1,48,128,128]},"kind":"recurrent","layer":9},{"array":{"dtype":"Bfloat16","elements":30720,"f32_bits_le_sha256":"df582e3ca19f3df99d902d3fc2310c30178873986c1cb53ac5adf66a31291251","finite":true,"shape":[1,3,10240]},"kind":"conv","layer":10},{"array":{"dtype":"Float32","elements":786432,"f32_bits_le_sha256":"fe6d341d7c20a8ce2945a63dd383aeff438b1b14b74edb07c563b9b0b27c478c","finite":true,"shape":[1,48,128,128]},"kind":"recurrent","layer":10},{"array":{"dtype":"Bfloat16","elements":534528,"f32_bits_le_sha256":"197ddb50e2a4d21bb25c8e1d49b275486ba21c0f4fb2ac5d41d9df9a1e4e5001","finite":true,"shape":[1,4,522,256]},"kind":"key","layer":11},{"array":{"dtype":"Bfloat16","elements":534528,"f32_bits_le_sha256":"0a9fe0d9c48383336d09ecd8025c5b3cfdb8b3ddd51066f3ba9756dffe92a96e","finite":true,"shape":[1,4,522,256]},"kind":"value","layer":11},{"array":{"dtype":"Bfloat16","elements":30720,"f32_bits_le_sha256":"7106cc5b7d4b16283e28968226d796bb175d89eb257c04da79068dfb6d923254","finite":true,"shape":[1,3,10240]},"kind":"conv","layer":12},{"array":{"dtype":"Float32","elements":786432,"f32_bits_le_sha256":"d182cd0e2d8d103af088cd38098b67c4ec79a90612e75604a314500be258b7f8","finite":true,"shape":[1,48,128,128]},"kind":"recurrent","layer":12},{"array":{"dtype":"Bfloat16","elements":30720,"f32_bits_le_sha256":"41bd5a5dba01520fee911d2b67057af57524169687778946842e986f5c2141d1","finite":true,"shape":[1,3,10240]},"kind":"conv","layer":13},{"array":{"dtype":"Float32","elements":786432,"f32_bits_le_sha256":"c4fc4bdbe82413e86ec8c51b9043c6c1304df1fa6e2414d24308f6576db031d9","finite":true,"shape":[1,48,128,128]},"kind":"recurrent","layer":13},{"array":{"dtype":"Bfloat16","elements":30720,"f32_bits_le_sha256":"9043c1dbb52f5fd8c024649866d36b8c087eb47c35a7352d5b568aeebbdba935","finite":true,"shape":[1,3,10240]},"kind":"conv","layer":14},{"array":{"dtype":"Float32","elements":786432,"f32_bits_le_sha256":"242881404c29c5691b4c3995afd465ef16c8f2133d52aa1c97d4b53e1b626981","finite":true,"shape":[1,48,128,128]},"kind":"recurrent","layer":14},{"array":{"dtype":"Bfloat16","elements":534528,"f32_bits_le_sha256":"0ee66b8b50b4007b3815ce91b9406a986a0198fdd27e61f94a171e2b49fa264b","finite":true,"shape":[1,4,522,256]},"kind":"key","layer":15},{"array":{"dtype":"Bfloat16","elements":534528,"f32_bits_le_sha256":"c66d4b0877bdf72de01315c762eebd1ca8b2fc69048aa1551d495d950e887a7b","finite":true,"shape":[1,4,522,256]},"kind":"value","layer":15},{"array":{"dtype":"Bfloat16","elements":30720,"f32_bits_le_sha256":"677abefc099f3262d889c1e627e2fb9b96419c6fc58f75e738a8467660e758e5","finite":true,"shape":[1,3,10240]},"kind":"conv","layer":16},{"array":{"dtype":"Float32","elements":786432,"f32_bits_le_sha256":"19c50240dd63ddd7aea1c2cee4ed3a03b2df18469597b7c2247b7c91928bf423","finite":true,"shape":[1,48,128,128]},"kind":"recurrent","layer":16},{"array":{"dtype":"Bfloat16","elements":30720,"f32_bits_le_sha256":"69047535fe3fdcc0bc2dc177df4be4aa2da965cbac1522d90427bcee7d4f7d12","finite":true,"shape":[1,3,10240]},"kind":"conv","layer":17},{"array":{"dtype":"Float32","elements":786432,"f32_bits_le_sha256":"1aef1d21b6e5665505806b85ea365187f33951834da460573bdd5f78699bb2bd","finite":true,"shape":[1,48,128,128]},"kind":"recurrent","layer":17},{"array":{"dtype":"Bfloat16","elements":30720,"f32_bits_le_sha256":"bfe8171161146efe73b9ed391774cecc42986a12f475547c093ca3d9576ed10b","finite":true,"shape":[1,3,10240]},"kind":"conv","layer":18},{"array":{"dtype":"Float32","elements":786432,"f32_bits_le_sha256":"877df14cff1a318cabb6e75604c0ca1717f28bfdca4cfacdfd8d29b2b470301a","finite":true,"shape":[1,48,128,128]},"kind":"recurrent","layer":18},{"array":{"dtype":"Bfloat16","elements":534528,"f32_bits_le_sha256":"fccdc48ef52d27de4159f6670f2f103cfd23d8efbab13aec0ad36c30b839a7c1","finite":true,"shape":[1,4,522,256]},"kind":"key","layer":19},{"array":{"dtype":"Bfloat16","elements":534528,"f32_bits_le_sha256":"f3672e06bd04fbc14ba931bc599ec62b85e67593ef5f372de6b7f5fc75c47274","finite":true,"shape":[1,4,522,256]},"kind":"value","layer":19},{"array":{"dtype":"Bfloat16","elements":30720,"f32_bits_le_sha256":"86e7bce0e8cc8e766950ecad6e943fb98c9fec56d6ab5756644127e58dc0f47f","finite":true,"shape":[1,3,10240]},"kind":"conv","layer":20},{"array":{"dtype":"Float32","elements":786432,"f32_bits_le_sha256":"0b42b39296d72762fe04295cf9cd3fb813a0939997a7bdf7235f1bf708b782a3","finite":true,"shape":[1,48,128,128]},"kind":"recurrent","layer":20},{"array":{"dtype":"Bfloat16","elements":30720,"f32_bits_le_sha256":"6671974b73b9eb672c3cf74e90c1959802e490d6661d94c61d040ec164841666","finite":true,"shape":[1,3,10240]},"kind":"conv","layer":21},{"array":{"dtype":"Float32","elements":786432,"f32_bits_le_sha256":"e416f329b4340572fe933f76b3864733a6570a1d04ae1fdca5b6bd44732d1c5c","finite":true,"shape":[1,48,128,128]},"kind":"recurrent","layer":21},{"array":{"dtype":"Bfloat16","elements":30720,"f32_bits_le_sha256":"86561da7677dc141d1e2ba951112b9ae3f14d0f4ebe7ec4d3d6e47ca2d8e1583","finite":true,"shape":[1,3,10240]},"kind":"conv","layer":22},{"array":{"dtype":"Float32","elements":786432,"f32_bits_le_sha256":"418185adb8e5c3d3a5f80ea9d0382abff72670cb25fdd5b191593d87403a203b","finite":true,"shape":[1,48,128,128]},"kind":"recurrent","layer":22},{"array":{"dtype":"Bfloat16","elements":534528,"f32_bits_le_sha256":"870c250688a678635ba6334535ddd3117bfaba96d1ecffaa1949388a365e8f33","finite":true,"shape":[1,4,522,256]},"kind":"key","layer":23},{"array":{"dtype":"Bfloat16","elements":534528,"f32_bits_le_sha256":"aa52fbfa8d372a39c560a301ff12aae8c9c813e68d07bc0aef3066d6928f110f","finite":true,"shape":[1,4,522,256]},"kind":"value","layer":23},{"array":{"dtype":"Bfloat16","elements":30720,"f32_bits_le_sha256":"e45d714bd6658067b0c8e2f22f6002518958fc931308b47dd2a4b8f5e21599c3","finite":true,"shape":[1,3,10240]},"kind":"conv","layer":24},{"array":{"dtype":"Float32","elements":786432,"f32_bits_le_sha256":"08e9b7d1fc29b690756932901f2aed4edbb1683f56a7358a5309ef31a520d232","finite":true,"shape":[1,48,128,128]},"kind":"recurrent","layer":24},{"array":{"dtype":"Bfloat16","elements":30720,"f32_bits_le_sha256":"f91098e15fb2d174cd0a807c27fe006e466319258113d7556e297c37767b9f8e","finite":true,"shape":[1,3,10240]},"kind":"conv","layer":25},{"array":{"dtype":"Float32","elements":786432,"f32_bits_le_sha256":"0d37375a511ef4a6958c13ff7265fa2e96ca8e50048f9dbf55614f461d77c551","finite":true,"shape":[1,48,128,128]},"kind":"recurrent","layer":25},{"array":{"dtype":"Bfloat16","elements":30720,"f32_bits_le_sha256":"8416ec7c3e85fa541b9c870f18202eb0a24ff7707ba65056550a380f6ca9e7a6","finite":true,"shape":[1,3,10240]},"kind":"conv","layer":26},{"array":{"dtype":"Float32","elements":786432,"f32_bits_le_sha256":"a1c19a197fcb93f04e029b4a28ce4c3ca5ea047d2c56846a20125220a4722e9c","finite":true,"shape":[1,48,128,128]},"kind":"recurrent","layer":26},{"array":{"dtype":"Bfloat16","elements":534528,"f32_bits_le_sha256":"4e68e120edf909c26d661019ff87a515d6675ebbaa35a5d2519124ba919e6aea","finite":true,"shape":[1,4,522,256]},"kind":"key","layer":27},{"array":{"dtype":"Bfloat16","elements":534528,"f32_bits_le_sha256":"047e523acb8c4a12200c7cac2b4c91b4888d84c835d4d825721105e1f3d9f1f9","finite":true,"shape":[1,4,522,256]},"kind":"value","layer":27},{"array":{"dtype":"Bfloat16","elements":30720,"f32_bits_le_sha256":"ce8f7300af1eb17d291388d3222226420d66ef8b8b13d48cd0930b2198b19781","finite":true,"shape":[1,3,10240]},"kind":"conv","layer":28},{"array":{"dtype":"Float32","elements":786432,"f32_bits_le_sha256":"5b12367dd838f4e45b6e141d0beeaed591b1b53478af3037319dd0ddc4294302","finite":true,"shape":[1,48,128,128]},"kind":"recurrent","layer":28},{"array":{"dtype":"Bfloat16","elements":30720,"f32_bits_le_sha256":"5e88f757c7f3d4170bac9af562e171ac08f957be4893f161d1c8163a0fc3cad9","finite":true,"shape":[1,3,10240]},"kind":"conv","layer":29},{"array":{"dtype":"Float32","elements":786432,"f32_bits_le_sha256":"7e4369b6811bb368b8967c955303c9f5057bc7eaa64a2c3a3abe172f8858f50b","finite":true,"shape":[1,48,128,128]},"kind":"recurrent","layer":29},{"array":{"dtype":"Bfloat16","elements":30720,"f32_bits_le_sha256":"665caadda9692f3ba62deb5a9306d78f8612b2631e54585facb106e26b89bc2c","finite":true,"shape":[1,3,10240]},"kind":"conv","layer":30},{"array":{"dtype":"Float32","elements":786432,"f32_bits_le_sha256":"ceda642ae7cc5b60ef22609d1a3be03d1a06a59c5b0fac342252160e5a28be7f","finite":true,"shape":[1,48,128,128]},"kind":"recurrent","layer":30},{"array":{"dtype":"Bfloat16","elements":534528,"f32_bits_le_sha256":"599ba3337898ba8b337f0cfb00ef6fcdbbb22c5bc28627fe09e69dd53686c62c","finite":true,"shape":[1,4,522,256]},"kind":"key","layer":31},{"array":{"dtype":"Bfloat16","elements":534528,"f32_bits_le_sha256":"71abd251bed2571180323f8bd5f61ddd3e9a119fd755b24906190b64942f37b8","finite":true,"shape":[1,4,522,256]},"kind":"value","layer":31},{"array":{"dtype":"Bfloat16","elements":30720,"f32_bits_le_sha256":"97593d0d61cd6dbfb1abc7e24265d972f401efabe66f7d48a59c3f43ae174243","finite":true,"shape":[1,3,10240]},"kind":"conv","layer":32},{"array":{"dtype":"Float32","elements":786432,"f32_bits_le_sha256":"05d3320690fb9ff3c472db1b84ae1a428b29017fa7d4f4de637b7b7b5ec239b5","finite":true,"shape":[1,48,128,128]},"kind":"recurrent","layer":32},{"array":{"dtype":"Bfloat16","elements":30720,"f32_bits_le_sha256":"c4c1745909e93ed4284cf30302afb8798409611488991e0fd267c047dc69d07c","finite":true,"shape":[1,3,10240]},"kind":"conv","layer":33},{"array":{"dtype":"Float32","elements":786432,"f32_bits_le_sha256":"6fcb992dae808d62897103e8062407ae1ca2bf1581adf1ca280d744fa93053fd","finite":true,"shape":[1,48,128,128]},"kind":"recurrent","layer":33},{"array":{"dtype":"Bfloat16","elements":30720,"f32_bits_le_sha256":"3750e6921a0b296f20aab6b31d9f14d50367ce5560965227d02aff9d7389d713","finite":true,"shape":[1,3,10240]},"kind":"conv","layer":34},{"array":{"dtype":"Float32","elements":786432,"f32_bits_le_sha256":"da45948c6445350bb81be293ab7d954252cfa287ee4f59e1f0be79c230e4699b","finite":true,"shape":[1,48,128,128]},"kind":"recurrent","layer":34},{"array":{"dtype":"Bfloat16","elements":534528,"f32_bits_le_sha256":"f9a2ae931ca33c38fe02d3a93350c1986ee98f4b00891d519efc169c6929ff63","finite":true,"shape":[1,4,522,256]},"kind":"key","layer":35},{"array":{"dtype":"Bfloat16","elements":534528,"f32_bits_le_sha256":"2cf72758c948a69c4e48d4038ce0537b93d93434860ccb796dc42b7f21b703f4","finite":true,"shape":[1,4,522,256]},"kind":"value","layer":35},{"array":{"dtype":"Bfloat16","elements":30720,"f32_bits_le_sha256":"e1db84c052d0e1649793306dd6d586842c05e7d053a46de119e5fa81274dcd6a","finite":true,"shape":[1,3,10240]},"kind":"conv","layer":36},{"array":{"dtype":"Float32","elements":786432,"f32_bits_le_sha256":"f53f8dbd1ca8ab48ff2eff0080468d79528f5cf70f5df80150e5fb1f63617f7d","finite":true,"shape":[1,48,128,128]},"kind":"recurrent","layer":36},{"array":{"dtype":"Bfloat16","elements":30720,"f32_bits_le_sha256":"7128068d124e65ac425683f41946e5a212b5f911c73439bcc4ed3a403d69a928","finite":true,"shape":[1,3,10240]},"kind":"conv","layer":37},{"array":{"dtype":"Float32","elements":786432,"f32_bits_le_sha256":"b22119d80e4de23692c0cd0e8471487e177f7390d2069732387a414011a4cf6d","finite":true,"shape":[1,48,128,128]},"kind":"recurrent","layer":37},{"array":{"dtype":"Bfloat16","elements":30720,"f32_bits_le_sha256":"47dcc703843d447865583fafca53f40ea501659d41b905e159cb6478f1db944a","finite":true,"shape":[1,3,10240]},"kind":"conv","layer":38},{"array":{"dtype":"Float32","elements":786432,"f32_bits_le_sha256":"eac9b9b7fafb99e04aaf6612d5b570c88d568f9d26cb1dc0ddb89be4536e0fc9","finite":true,"shape":[1,48,128,128]},"kind":"recurrent","layer":38},{"array":{"dtype":"Bfloat16","elements":534528,"f32_bits_le_sha256":"9d2a88e05fa5f678fea9ef18225ac856d9887de4f4c9a7666c0a0836573c6045","finite":true,"shape":[1,4,522,256]},"kind":"key","layer":39},{"array":{"dtype":"Bfloat16","elements":534528,"f32_bits_le_sha256":"3ce17baa2695ab2dc8a2d22683cfb142096a43a1f7f7115e826158ca649247d5","finite":true,"shape":[1,4,522,256]},"kind":"value","layer":39},{"array":{"dtype":"Bfloat16","elements":30720,"f32_bits_le_sha256":"d97e00a2e92ad462a44cdb56a3b78f184c93ff41c2adb21f5c846cf66b789c76","finite":true,"shape":[1,3,10240]},"kind":"conv","layer":40},{"array":{"dtype":"Float32","elements":786432,"f32_bits_le_sha256":"32075c37a470d2385680a9546e5abc87204291ffd0cd65963ad7ef3ddf4a8441","finite":true,"shape":[1,48,128,128]},"kind":"recurrent","layer":40},{"array":{"dtype":"Bfloat16","elements":30720,"f32_bits_le_sha256":"47e5e017ad0b0343cf1d3e04f6a964a8a2fc0d632c3d61df75d609f49dfb50ba","finite":true,"shape":[1,3,10240]},"kind":"conv","layer":41},{"array":{"dtype":"Float32","elements":786432,"f32_bits_le_sha256":"33410a5fb6449463599721dd6e7ac85633b1a168041a54bd1ea57c772735bded","finite":true,"shape":[1,48,128,128]},"kind":"recurrent","layer":41},{"array":{"dtype":"Bfloat16","elements":30720,"f32_bits_le_sha256":"957a8413206d20ec99610e03fd33439c6be05b3d2ebf4c88e2df53d4cf5e1b37","finite":true,"shape":[1,3,10240]},"kind":"conv","layer":42},{"array":{"dtype":"Float32","elements":786432,"f32_bits_le_sha256":"0749869455fc4a31f8ce4b9486ddd4574c308104a3cae586d5bb813704322303","finite":true,"shape":[1,48,128,128]},"kind":"recurrent","layer":42},{"array":{"dtype":"Bfloat16","elements":534528,"f32_bits_le_sha256":"5af75bcb40699e4496f52672a3a85920853b87f513858e025d0a33c5e57e69f3","finite":true,"shape":[1,4,522,256]},"kind":"key","layer":43},{"array":{"dtype":"Bfloat16","elements":534528,"f32_bits_le_sha256":"c0fb6ce6f73468b53d35f04c4a047e91bffb35b7464330a8b97f03a18fdd9425","finite":true,"shape":[1,4,522,256]},"kind":"value","layer":43},{"array":{"dtype":"Bfloat16","elements":30720,"f32_bits_le_sha256":"b71ed28e9b3ead0a5fcd0c6f1c537a17646c69927ba50d4d769979a424ed19cc","finite":true,"shape":[1,3,10240]},"kind":"conv","layer":44},{"array":{"dtype":"Float32","elements":786432,"f32_bits_le_sha256":"7532a101bbf3a2b1c53eaab02340ea7af9d0756263fafb9e5ff26b2fa18b253a","finite":true,"shape":[1,48,128,128]},"kind":"recurrent","layer":44},{"array":{"dtype":"Bfloat16","elements":30720,"f32_bits_le_sha256":"5bd9a6027fc781600526d7de6489aaaf3b6f3f4814d5492ce767650c2bda7e23","finite":true,"shape":[1,3,10240]},"kind":"conv","layer":45},{"array":{"dtype":"Float32","elements":786432,"f32_bits_le_sha256":"b9d1a4d8a6541a3b2b83d624715dfd41c165d8785f57a10b01787d6beb69bb3e","finite":true,"shape":[1,48,128,128]},"kind":"recurrent","layer":45},{"array":{"dtype":"Bfloat16","elements":30720,"f32_bits_le_sha256":"be72d8a64a68e5db0ea4dc42c1172a2e74a44d7e453a485acad5e2a5edae3bf0","finite":true,"shape":[1,3,10240]},"kind":"conv","layer":46},{"array":{"dtype":"Float32","elements":786432,"f32_bits_le_sha256":"fe5c2e285749c6c1f316652d89be1c0fe40492ecf37e1db24b5c527d83f2d636","finite":true,"shape":[1,48,128,128]},"kind":"recurrent","layer":46},{"array":{"dtype":"Bfloat16","elements":534528,"f32_bits_le_sha256":"bdded5feb388cea92ad49684c369a7f1a5db06773862649f2a27103daeabcf45","finite":true,"shape":[1,4,522,256]},"kind":"key","layer":47},{"array":{"dtype":"Bfloat16","elements":534528,"f32_bits_le_sha256":"b471722ca8805a24b53755cdf304d18f4a37f757335e214fcbbd71b87220c267","finite":true,"shape":[1,4,522,256]},"kind":"value","layer":47},{"array":{"dtype":"Bfloat16","elements":30720,"f32_bits_le_sha256":"b279148a0c1652bb13bd284450a32c098428b6a20c93aa5211a8e15bf8ecc417","finite":true,"shape":[1,3,10240]},"kind":"conv","layer":48},{"array":{"dtype":"Float32","elements":786432,"f32_bits_le_sha256":"8b806d800b69c708d8f5e0478eb9c0bde99fd934269177d5e2c4d30f0f4a383b","finite":true,"shape":[1,48,128,128]},"kind":"recurrent","layer":48},{"array":{"dtype":"Bfloat16","elements":30720,"f32_bits_le_sha256":"9eb8b6b6ee0d98bc998f5182df5c30ddaa2a74cce535b238d5a18174651c6447","finite":true,"shape":[1,3,10240]},"kind":"conv","layer":49},{"array":{"dtype":"Float32","elements":786432,"f32_bits_le_sha256":"abd5c0a7e9b0d18d1b3cf4164307dcfb5c5568f02c7ebdd0a1db6e5f38aaa9db","finite":true,"shape":[1,48,128,128]},"kind":"recurrent","layer":49},{"array":{"dtype":"Bfloat16","elements":30720,"f32_bits_le_sha256":"67140e2f6ecc685bdd85d4d7e5218b848c404944e77190fba623a8dc5fd6ea24","finite":true,"shape":[1,3,10240]},"kind":"conv","layer":50},{"array":{"dtype":"Float32","elements":786432,"f32_bits_le_sha256":"bdbffb5ecdf777be8063f87ef9abdc1d31f3b308c581554cba62576208d87a62","finite":true,"shape":[1,48,128,128]},"kind":"recurrent","layer":50},{"array":{"dtype":"Bfloat16","elements":534528,"f32_bits_le_sha256":"2b1042b4aee07f1439cf3d9e40c22ac645aff1ddcc8495c96450053ab6fb86ee","finite":true,"shape":[1,4,522,256]},"kind":"key","layer":51},{"array":{"dtype":"Bfloat16","elements":534528,"f32_bits_le_sha256":"4b84eaf5fe29893a232d61e5dfa50e058fac8fe28de250a0671217435b57b8f8","finite":true,"shape":[1,4,522,256]},"kind":"value","layer":51},{"array":{"dtype":"Bfloat16","elements":30720,"f32_bits_le_sha256":"e168c29a6f0c3ca060c5d6fa711c5b102c10d6a4d1534e06a405c14cd2e409ec","finite":true,"shape":[1,3,10240]},"kind":"conv","layer":52},{"array":{"dtype":"Float32","elements":786432,"f32_bits_le_sha256":"2f104240d7339b84827aaa34065c1f03e3656ccea32657381e231320203eee82","finite":true,"shape":[1,48,128,128]},"kind":"recurrent","layer":52},{"array":{"dtype":"Bfloat16","elements":30720,"f32_bits_le_sha256":"159b9c1d1c4085ab997f375c9cdf5183905565ac5573a9284fadbd9127ca9e63","finite":true,"shape":[1,3,10240]},"kind":"conv","layer":53},{"array":{"dtype":"Float32","elements":786432,"f32_bits_le_sha256":"d71b6902985c4326baee3cde0ce51a19f9a55fa735c90a450a5a5f397530a70a","finite":true,"shape":[1,48,128,128]},"kind":"recurrent","layer":53},{"array":{"dtype":"Bfloat16","elements":30720,"f32_bits_le_sha256":"70170e9dccdf3d2e741182a5f5f370ed4273490ba2bd3c94d403a83a31b74e65","finite":true,"shape":[1,3,10240]},"kind":"conv","layer":54},{"array":{"dtype":"Float32","elements":786432,"f32_bits_le_sha256":"f42b307c286ec94b93f3e632aec0ab9751b0b3df29f302792276dcb4d4651aa4","finite":true,"shape":[1,48,128,128]},"kind":"recurrent","layer":54},{"array":{"dtype":"Bfloat16","elements":534528,"f32_bits_le_sha256":"041dc742e35376528d0d4d34adcdd670d55d3c78b23507891209191908292750","finite":true,"shape":[1,4,522,256]},"kind":"key","layer":55},{"array":{"dtype":"Bfloat16","elements":534528,"f32_bits_le_sha256":"8bc1e038d1e14acb606ba7417d17408dd4093b127c5cbdd772c574381af54328","finite":true,"shape":[1,4,522,256]},"kind":"value","layer":55},{"array":{"dtype":"Bfloat16","elements":30720,"f32_bits_le_sha256":"3cf70396fae8691c97c810a22731f639f6e80074ab10826766f7985cc8573409","finite":true,"shape":[1,3,10240]},"kind":"conv","layer":56},{"array":{"dtype":"Float32","elements":786432,"f32_bits_le_sha256":"350d0c2cb060921c695ef7b3a7eea469449f20082d79339a6fffba8094cf7126","finite":true,"shape":[1,48,128,128]},"kind":"recurrent","layer":56},{"array":{"dtype":"Bfloat16","elements":30720,"f32_bits_le_sha256":"1b945ce0b7960cd79a08dead67d52deefd7f1a19c04874655c6f2a204f88f2c5","finite":true,"shape":[1,3,10240]},"kind":"conv","layer":57},{"array":{"dtype":"Float32","elements":786432,"f32_bits_le_sha256":"32fc2690f307304248585b90a42cbf718ea31527028dc41168b4bf5062bcd6e3","finite":true,"shape":[1,48,128,128]},"kind":"recurrent","layer":57},{"array":{"dtype":"Bfloat16","elements":30720,"f32_bits_le_sha256":"56d09effb451d4a31560527f2188f9dfddb71b255928d379ea686b8862c3e476","finite":true,"shape":[1,3,10240]},"kind":"conv","layer":58},{"array":{"dtype":"Float32","elements":786432,"f32_bits_le_sha256":"d52e58e761791f4f47224d9b0d2fe4e3fb5cc370dfe417ad1f2cf5d63929de1e","finite":true,"shape":[1,48,128,128]},"kind":"recurrent","layer":58},{"array":{"dtype":"Bfloat16","elements":534528,"f32_bits_le_sha256":"a29f1e49857ca3f4bc234981f32451dfa43433e47b394552c6315fb0085311a0","finite":true,"shape":[1,4,522,256]},"kind":"key","layer":59},{"array":{"dtype":"Bfloat16","elements":534528,"f32_bits_le_sha256":"4ca9b3427063c290dfc4831c575f00532842ed191638c9c357cc265f15e8a162","finite":true,"shape":[1,4,522,256]},"kind":"value","layer":59},{"array":{"dtype":"Bfloat16","elements":30720,"f32_bits_le_sha256":"6efc9062d336402d0250aa78ae6d273e8e0035d895068ab087373ec9557d9b38","finite":true,"shape":[1,3,10240]},"kind":"conv","layer":60},{"array":{"dtype":"Float32","elements":786432,"f32_bits_le_sha256":"8e1e5690623ff164ed4f11a44750abb010b6ebac269de3d3539e3149f1b7d324","finite":true,"shape":[1,48,128,128]},"kind":"recurrent","layer":60},{"array":{"dtype":"Bfloat16","elements":30720,"f32_bits_le_sha256":"7a2d52e33ab5c0216d53ddf746a2b8444b20500a5f6c041a324f90a79389796e","finite":true,"shape":[1,3,10240]},"kind":"conv","layer":61},{"array":{"dtype":"Float32","elements":786432,"f32_bits_le_sha256":"a2ecdec17a12885c02d16d19099fbfa830559806919f672a2eedc878fb761872","finite":true,"shape":[1,48,128,128]},"kind":"recurrent","layer":61},{"array":{"dtype":"Bfloat16","elements":30720,"f32_bits_le_sha256":"fa4d166b5d4bb8893ebbf01b1c3db956a59b42d966db0a3e3663f50df70d14c5","finite":true,"shape":[1,3,10240]},"kind":"conv","layer":62},{"array":{"dtype":"Float32","elements":786432,"f32_bits_le_sha256":"f33ecf4a23898ef9ff3be00507467a4b69e24f3ea84812db32ae84cd1dc87922","finite":true,"shape":[1,48,128,128]},"kind":"recurrent","layer":62},{"array":{"dtype":"Bfloat16","elements":534528,"f32_bits_le_sha256":"62a54ca7b9d53726fdaef3235271eae4b8f1505f10d76b1a628ea4bf2f232489","finite":true,"shape":[1,4,522,256]},"kind":"key","layer":63},{"array":{"dtype":"Bfloat16","elements":534528,"f32_bits_le_sha256":"c0e6048ff0b0085d532703385ecc1f0f4d5abe4e2f34bde94a606f8ae23c2114","finite":true,"shape":[1,4,522,256]},"kind":"value","layer":63}],"mrope_position_delta":0,"rope_offset":0,"seq_len":522},"source":{"capacity_tokens":12288,"logical_arrays":[{"array":{"dtype":"Bfloat16","elements":30720,"f32_bits_le_sha256":"6ca9274993b703342a85a7b27330c01c23dc6c47a5c41a01d5ab1a43c4af3122","finite":true,"shape":[1,3,10240]},"kind":"conv","layer":0},{"array":{"dtype":"Float32","elements":786432,"f32_bits_le_sha256":"80ec9b367171cfc45eedb023b3807352e5df7aec3dd3044e7aa5cc70c58fe544","finite":true,"shape":[1,48,128,128]},"kind":"recurrent","layer":0},{"array":{"dtype":"Bfloat16","elements":30720,"f32_bits_le_sha256":"8ee0babeffa5a5088a9233c0971604126230d3df90218818267015154e1ae1b6","finite":true,"shape":[1,3,10240]},"kind":"conv","layer":1},{"array":{"dtype":"Float32","elements":786432,"f32_bits_le_sha256":"26d11f8220a028c510e08e7098ab23dad3841fa4a28ff28f79f31229226e0d1d","finite":true,"shape":[1,48,128,128]},"kind":"recurrent","layer":1},{"array":{"dtype":"Bfloat16","elements":30720,"f32_bits_le_sha256":"e65af804de4b8641c40e7ba6d49d5b1e759dd01026d971050188a43e87f8b38b","finite":true,"shape":[1,3,10240]},"kind":"conv","layer":2},{"array":{"dtype":"Float32","elements":786432,"f32_bits_le_sha256":"adbd99188c5da71bde3b096823b2cd863ddeec342f24ee12d7cc12de5eb54e78","finite":true,"shape":[1,48,128,128]},"kind":"recurrent","layer":2},{"array":{"dtype":"Bfloat16","elements":534528,"f32_bits_le_sha256":"019127f85702981944d105ca243070bc0fee1f4ea05a2c9f28e79900fd6058b7","finite":true,"shape":[1,4,522,256]},"kind":"key","layer":3},{"array":{"dtype":"Bfloat16","elements":534528,"f32_bits_le_sha256":"99d23a49646225c7f44c1b069f9abfa1015f68020a271d623e44f0625f320f37","finite":true,"shape":[1,4,522,256]},"kind":"value","layer":3},{"array":{"dtype":"Bfloat16","elements":30720,"f32_bits_le_sha256":"066b9c4b2dbf3a16ab40a2feca1820ababc19e95063c79e65676d4f6b506d5c0","finite":true,"shape":[1,3,10240]},"kind":"conv","layer":4},{"array":{"dtype":"Float32","elements":786432,"f32_bits_le_sha256":"862faf1e702a3c1124b96f69ac6fa6b474b08ef814d81f1a482b6f702c285f8f","finite":true,"shape":[1,48,128,128]},"kind":"recurrent","layer":4},{"array":{"dtype":"Bfloat16","elements":30720,"f32_bits_le_sha256":"32647b09d26208e9e4f00a4eb79c2ecbe9577457a9b3ddec826081557257f7db","finite":true,"shape":[1,3,10240]},"kind":"conv","layer":5},{"array":{"dtype":"Float32","elements":786432,"f32_bits_le_sha256":"469447c04aeef2391f2184bf7af71aaab1af47b2db9806f47f12499caf3bf7f1","finite":true,"shape":[1,48,128,128]},"kind":"recurrent","layer":5},{"array":{"dtype":"Bfloat16","elements":30720,"f32_bits_le_sha256":"2525fb89311cafe06bdcae25d236eda9d3f6af816db9b70c32c8a5de499fb722","finite":true,"shape":[1,3,10240]},"kind":"conv","layer":6},{"array":{"dtype":"Float32","elements":786432,"f32_bits_le_sha256":"513a89e7d3ec8f40444557743694e73fc35b8302a736a68f7baba9e5dc118616","finite":true,"shape":[1,48,128,128]},"kind":"recurrent","layer":6},{"array":{"dtype":"Bfloat16","elements":534528,"f32_bits_le_sha256":"9f0e43c7f164f99fedeaa0f421802f1556319eba39801252e40a1ebf51ae7a19","finite":true,"shape":[1,4,522,256]},"kind":"key","layer":7},{"array":{"dtype":"Bfloat16","elements":534528,"f32_bits_le_sha256":"2aed6d241a2a62cdf76ff127e3babba2911dfeaf59f61aa0f3232f0bf76eebe4","finite":true,"shape":[1,4,522,256]},"kind":"value","layer":7},{"array":{"dtype":"Bfloat16","elements":30720,"f32_bits_le_sha256":"f9d57ea87ba888e566fe9c170a06464dbf01631fdcd16fcea31337d044e37c71","finite":true,"shape":[1,3,10240]},"kind":"conv","layer":8},{"array":{"dtype":"Float32","elements":786432,"f32_bits_le_sha256":"737cc0017587a2d02e709885cd9b30c97342ae398249d8e8796b2452b4303947","finite":true,"shape":[1,48,128,128]},"kind":"recurrent","layer":8},{"array":{"dtype":"Bfloat16","elements":30720,"f32_bits_le_sha256":"cd1c8be45636d522a67c855b8410553b64053b4f88a6413275c722b10526f23e","finite":true,"shape":[1,3,10240]},"kind":"conv","layer":9},{"array":{"dtype":"Float32","elements":786432,"f32_bits_le_sha256":"5068ce3b13d7d0c75d420e7f766fd787e1edc792083fcb033b36442ae3f0db93","finite":true,"shape":[1,48,128,128]},"kind":"recurrent","layer":9},{"array":{"dtype":"Bfloat16","elements":30720,"f32_bits_le_sha256":"df582e3ca19f3df99d902d3fc2310c30178873986c1cb53ac5adf66a31291251","finite":true,"shape":[1,3,10240]},"kind":"conv","layer":10},{"array":{"dtype":"Float32","elements":786432,"f32_bits_le_sha256":"fe6d341d7c20a8ce2945a63dd383aeff438b1b14b74edb07c563b9b0b27c478c","finite":true,"shape":[1,48,128,128]},"kind":"recurrent","layer":10},{"array":{"dtype":"Bfloat16","elements":534528,"f32_bits_le_sha256":"197ddb50e2a4d21bb25c8e1d49b275486ba21c0f4fb2ac5d41d9df9a1e4e5001","finite":true,"shape":[1,4,522,256]},"kind":"key","layer":11},{"array":{"dtype":"Bfloat16","elements":534528,"f32_bits_le_sha256":"0a9fe0d9c48383336d09ecd8025c5b3cfdb8b3ddd51066f3ba9756dffe92a96e","finite":true,"shape":[1,4,522,256]},"kind":"value","layer":11},{"array":{"dtype":"Bfloat16","elements":30720,"f32_bits_le_sha256":"7106cc5b7d4b16283e28968226d796bb175d89eb257c04da79068dfb6d923254","finite":true,"shape":[1,3,10240]},"kind":"conv","layer":12},{"array":{"dtype":"Float32","elements":786432,"f32_bits_le_sha256":"d182cd0e2d8d103af088cd38098b67c4ec79a90612e75604a314500be258b7f8","finite":true,"shape":[1,48,128,128]},"kind":"recurrent","layer":12},{"array":{"dtype":"Bfloat16","elements":30720,"f32_bits_le_sha256":"41bd5a5dba01520fee911d2b67057af57524169687778946842e986f5c2141d1","finite":true,"shape":[1,3,10240]},"kind":"conv","layer":13},{"array":{"dtype":"Float32","elements":786432,"f32_bits_le_sha256":"c4fc4bdbe82413e86ec8c51b9043c6c1304df1fa6e2414d24308f6576db031d9","finite":true,"shape":[1,48,128,128]},"kind":"recurrent","layer":13},{"array":{"dtype":"Bfloat16","elements":30720,"f32_bits_le_sha256":"9043c1dbb52f5fd8c024649866d36b8c087eb47c35a7352d5b568aeebbdba935","finite":true,"shape":[1,3,10240]},"kind":"conv","layer":14},{"array":{"dtype":"Float32","elements":786432,"f32_bits_le_sha256":"242881404c29c5691b4c3995afd465ef16c8f2133d52aa1c97d4b53e1b626981","finite":true,"shape":[1,48,128,128]},"kind":"recurrent","layer":14},{"array":{"dtype":"Bfloat16","elements":534528,"f32_bits_le_sha256":"0ee66b8b50b4007b3815ce91b9406a986a0198fdd27e61f94a171e2b49fa264b","finite":true,"shape":[1,4,522,256]},"kind":"key","layer":15},{"array":{"dtype":"Bfloat16","elements":534528,"f32_bits_le_sha256":"c66d4b0877bdf72de01315c762eebd1ca8b2fc69048aa1551d495d950e887a7b","finite":true,"shape":[1,4,522,256]},"kind":"value","layer":15},{"array":{"dtype":"Bfloat16","elements":30720,"f32_bits_le_sha256":"677abefc099f3262d889c1e627e2fb9b96419c6fc58f75e738a8467660e758e5","finite":true,"shape":[1,3,10240]},"kind":"conv","layer":16},{"array":{"dtype":"Float32","elements":786432,"f32_bits_le_sha256":"19c50240dd63ddd7aea1c2cee4ed3a03b2df18469597b7c2247b7c91928bf423","finite":true,"shape":[1,48,128,128]},"kind":"recurrent","layer":16},{"array":{"dtype":"Bfloat16","elements":30720,"f32_bits_le_sha256":"69047535fe3fdcc0bc2dc177df4be4aa2da965cbac1522d90427bcee7d4f7d12","finite":true,"shape":[1,3,10240]},"kind":"conv","layer":17},{"array":{"dtype":"Float32","elements":786432,"f32_bits_le_sha256":"1aef1d21b6e5665505806b85ea365187f33951834da460573bdd5f78699bb2bd","finite":true,"shape":[1,48,128,128]},"kind":"recurrent","layer":17},{"array":{"dtype":"Bfloat16","elements":30720,"f32_bits_le_sha256":"bfe8171161146efe73b9ed391774cecc42986a12f475547c093ca3d9576ed10b","finite":true,"shape":[1,3,10240]},"kind":"conv","layer":18},{"array":{"dtype":"Float32","elements":786432,"f32_bits_le_sha256":"877df14cff1a318cabb6e75604c0ca1717f28bfdca4cfacdfd8d29b2b470301a","finite":true,"shape":[1,48,128,128]},"kind":"recurrent","layer":18},{"array":{"dtype":"Bfloat16","elements":534528,"f32_bits_le_sha256":"fccdc48ef52d27de4159f6670f2f103cfd23d8efbab13aec0ad36c30b839a7c1","finite":true,"shape":[1,4,522,256]},"kind":"key","layer":19},{"array":{"dtype":"Bfloat16","elements":534528,"f32_bits_le_sha256":"f3672e06bd04fbc14ba931bc599ec62b85e67593ef5f372de6b7f5fc75c47274","finite":true,"shape":[1,4,522,256]},"kind":"value","layer":19},{"array":{"dtype":"Bfloat16","elements":30720,"f32_bits_le_sha256":"86e7bce0e8cc8e766950ecad6e943fb98c9fec56d6ab5756644127e58dc0f47f","finite":true,"shape":[1,3,10240]},"kind":"conv","layer":20},{"array":{"dtype":"Float32","elements":786432,"f32_bits_le_sha256":"0b42b39296d72762fe04295cf9cd3fb813a0939997a7bdf7235f1bf708b782a3","finite":true,"shape":[1,48,128,128]},"kind":"recurrent","layer":20},{"array":{"dtype":"Bfloat16","elements":30720,"f32_bits_le_sha256":"6671974b73b9eb672c3cf74e90c1959802e490d6661d94c61d040ec164841666","finite":true,"shape":[1,3,10240]},"kind":"conv","layer":21},{"array":{"dtype":"Float32","elements":786432,"f32_bits_le_sha256":"e416f329b4340572fe933f76b3864733a6570a1d04ae1fdca5b6bd44732d1c5c","finite":true,"shape":[1,48,128,128]},"kind":"recurrent","layer":21},{"array":{"dtype":"Bfloat16","elements":30720,"f32_bits_le_sha256":"86561da7677dc141d1e2ba951112b9ae3f14d0f4ebe7ec4d3d6e47ca2d8e1583","finite":true,"shape":[1,3,10240]},"kind":"conv","layer":22},{"array":{"dtype":"Float32","elements":786432,"f32_bits_le_sha256":"418185adb8e5c3d3a5f80ea9d0382abff72670cb25fdd5b191593d87403a203b","finite":true,"shape":[1,48,128,128]},"kind":"recurrent","layer":22},{"array":{"dtype":"Bfloat16","elements":534528,"f32_bits_le_sha256":"870c250688a678635ba6334535ddd3117bfaba96d1ecffaa1949388a365e8f33","finite":true,"shape":[1,4,522,256]},"kind":"key","layer":23},{"array":{"dtype":"Bfloat16","elements":534528,"f32_bits_le_sha256":"aa52fbfa8d372a39c560a301ff12aae8c9c813e68d07bc0aef3066d6928f110f","finite":true,"shape":[1,4,522,256]},"kind":"value","layer":23},{"array":{"dtype":"Bfloat16","elements":30720,"f32_bits_le_sha256":"e45d714bd6658067b0c8e2f22f6002518958fc931308b47dd2a4b8f5e21599c3","finite":true,"shape":[1,3,10240]},"kind":"conv","layer":24},{"array":{"dtype":"Float32","elements":786432,"f32_bits_le_sha256":"08e9b7d1fc29b690756932901f2aed4edbb1683f56a7358a5309ef31a520d232","finite":true,"shape":[1,48,128,128]},"kind":"recurrent","layer":24},{"array":{"dtype":"Bfloat16","elements":30720,"f32_bits_le_sha256":"f91098e15fb2d174cd0a807c27fe006e466319258113d7556e297c37767b9f8e","finite":true,"shape":[1,3,10240]},"kind":"conv","layer":25},{"array":{"dtype":"Float32","elements":786432,"f32_bits_le_sha256":"0d37375a511ef4a6958c13ff7265fa2e96ca8e50048f9dbf55614f461d77c551","finite":true,"shape":[1,48,128,128]},"kind":"recurrent","layer":25},{"array":{"dtype":"Bfloat16","elements":30720,"f32_bits_le_sha256":"8416ec7c3e85fa541b9c870f18202eb0a24ff7707ba65056550a380f6ca9e7a6","finite":true,"shape":[1,3,10240]},"kind":"conv","layer":26},{"array":{"dtype":"Float32","elements":786432,"f32_bits_le_sha256":"a1c19a197fcb93f04e029b4a28ce4c3ca5ea047d2c56846a20125220a4722e9c","finite":true,"shape":[1,48,128,128]},"kind":"recurrent","layer":26},{"array":{"dtype":"Bfloat16","elements":534528,"f32_bits_le_sha256":"4e68e120edf909c26d661019ff87a515d6675ebbaa35a5d2519124ba919e6aea","finite":true,"shape":[1,4,522,256]},"kind":"key","layer":27},{"array":{"dtype":"Bfloat16","elements":534528,"f32_bits_le_sha256":"047e523acb8c4a12200c7cac2b4c91b4888d84c835d4d825721105e1f3d9f1f9","finite":true,"shape":[1,4,522,256]},"kind":"value","layer":27},{"array":{"dtype":"Bfloat16","elements":30720,"f32_bits_le_sha256":"ce8f7300af1eb17d291388d3222226420d66ef8b8b13d48cd0930b2198b19781","finite":true,"shape":[1,3,10240]},"kind":"conv","layer":28},{"array":{"dtype":"Float32","elements":786432,"f32_bits_le_sha256":"5b12367dd838f4e45b6e141d0beeaed591b1b53478af3037319dd0ddc4294302","finite":true,"shape":[1,48,128,128]},"kind":"recurrent","layer":28},{"array":{"dtype":"Bfloat16","elements":30720,"f32_bits_le_sha256":"5e88f757c7f3d4170bac9af562e171ac08f957be4893f161d1c8163a0fc3cad9","finite":true,"shape":[1,3,10240]},"kind":"conv","layer":29},{"array":{"dtype":"Float32","elements":786432,"f32_bits_le_sha256":"7e4369b6811bb368b8967c955303c9f5057bc7eaa64a2c3a3abe172f8858f50b","finite":true,"shape":[1,48,128,128]},"kind":"recurrent","layer":29},{"array":{"dtype":"Bfloat16","elements":30720,"f32_bits_le_sha256":"665caadda9692f3ba62deb5a9306d78f8612b2631e54585facb106e26b89bc2c","finite":true,"shape":[1,3,10240]},"kind":"conv","layer":30},{"array":{"dtype":"Float32","elements":786432,"f32_bits_le_sha256":"ceda642ae7cc5b60ef22609d1a3be03d1a06a59c5b0fac342252160e5a28be7f","finite":true,"shape":[1,48,128,128]},"kind":"recurrent","layer":30},{"array":{"dtype":"Bfloat16","elements":534528,"f32_bits_le_sha256":"599ba3337898ba8b337f0cfb00ef6fcdbbb22c5bc28627fe09e69dd53686c62c","finite":true,"shape":[1,4,522,256]},"kind":"key","layer":31},{"array":{"dtype":"Bfloat16","elements":534528,"f32_bits_le_sha256":"71abd251bed2571180323f8bd5f61ddd3e9a119fd755b24906190b64942f37b8","finite":true,"shape":[1,4,522,256]},"kind":"value","layer":31},{"array":{"dtype":"Bfloat16","elements":30720,"f32_bits_le_sha256":"97593d0d61cd6dbfb1abc7e24265d972f401efabe66f7d48a59c3f43ae174243","finite":true,"shape":[1,3,10240]},"kind":"conv","layer":32},{"array":{"dtype":"Float32","elements":786432,"f32_bits_le_sha256":"05d3320690fb9ff3c472db1b84ae1a428b29017fa7d4f4de637b7b7b5ec239b5","finite":true,"shape":[1,48,128,128]},"kind":"recurrent","layer":32},{"array":{"dtype":"Bfloat16","elements":30720,"f32_bits_le_sha256":"c4c1745909e93ed4284cf30302afb8798409611488991e0fd267c047dc69d07c","finite":true,"shape":[1,3,10240]},"kind":"conv","layer":33},{"array":{"dtype":"Float32","elements":786432,"f32_bits_le_sha256":"6fcb992dae808d62897103e8062407ae1ca2bf1581adf1ca280d744fa93053fd","finite":true,"shape":[1,48,128,128]},"kind":"recurrent","layer":33},{"array":{"dtype":"Bfloat16","elements":30720,"f32_bits_le_sha256":"3750e6921a0b296f20aab6b31d9f14d50367ce5560965227d02aff9d7389d713","finite":true,"shape":[1,3,10240]},"kind":"conv","layer":34},{"array":{"dtype":"Float32","elements":786432,"f32_bits_le_sha256":"da45948c6445350bb81be293ab7d954252cfa287ee4f59e1f0be79c230e4699b","finite":true,"shape":[1,48,128,128]},"kind":"recurrent","layer":34},{"array":{"dtype":"Bfloat16","elements":534528,"f32_bits_le_sha256":"f9a2ae931ca33c38fe02d3a93350c1986ee98f4b00891d519efc169c6929ff63","finite":true,"shape":[1,4,522,256]},"kind":"key","layer":35},{"array":{"dtype":"Bfloat16","elements":534528,"f32_bits_le_sha256":"2cf72758c948a69c4e48d4038ce0537b93d93434860ccb796dc42b7f21b703f4","finite":true,"shape":[1,4,522,256]},"kind":"value","layer":35},{"array":{"dtype":"Bfloat16","elements":30720,"f32_bits_le_sha256":"e1db84c052d0e1649793306dd6d586842c05e7d053a46de119e5fa81274dcd6a","finite":true,"shape":[1,3,10240]},"kind":"conv","layer":36},{"array":{"dtype":"Float32","elements":786432,"f32_bits_le_sha256":"f53f8dbd1ca8ab48ff2eff0080468d79528f5cf70f5df80150e5fb1f63617f7d","finite":true,"shape":[1,48,128,128]},"kind":"recurrent","layer":36},{"array":{"dtype":"Bfloat16","elements":30720,"f32_bits_le_sha256":"7128068d124e65ac425683f41946e5a212b5f911c73439bcc4ed3a403d69a928","finite":true,"shape":[1,3,10240]},"kind":"conv","layer":37},{"array":{"dtype":"Float32","elements":786432,"f32_bits_le_sha256":"b22119d80e4de23692c0cd0e8471487e177f7390d2069732387a414011a4cf6d","finite":true,"shape":[1,48,128,128]},"kind":"recurrent","layer":37},{"array":{"dtype":"Bfloat16","elements":30720,"f32_bits_le_sha256":"47dcc703843d447865583fafca53f40ea501659d41b905e159cb6478f1db944a","finite":true,"shape":[1,3,10240]},"kind":"conv","layer":38},{"array":{"dtype":"Float32","elements":786432,"f32_bits_le_sha256":"eac9b9b7fafb99e04aaf6612d5b570c88d568f9d26cb1dc0ddb89be4536e0fc9","finite":true,"shape":[1,48,128,128]},"kind":"recurrent","layer":38},{"array":{"dtype":"Bfloat16","elements":534528,"f32_bits_le_sha256":"9d2a88e05fa5f678fea9ef18225ac856d9887de4f4c9a7666c0a0836573c6045","finite":true,"shape":[1,4,522,256]},"kind":"key","layer":39},{"array":{"dtype":"Bfloat16","elements":534528,"f32_bits_le_sha256":"3ce17baa2695ab2dc8a2d22683cfb142096a43a1f7f7115e826158ca649247d5","finite":true,"shape":[1,4,522,256]},"kind":"value","layer":39},{"array":{"dtype":"Bfloat16","elements":30720,"f32_bits_le_sha256":"d97e00a2e92ad462a44cdb56a3b78f184c93ff41c2adb21f5c846cf66b789c76","finite":true,"shape":[1,3,10240]},"kind":"conv","layer":40},{"array":{"dtype":"Float32","elements":786432,"f32_bits_le_sha256":"32075c37a470d2385680a9546e5abc87204291ffd0cd65963ad7ef3ddf4a8441","finite":true,"shape":[1,48,128,128]},"kind":"recurrent","layer":40},{"array":{"dtype":"Bfloat16","elements":30720,"f32_bits_le_sha256":"47e5e017ad0b0343cf1d3e04f6a964a8a2fc0d632c3d61df75d609f49dfb50ba","finite":true,"shape":[1,3,10240]},"kind":"conv","layer":41},{"array":{"dtype":"Float32","elements":786432,"f32_bits_le_sha256":"33410a5fb6449463599721dd6e7ac85633b1a168041a54bd1ea57c772735bded","finite":true,"shape":[1,48,128,128]},"kind":"recurrent","layer":41},{"array":{"dtype":"Bfloat16","elements":30720,"f32_bits_le_sha256":"957a8413206d20ec99610e03fd33439c6be05b3d2ebf4c88e2df53d4cf5e1b37","finite":true,"shape":[1,3,10240]},"kind":"conv","layer":42},{"array":{"dtype":"Float32","elements":786432,"f32_bits_le_sha256":"0749869455fc4a31f8ce4b9486ddd4574c308104a3cae586d5bb813704322303","finite":true,"shape":[1,48,128,128]},"kind":"recurrent","layer":42},{"array":{"dtype":"Bfloat16","elements":534528,"f32_bits_le_sha256":"5af75bcb40699e4496f52672a3a85920853b87f513858e025d0a33c5e57e69f3","finite":true,"shape":[1,4,522,256]},"kind":"key","layer":43},{"array":{"dtype":"Bfloat16","elements":534528,"f32_bits_le_sha256":"c0fb6ce6f73468b53d35f04c4a047e91bffb35b7464330a8b97f03a18fdd9425","finite":true,"shape":[1,4,522,256]},"kind":"value","layer":43},{"array":{"dtype":"Bfloat16","elements":30720,"f32_bits_le_sha256":"b71ed28e9b3ead0a5fcd0c6f1c537a17646c69927ba50d4d769979a424ed19cc","finite":true,"shape":[1,3,10240]},"kind":"conv","layer":44},{"array":{"dtype":"Float32","elements":786432,"f32_bits_le_sha256":"7532a101bbf3a2b1c53eaab02340ea7af9d0756263fafb9e5ff26b2fa18b253a","finite":true,"shape":[1,48,128,128]},"kind":"recurrent","layer":44},{"array":{"dtype":"Bfloat16","elements":30720,"f32_bits_le_sha256":"5bd9a6027fc781600526d7de6489aaaf3b6f3f4814d5492ce767650c2bda7e23","finite":true,"shape":[1,3,10240]},"kind":"conv","layer":45},{"array":{"dtype":"Float32","elements":786432,"f32_bits_le_sha256":"b9d1a4d8a6541a3b2b83d624715dfd41c165d8785f57a10b01787d6beb69bb3e","finite":true,"shape":[1,48,128,128]},"kind":"recurrent","layer":45},{"array":{"dtype":"Bfloat16","elements":30720,"f32_bits_le_sha256":"be72d8a64a68e5db0ea4dc42c1172a2e74a44d7e453a485acad5e2a5edae3bf0","finite":true,"shape":[1,3,10240]},"kind":"conv","layer":46},{"array":{"dtype":"Float32","elements":786432,"f32_bits_le_sha256":"fe5c2e285749c6c1f316652d89be1c0fe40492ecf37e1db24b5c527d83f2d636","finite":true,"shape":[1,48,128,128]},"kind":"recurrent","layer":46},{"array":{"dtype":"Bfloat16","elements":534528,"f32_bits_le_sha256":"bdded5feb388cea92ad49684c369a7f1a5db06773862649f2a27103daeabcf45","finite":true,"shape":[1,4,522,256]},"kind":"key","layer":47},{"array":{"dtype":"Bfloat16","elements":534528,"f32_bits_le_sha256":"b471722ca8805a24b53755cdf304d18f4a37f757335e214fcbbd71b87220c267","finite":true,"shape":[1,4,522,256]},"kind":"value","layer":47},{"array":{"dtype":"Bfloat16","elements":30720,"f32_bits_le_sha256":"b279148a0c1652bb13bd284450a32c098428b6a20c93aa5211a8e15bf8ecc417","finite":true,"shape":[1,3,10240]},"kind":"conv","layer":48},{"array":{"dtype":"Float32","elements":786432,"f32_bits_le_sha256":"8b806d800b69c708d8f5e0478eb9c0bde99fd934269177d5e2c4d30f0f4a383b","finite":true,"shape":[1,48,128,128]},"kind":"recurrent","layer":48},{"array":{"dtype":"Bfloat16","elements":30720,"f32_bits_le_sha256":"9eb8b6b6ee0d98bc998f5182df5c30ddaa2a74cce535b238d5a18174651c6447","finite":true,"shape":[1,3,10240]},"kind":"conv","layer":49},{"array":{"dtype":"Float32","elements":786432,"f32_bits_le_sha256":"abd5c0a7e9b0d18d1b3cf4164307dcfb5c5568f02c7ebdd0a1db6e5f38aaa9db","finite":true,"shape":[1,48,128,128]},"kind":"recurrent","layer":49},{"array":{"dtype":"Bfloat16","elements":30720,"f32_bits_le_sha256":"67140e2f6ecc685bdd85d4d7e5218b848c404944e77190fba623a8dc5fd6ea24","finite":true,"shape":[1,3,10240]},"kind":"conv","layer":50},{"array":{"dtype":"Float32","elements":786432,"f32_bits_le_sha256":"bdbffb5ecdf777be8063f87ef9abdc1d31f3b308c581554cba62576208d87a62","finite":true,"shape":[1,48,128,128]},"kind":"recurrent","layer":50},{"array":{"dtype":"Bfloat16","elements":534528,"f32_bits_le_sha256":"2b1042b4aee07f1439cf3d9e40c22ac645aff1ddcc8495c96450053ab6fb86ee","finite":true,"shape":[1,4,522,256]},"kind":"key","layer":51},{"array":{"dtype":"Bfloat16","elements":534528,"f32_bits_le_sha256":"4b84eaf5fe29893a232d61e5dfa50e058fac8fe28de250a0671217435b57b8f8","finite":true,"shape":[1,4,522,256]},"kind":"value","layer":51},{"array":{"dtype":"Bfloat16","elements":30720,"f32_bits_le_sha256":"e168c29a6f0c3ca060c5d6fa711c5b102c10d6a4d1534e06a405c14cd2e409ec","finite":true,"shape":[1,3,10240]},"kind":"conv","layer":52},{"array":{"dtype":"Float32","elements":786432,"f32_bits_le_sha256":"2f104240d7339b84827aaa34065c1f03e3656ccea32657381e231320203eee82","finite":true,"shape":[1,48,128,128]},"kind":"recurrent","layer":52},{"array":{"dtype":"Bfloat16","elements":30720,"f32_bits_le_sha256":"159b9c1d1c4085ab997f375c9cdf5183905565ac5573a9284fadbd9127ca9e63","finite":true,"shape":[1,3,10240]},"kind":"conv","layer":53},{"array":{"dtype":"Float32","elements":786432,"f32_bits_le_sha256":"d71b6902985c4326baee3cde0ce51a19f9a55fa735c90a450a5a5f397530a70a","finite":true,"shape":[1,48,128,128]},"kind":"recurrent","layer":53},{"array":{"dtype":"Bfloat16","elements":30720,"f32_bits_le_sha256":"70170e9dccdf3d2e741182a5f5f370ed4273490ba2bd3c94d403a83a31b74e65","finite":true,"shape":[1,3,10240]},"kind":"conv","layer":54},{"array":{"dtype":"Float32","elements":786432,"f32_bits_le_sha256":"f42b307c286ec94b93f3e632aec0ab9751b0b3df29f302792276dcb4d4651aa4","finite":true,"shape":[1,48,128,128]},"kind":"recurrent","layer":54},{"array":{"dtype":"Bfloat16","elements":534528,"f32_bits_le_sha256":"041dc742e35376528d0d4d34adcdd670d55d3c78b23507891209191908292750","finite":true,"shape":[1,4,522,256]},"kind":"key","layer":55},{"array":{"dtype":"Bfloat16","elements":534528,"f32_bits_le_sha256":"8bc1e038d1e14acb606ba7417d17408dd4093b127c5cbdd772c574381af54328","finite":true,"shape":[1,4,522,256]},"kind":"value","layer":55},{"array":{"dtype":"Bfloat16","elements":30720,"f32_bits_le_sha256":"3cf70396fae8691c97c810a22731f639f6e80074ab10826766f7985cc8573409","finite":true,"shape":[1,3,10240]},"kind":"conv","layer":56},{"array":{"dtype":"Float32","elements":786432,"f32_bits_le_sha256":"350d0c2cb060921c695ef7b3a7eea469449f20082d79339a6fffba8094cf7126","finite":true,"shape":[1,48,128,128]},"kind":"recurrent","layer":56},{"array":{"dtype":"Bfloat16","elements":30720,"f32_bits_le_sha256":"1b945ce0b7960cd79a08dead67d52deefd7f1a19c04874655c6f2a204f88f2c5","finite":true,"shape":[1,3,10240]},"kind":"conv","layer":57},{"array":{"dtype":"Float32","elements":786432,"f32_bits_le_sha256":"32fc2690f307304248585b90a42cbf718ea31527028dc41168b4bf5062bcd6e3","finite":true,"shape":[1,48,128,128]},"kind":"recurrent","layer":57},{"array":{"dtype":"Bfloat16","elements":30720,"f32_bits_le_sha256":"56d09effb451d4a31560527f2188f9dfddb71b255928d379ea686b8862c3e476","finite":true,"shape":[1,3,10240]},"kind":"conv","layer":58},{"array":{"dtype":"Float32","elements":786432,"f32_bits_le_sha256":"d52e58e761791f4f47224d9b0d2fe4e3fb5cc370dfe417ad1f2cf5d63929de1e","finite":true,"shape":[1,48,128,128]},"kind":"recurrent","layer":58},{"array":{"dtype":"Bfloat16","elements":534528,"f32_bits_le_sha256":"a29f1e49857ca3f4bc234981f32451dfa43433e47b394552c6315fb0085311a0","finite":true,"shape":[1,4,522,256]},"kind":"key","layer":59},{"array":{"dtype":"Bfloat16","elements":534528,"f32_bits_le_sha256":"4ca9b3427063c290dfc4831c575f00532842ed191638c9c357cc265f15e8a162","finite":true,"shape":[1,4,522,256]},"kind":"value","layer":59},{"array":{"dtype":"Bfloat16","elements":30720,"f32_bits_le_sha256":"6efc9062d336402d0250aa78ae6d273e8e0035d895068ab087373ec9557d9b38","finite":true,"shape":[1,3,10240]},"kind":"conv","layer":60},{"array":{"dtype":"Float32","elements":786432,"f32_bits_le_sha256":"8e1e5690623ff164ed4f11a44750abb010b6ebac269de3d3539e3149f1b7d324","finite":true,"shape":[1,48,128,128]},"kind":"recurrent","layer":60},{"array":{"dtype":"Bfloat16","elements":30720,"f32_bits_le_sha256":"7a2d52e33ab5c0216d53ddf746a2b8444b20500a5f6c041a324f90a79389796e","finite":true,"shape":[1,3,10240]},"kind":"conv","layer":61},{"array":{"dtype":"Float32","elements":786432,"f32_bits_le_sha256":"a2ecdec17a12885c02d16d19099fbfa830559806919f672a2eedc878fb761872","finite":true,"shape":[1,48,128,128]},"kind":"recurrent","layer":61},{"array":{"dtype":"Bfloat16","elements":30720,"f32_bits_le_sha256":"fa4d166b5d4bb8893ebbf01b1c3db956a59b42d966db0a3e3663f50df70d14c5","finite":true,"shape":[1,3,10240]},"kind":"conv","layer":62},{"array":{"dtype":"Float32","elements":786432,"f32_bits_le_sha256":"f33ecf4a23898ef9ff3be00507467a4b69e24f3ea84812db32ae84cd1dc87922","finite":true,"shape":[1,48,128,128]},"kind":"recurrent","layer":62},{"array":{"dtype":"Bfloat16","elements":534528,"f32_bits_le_sha256":"62a54ca7b9d53726fdaef3235271eae4b8f1505f10d76b1a628ea4bf2f232489","finite":true,"shape":[1,4,522,256]},"kind":"key","layer":63},{"array":{"dtype":"Bfloat16","elements":534528,"f32_bits_le_sha256":"c0e6048ff0b0085d532703385ecc1f0f4d5abe4e2f34bde94a606f8ae23c2114","finite":true,"shape":[1,4,522,256]},"kind":"value","layer":63}],"mrope_position_delta":0,"rope_offset":0,"seq_len":522},"unchanged":true}
first_split_probe {"accept_count":2,"event":"valid_window","output_index":116,"position":524,"production_return_replaced":false,"row":2}
first_split_probe {"accept_count":2,"cache_seq_len_after_commit":525,"correction_argmax_token":6397,"event":"emission","generated_count_before":114,"offset":522,"primary_from_skip":null,"result":[1906,314,6397],"tail_token":6397}
