{
  "label": "qwen3-embedding-8b-4bit-dwq",
  "lens": [
    10,
    15,
    13,
    8,
    3,
    8,
    10,
    8,
    10,
    10
  ],
  "warmup": 5,
  "trials": 15,
  "mlx_lm_batched_tok_s": 1448.737570782656,
  "ax_py_batched_tok_s": 1447.653063126641,
  "mlx_lm_trials_ms": [
    64.8308340460062,
    65.7515418715775,
    64.6277500782162,
    65.81016699783504,
    66.04887498542666,
    65.81799988634884,
    64.85616602003574,
    65.95504190772772,
    65.50229201093316,
    66.60800008103251,
    65.79966703429818,
    65.15800021588802,
    64.37391694635153,
    65.50074997358024,
    65.57433307170868
  ],
  "ax_py_trials_ms": [
    65.51025016233325,
    65.75875007547438,
    65.59595791622996,
    65.72183291427791,
    65.39991614408791,
    65.62345800921321,
    67.22479104064405,
    65.6397498678416,
    65.6263749115169,
    65.52387517876923,
    66.08158396556973,
    65.48591703176498,
    65.57833286933601,
    65.68133388645947,
    65.53579191677272
  ]
}
