{
  "label": "qwen3-embedding-4b-4bit",
  "lens": [
    10,
    15,
    13,
    8,
    3,
    8,
    10,
    8,
    10,
    10
  ],
  "warmup": 5,
  "trials": 15,
  "mlx_lm_batched_tok_s": 2336.3959155852313,
  "ax_py_batched_tok_s": 2354.6275312712814,
  "mlx_lm_trials_ms": [
    40.660916827619076,
    41.011916007846594,
    40.31029203906655,
    40.82416696473956,
    40.9278329461813,
    40.246082935482264,
    40.47120804898441,
    40.53950007073581,
    40.50295799970627,
    41.17779200896621,
    40.16487509943545,
    40.70779192261398,
    40.94537510536611,
    40.492541156709194,
    41.69037495739758
  ],
  "ax_py_trials_ms": [
    40.34787509590387,
    40.1385840959847,
    40.10270815342665,
    40.24129081517458,
    40.23458296433091,
    40.177500108256936,
    41.032500099390745,
    40.2640828397125,
    40.346083929762244,
    40.967874927446246,
    40.69699998944998,
    40.70954117923975,
    41.116375010460615,
    40.10166716761887,
    40.462167002260685
  ]
}
