{
  "label": "qwen3-embedding-8b-4bit-dwq",
  "lens": [
    10,
    15,
    13,
    8,
    3,
    8,
    10,
    8,
    10,
    10
  ],
  "trials": 10,
  "sequential_tok_s": 179.59859954264286,
  "concurrent_tok_s": 877.3173617304062,
  "batched_post_tok_s": 1157.879398642877,
  "sequential_trials_ms": [
    536.4633749704808,
    528.0263749882579,
    529.7326669096947,
    527.7459579519928,
    528.9327499922365,
    529.1556660085917,
    528.9819580502808,
    518.9039579126984,
    536.7260000202805,
    528.5352091304958
  ],
  "concurrent_trials_ms": [
    107.12233302183449,
    119.57424995489419,
    108.55320817790926,
    108.94004185684025,
    108.01608394831419,
    108.60454104840755,
    110.32229196280241,
    107.13158408179879,
    104.5225840061903,
    107.8248331323266
  ],
  "batched_trials_ms": [
    81.94562490098178,
    82.31416600756347,
    81.59070811234415,
    81.89133298583329,
    82.3032499756664,
    81.58579096198082,
    82.31754205189645,
    81.8054168485105,
    82.14745786972344,
    82.36208301968873
  ]
}
